,nor_rank
KEGG_GLYCOLYSIS_GLUCONEOGENESIS,0.017099863
KEGG_CITRATE_CYCLE_TCA_CYCLE,0.787961696
KEGG_PENTOSE_PHOSPHATE_PATHWAY,0.027359781
KEGG_PENTOSE_AND_GLUCURO0TE_INTERCONVERSIONS,0.359781122
KEGG_FRUCTOSE_AND_MANNOSE_METABOLISM,0.334473324
KEGG_GALACTOSE_METABOLISM,0.141586867
KEGG_ASCORBATE_AND_ALDARATE_METABOLISM,0.114227086
KEGG_FATTY_ACID_METABOLISM,0.385088919
KEGG_STEROID_BIOSYNTHESIS,0.529411765
KEGG_PRIMARY_BILE_ACID_BIOSYNTHESIS,0.006839945
KEGG_STEROID_HORMONE_BIOSYNTHESIS,0.195622435
KEGG_OXIDATIVE_PHOSPHORYLATION,0.03625171
KEGG_PURINE_METABOLISM,0.692202462
KEGG_PYRIMIDINE_METABOLISM,0.779069767
KEGG_ALANINE_ASPARTATE_AND_GLUTAMATE_METABOLISM,0.466484268
KEGG_GLYCINE_SERINE_AND_THREONINE_METABOLISM,0.29753762
KEGG_CYSTEINE_AND_METHIONINE_METABOLISM,0.759917921
KEGG_VALINE_LEUCINE_AND_ISOLEUCINE_DEGRADATION,0.674418605
KEGG_VALINE_LEUCINE_AND_ISOLEUCINE_BIOSYNTHESIS,0.398084815
KEGG_LYSINE_DEGRADATION,0.804377565
KEGG_ARGININE_AND_PROLINE_METABOLISM,0.509575923
KEGG_HISTIDINE_METABOLISM,0.614227086
KEGG_TYROSINE_METABOLISM,0.764705882
KEGG_PHENYLALANINE_METABOLISM,0.177838577
KEGG_TRYPTOPHAN_METABOLISM,0.388508892
KEGG_BETA_ALANINE_METABOLISM,0.133378933
KEGG_TAURINE_AND_HYPOTAURINE_METABOLISM,0.002735978
KEGG_SELENOAMINO_ACID_METABOLISM,0.655266758
KEGG_GLUTATHIONE_METABOLISM,0.268125855
KEGG_STARCH_AND_SUCROSE_METABOLISM,0.218194254
KEGG_N_GLYCAN_BIOSYNTHESIS,0.582763338
KEGG_OTHER_GLYCAN_DEGRADATION,0.151846785
KEGG_O_GLYCAN_BIOSYNTHESIS,0.397400821
KEGG_AMINO_SUGAR_AND_NUCLEOTIDE_SUGAR_METABOLISM,0.545143639
KEGG_GLYCOSAMINOGLYCAN_DEGRADATION,0.074555404
KEGG_GLYCOSAMINOGLYCAN_BIOSYNTHESIS_CHONDROITIN_SULFATE,0.010259918
KEGG_GLYCOSAMINOGLYCAN_BIOSYNTHESIS_KERATAN_SULFATE,0.04377565
KEGG_GLYCOSAMINOGLYCAN_BIOSYNTHESIS_HEPARAN_SULFATE,0.010943912
KEGG_GLYCEROLIPID_METABOLISM,0.748290014
KEGG_INOSITOL_PHOSPHATE_METABOLISM,0.690150479
KEGG_GLYCOSYLPHOSPHATIDYLINOSITOL_GPI_ANCHOR_BIOSYNTHESIS,0.481532148
KEGG_GLYCEROPHOSPHOLIPID_METABOLISM,0.794117647
KEGG_ETHER_LIPID_METABOLISM,0.153214774
KEGG_ARACHIDONIC_ACID_METABOLISM,0.073187415
KEGG_LINOLEIC_ACID_METABOLISM,0.073187415
KEGG_ALPHA_LINOLENIC_ACID_METABOLISM,0.006155951
KEGG_SPHINGOLIPID_METABOLISM,0.743502052
KEGG_GLYCOSPHINGOLIPID_BIOSYNTHESIS_LACTO_AND_NEOLACTO_SERIES,0.078659371
KEGG_GLYCOSPHINGOLIPID_BIOSYNTHESIS_GLOBO_SERIES,0.058823529
KEGG_GLYCOSPHINGOLIPID_BIOSYNTHESIS_GANGLIO_SERIES,0.056087551
KEGG_PYRUVATE_METABOLISM,0.851573187
KEGG_GLYOXYLATE_AND_DICARBOXYLATE_METABOLISM,0.336525308
KEGG_PROPANOATE_METABOLISM,0.796169631
KEGG_BUTANOATE_METABOLISM,0.248290014
KEGG_ONE_CARBON_POOL_BY_FOLATE,0.182626539
KEGG_RIBOFLAVIN_METABOLISM,0.505471956
KEGG_NICOTI0TE_AND_NICOTI0MIDE_METABOLISM,0.387140903
KEGG_PANTOTHE0TE_AND_COA_BIOSYNTHESIS,0.02872777
KEGG_FOLATE_BIOSYNTHESIS,0.049931601
KEGG_RETINOL_METABOLISM,0.54377565
KEGG_PORPHYRIN_AND_CHLOROPHYLL_METABOLISM,0.603283174
KEGG_TERPENOID_BACKBONE_BIOSYNTHESIS,0.676470588
KEGG_LIMONENE_AND_PINENE_DEGRADATION,0.179890561
KEGG_NITROGEN_METABOLISM,0.229822161
KEGG_SULFUR_METABOLISM,0.011627907
KEGG_AMINOACYL_TR0_BIOSYNTHESIS,0.792749658
KEGG_METABOLISM_OF_XENOBIOTICS_BY_CYTOCHROME_P450,0.831053352
KEGG_DRUG_METABOLISM_CYTOCHROME_P450,0.833105335
KEGG_DRUG_METABOLISM_OTHER_ENZYMES,0.651162791
KEGG_BIOSYNTHESIS_OF_UNSATURATED_FATTY_ACIDS,0.226402189
KEGG_ABC_TRANSPORTERS,0.028043776
KEGG_RIBOSOME,0.718878249
KEGG_R0_DEGRADATION,0.755129959
KEGG_R0_POLYMERASE,0.619699042
KEGG_BASAL_TRANSCRIPTION_FACTORS,0.504103967
KEGG_D0_REPLICATION,0.414500684
KEGG_SPLICEOSOME,0.249658003
KEGG_PROTEASOME,0.249658003
KEGG_PROTEIN_EXPORT,0.251709986
KEGG_PPAR_SIG0LING_PATHWAY,0.424076607
KEGG_BASE_EXCISION_REPAIR,0.580711354
KEGG_NUCLEOTIDE_EXCISION_REPAIR,0.641586867
KEGG_MISMATCH_REPAIR,0.250341997
KEGG_HOMOLOGOUS_RECOMBI0TION,0.402188782
KEGG_NON_HOMOLOGOUS_END_JOINING,0.160738714
KEGG_MAPK_SIG0LING_PATHWAY,0.340629275
KEGG_ERBB_SIG0LING_PATHWAY,0.833105335
KEGG_CALCIUM_SIG0LING_PATHWAY,0.218194254
KEGG_CYTOKINE_CYTOKINE_RECEPTOR_INTERACTION,0.818057456
KEGG_CHEMOKINE_SIG0LING_PATHWAY,0.768125855
KEGG_PHOSPHATIDYLINOSITOL_SIG0LING_SYSTEM,0.685362517
KEGG_NEUROACTIVE_LIGAND_RECEPTOR_INTERACTION,0.729138167
KEGG_CELL_CYCLE,0.402872777
KEGG_OOCYTE_MEIOSIS,0.1374829
KEGG_P53_SIG0LING_PATHWAY,0.843365253
KEGG_UBIQUITIN_MEDIATED_PROTEOLYSIS,0.164158687
KEGG_S0RE_INTERACTIONS_IN_VESICULAR_TRANSPORT,0.812585499
KEGG_REGULATION_OF_AUTOPHAGY,0.025307798
KEGG_LYSOSOME,0.002051984
KEGG_ENDOCYTOSIS,0.280437756
KEGG_PEROXISOME,0.853625171
KEGG_MTOR_SIG0LING_PATHWAY,0.142954856
KEGG_APOPTOSIS,0.569083447
KEGG_CARDIAC_MUSCLE_CONTRACTION,0.050615595
KEGG_VASCULAR_SMOOTH_MUSCLE_CONTRACTION,0.411080711
KEGG_WNT_SIG0LING_PATHWAY,0.849521204
KEGG_DORSO_VENTRAL_AXIS_FORMATION,0.387824897
KEGG_NOTCH_SIG0LING_PATHWAY,0.790697674
KEGG_HEDGEHOG_SIG0LING_PATHWAY,0.147742818
KEGG_TGF_BETA_SIG0LING_PATHWAY,0.801641587
KEGG_AXON_GUIDANCE,0.777017784
KEGG_VEGF_SIG0LING_PATHWAY,0.829001368
KEGG_FOCAL_ADHESION,0.116963064
KEGG_ECM_RECEPTOR_INTERACTION,0.532831737
KEGG_CELL_ADHESION_MOLECULES_CAMS,0.119699042
KEGG_ADHERENS_JUNCTION,0.228454172
KEGG_TIGHT_JUNCTION,0.112175103
KEGG_GAP_JUNCTION,0.18878249
KEGG_COMPLEMENT_AND_COAGULATION_CASCADES,0.506155951
KEGG_ANTIGEN_PROCESSING_AND_PRESENTATION,0.1374829
KEGG_RENIN_ANGIOTENSIN_SYSTEM,0.098495212
KEGG_TOLL_LIKE_RECEPTOR_SIG0LING_PATHWAY,0.839261286
KEGG_NOD_LIKE_RECEPTOR_SIG0LING_PATHWAY,0.833105335
KEGG_RIG_I_LIKE_RECEPTOR_SIG0LING_PATHWAY,0.738030096
KEGG_CYTOSOLIC_D0_SENSING_PATHWAY,0.816005472
KEGG_JAK_STAT_SIG0LING_PATHWAY,0.844733242
KEGG_HEMATOPOIETIC_CELL_LINEAGE,0.730506156
KEGG_0TURAL_KILLER_CELL_MEDIATED_CYTOTOXICITY,0.784541724
KEGG_T_CELL_RECEPTOR_SIG0LING_PATHWAY,0.761969904
KEGG_B_CELL_RECEPTOR_SIG0LING_PATHWAY,0.833105335
KEGG_FC_EPSILON_RI_SIG0LING_PATHWAY,0.798221614
KEGG_FC_GAMMA_R_MEDIATED_PHAGOCYTOSIS,0.654582763
KEGG_LEUKOCYTE_TRANSENDOTHELIAL_MIGRATION,0.071819425
KEGG_INTESTI0L_IMMUNE_NETWORK_FOR_IGA_PRODUCTION,0.23871409
KEGG_CIRCADIAN_RHYTHM_MAMMAL,0.05129959
KEGG_LONG_TERM_POTENTIATION,0.849521204
KEGG_NEUROTROPHIN_SIG0LING_PATHWAY,0.54377565
KEGG_LONG_TERM_DEPRESSION,0.239398085
KEGG_OLFACTORY_TRANSDUCTION,0.599179207
KEGG_TASTE_TRANSDUCTION,0.027359781
KEGG_REGULATION_OF_ACTIN_CYTOSKELETON,0.008207934
KEGG_INSULIN_SIG0LING_PATHWAY,0.411764706
KEGG_GNRH_SIG0LING_PATHWAY,0.46374829
KEGG_PROGESTERONE_MEDIATED_OOCYTE_MATURATION,0.299589603
KEGG_MELANOGENESIS,0.242134063
KEGG_ADIPOCYTOKINE_SIG0LING_PATHWAY,0.79001368
KEGG_TYPE_II_DIABETES_MELLITUS,0
KEGG_TYPE_I_DIABETES_MELLITUS,0.002051984
KEGG_MATURITY_ONSET_DIABETES_OF_THE_YOUNG,0.038987688
KEGG_ALDOSTERONE_REGULATED_SODIUM_REABSORPTION,0.013679891
KEGG_VASOPRESSIN_REGULATED_WATER_REABSORPTION,0.107387141
KEGG_PROXIMAL_TUBULE_BICARBO0TE_RECLAMATION,0.277701778
KEGG_ALZHEIMERS_DISEASE,0.073187415
KEGG_PARKINSONS_DISEASE,0.075923393
KEGG_AMYOTROPHIC_LATERAL_SCLEROSIS_ALS,0.818057456
KEGG_HUNTINGTONS_DISEASE,0.070451436
KEGG_PRION_DISEASES,0.792065663
KEGG_VIBRIO_CHOLERAE_INFECTION,0.00752394
KEGG_EPITHELIAL_CELL_SIG0LING_IN_HELICOBACTER_PYLORI_INFECTION,0.060875513
KEGG_PATHOGENIC_ESCHERICHIA_COLI_INFECTION,0.503419973
KEGG_LEISHMANIA_INFECTION,0.844049248
KEGG_PATHWAYS_IN_CANCER,0.740082079
KEGG_COLORECTAL_CANCER,0.833105335
KEGG_RE0L_CELL_CARCINOMA,0.832421341
KEGG_PANCREATIC_CANCER,0.771545828
KEGG_ENDOMETRIAL_CANCER,0.69630643
KEGG_GLIOMA,0.844049248
KEGG_PROSTATE_CANCER,0.050615595
KEGG_THYROID_CANCER,0.75376197
KEGG_BASAL_CELL_CARCINOMA,0.302325581
KEGG_MELANOMA,0.815321477
KEGG_BLADDER_CANCER,0.798905609
KEGG_CHRONIC_MYELOID_LEUKEMIA,0.815321477
KEGG_ACUTE_MYELOID_LEUKEMIA,0.798221614
KEGG_SMALL_CELL_LUNG_CANCER,0.80506156
KEGG_NON_SMALL_CELL_LUNG_CANCER,0.80369357
KEGG_ASTHMA,0.576607387
KEGG_AUTOIMMUNE_THYROID_DISEASE,0.074555404
KEGG_SYSTEMIC_LUPUS_ERYTHEMATOSUS,0.849521204
KEGG_ALLOGRAFT_REJECTION,0.074555404
KEGG_GRAFT_VERSUS_HOST_DISEASE,0.060191518
KEGG_PRIMARY_IMMUNODEFICIENCY,0.164158687
KEGG_HYPERTROPHIC_CARDIOMYOPATHY_HCM,0.494528044
KEGG_ARRHYTHMOGENIC_RIGHT_VENTRICULAR_CARDIOMYOPATHY_ARVC,0.214090287
KEGG_DILATED_CARDIOMYOPATHY,0.088919289
KEGG_VIRAL_MYOCARDITIS,0.009575923
BIOCARTA_RELA_PATHWAY,0.071819425
BIOCARTA_NO1_PATHWAY,0.649110807
BIOCARTA_CSK_PATHWAY,0.082763338
BIOCARTA_SRCRPTP_PATHWAY,0.026675787
BIOCARTA_AMI_PATHWAY,0.329001368
BIOCARTA_GRANULOCYTES_PATHWAY,1
BIOCARTA_LYM_PATHWAY,0.372777018
BIOCARTA_ARAP_PATHWAY,0.032147743
BIOCARTA_AGR_PATHWAY,0.567715458
BIOCARTA_AKAP95_PATHWAY,0.51504788
BIOCARTA_AKT_PATHWAY,0.676470588
BIOCARTA_ALK_PATHWAY,0.640218878
BIOCARTA_AT1R_PATHWAY,0.848153215
BIOCARTA_ACE2_PATHWAY,0.175786594
BIOCARTA_ASBCELL_PATHWAY,0.234610123
BIOCARTA_D0FRAGMENT_PATHWAY,0.703146375
BIOCARTA_CHEMICAL_PATHWAY,0.807797538
BIOCARTA_SPPA_PATHWAY,0.446648427
BIOCARTA_ATM_PATHWAY,0.764021888
BIOCARTA_AGPCR_PATHWAY,0.056771546
BIOCARTA_BCELLSURVIVAL_PATHWAY,0.560875513
BIOCARTA_BLYMPHOCYTE_PATHWAY,0.484268126
BIOCARTA_BCR_PATHWAY,0.837209302
BIOCARTA_BIOPEPTIDES_PATHWAY,0.710670315
BIOCARTA_NEUROTRANSMITTERS_PATHWAY,1
BIOCARTA_RANKL_PATHWAY,0.367305062
BIOCARTA_CACAM_PATHWAY,0.318057456
BIOCARTA_CDMAC_PATHWAY,0.387824897
BIOCARTA_CARM_ER_PATHWAY,0.554035568
BIOCARTA_CASPASE_PATHWAY,0.816689466
BIOCARTA_CBL_PATHWAY,0.079343365
BIOCARTA_CCR3_PATHWAY,0.058823529
BIOCARTA_CD40_PATHWAY,0.132694938
BIOCARTA_MCM_PATHWAY,0.196990424
BIOCARTA_G1_PATHWAY,0.755129959
BIOCARTA_G2_PATHWAY,0.759917921
BIOCARTA_CELL2CELL_PATHWAY,0.159370725
BIOCARTA_LAIR_PATHWAY,0.301641587
BIOCARTA_CERAMIDE_PATHWAY,0.536935705
BIOCARTA_TID_PATHWAY,0.691518468
BIOCARTA_CLASSIC_PATHWAY,0.350889193
BIOCARTA_COMP_PATHWAY,0.361149111
BIOCARTA_VDR_PATHWAY,0.392612859
BIOCARTA_HDAC_PATHWAY,0.045143639
BIOCARTA_GCR_PATHWAY,0.110807114
BIOCARTA_CTCF_PATHWAY,0.692202462
BIOCARTA_CTL_PATHWAY,0.598495212
BIOCARTA_CXCR4_PATHWAY,0.625854993
BIOCARTA_CELLCYCLE_PATHWAY,0.62995896
BIOCARTA_CFTR_PATHWAY,0.032831737
BIOCARTA_CYTOKINE_PATHWAY,1
BIOCARTA_INFLAM_PATHWAY,0.39124487
BIOCARTA_D4GDI_PATHWAY,0.466484268
BIOCARTA_DC_PATHWAY,0.154582763
BIOCARTA_P35ALZHEIMERS_PATHWAY,0.031463748
BIOCARTA_R0_PATHWAY,0.545827633
BIOCARTA_MTA3_PATHWAY,0.088919289
BIOCARTA_SKP2E2F_PATHWAY,0.150478796
BIOCARTA_CALCINEURIN_PATHWAY,0.788645691
BIOCARTA_EGF_PATHWAY,0.783857729
BIOCARTA_ETC_PATHWAY,0.623119015
BIOCARTA_NDKDY0MIN_PATHWAY,0.666894665
BIOCARTA_EPHA4_PATHWAY,0.068399453
BIOCARTA_EPO_PATHWAY,0.443912449
BIOCARTA_ECM_PATHWAY,0.188098495
BIOCARTA_ERK_PATHWAY,0.075239398
BIOCARTA_ERYTH_PATHWAY,1
BIOCARTA_EPONFKB_PATHWAY,0.220930233
BIOCARTA_EIF_PATHWAY,0.102599179
BIOCARTA_EXTRINSIC_PATHWAY,0.155266758
BIOCARTA_FAS_PATHWAY,0.831737346
BIOCARTA_FCER1_PATHWAY,0.843365253
BIOCARTA_FEEDER_PATHWAY,0.075239398
BIOCARTA_FIBRINOLYSIS_PATHWAY,1
BIOCARTA_FMLP_PATHWAY,0.817373461
BIOCARTA_FREE_PATHWAY,0.077975376
BIOCARTA_GABA_PATHWAY,0.001367989
BIOCARTA_GATA3_PATHWAY,0.173050616
BIOCARTA_GLYCOLYSIS_PATHWAY,0.030779754
BIOCARTA_SET_PATHWAY,0.473324213
BIOCARTA_GH_PATHWAY,0.019835841
BIOCARTA_AHSP_PATHWAY,0.117647059
BIOCARTA_TCAPOPTOSIS_PATHWAY,1
BIOCARTA_HIVNEF_PATHWAY,0.379616963
BIOCARTA_SALMONELLA_PATHWAY,0.29753762
BIOCARTA_MPR_PATHWAY,0.079343365
BIOCARTA_HCMV_PATHWAY,0.230506156
BIOCARTA_P53HYPOXIA_PATHWAY,0.784541724
BIOCARTA_HIF_PATHWAY,0.298905609
BIOCARTA_IGF1_PATHWAY,0.651846785
BIOCARTA_IL17_PATHWAY,1
BIOCARTA_IL2_PATHWAY,0.533515732
BIOCARTA_IL3_PATHWAY,0.034199726
BIOCARTA_IL4_PATHWAY,0.053351573
BIOCARTA_IL5_PATHWAY,1
BIOCARTA_IL6_PATHWAY,0.664158687
BIOCARTA_IL10_PATHWAY,0.298905609
BIOCARTA_IL12_PATHWAY,0.101915185
BIOCARTA_IL2RB_PATHWAY,0.838577291
BIOCARTA_IL22BP_PATHWAY,0.085499316
BIOCARTA_IL7_PATHWAY,0.043091655
BIOCARTA_GSK3_PATHWAY,0.690834473
BIOCARTA_DEATH_PATHWAY,0.74623803
BIOCARTA_RACCYCD_PATHWAY,0.699042408
BIOCARTA_GLEEVEC_PATHWAY,0.548563611
BIOCARTA_INSULIN_PATHWAY,0.024623803
BIOCARTA_INTEGRIN_PATHWAY,0.720930233
BIOCARTA_INTRINSIC_PATHWAY,0.356361149
BIOCARTA_KERATINOCYTE_PATHWAY,0.838577291
BIOCARTA_TCRA_PATHWAY,1
BIOCARTA_LECTIN_PATHWAY,0.061559508
BIOCARTA_PYK2_PATHWAY,0.846101231
BIOCARTA_EGFR_SMRTE_PATHWAY,0.005471956
BIOCARTA_MAPK_PATHWAY,0.588235294
BIOCARTA_MCALPAIN_PATHWAY,0.206566347
BIOCARTA_PPARA_PATHWAY,0.030779754
BIOCARTA_ETS_PATHWAY,0.153214774
BIOCARTA_MONOCYTE_PATHWAY,0.265389877
BIOCARTA_MTOR_PATHWAY,0.651846785
BIOCARTA_IGF1R_PATHWAY,0.698358413
BIOCARTA_PITX2_PATHWAY,0.084131327
BIOCARTA_NGF_PATHWAY,0.367989056
BIOCARTA_VIP_PATHWAY,0.837893297
BIOCARTA_NFAT_PATHWAY,0.817373461
BIOCARTA_NTHI_PATHWAY,0.718878249
BIOCARTA_NFKB_PATHWAY,0.113543092
BIOCARTA_NOS1_PATHWAY,0.806429549
BIOCARTA_NO2IL12_PATHWAY,0.156634747
BIOCARTA_RARRXR_PATHWAY,0.100547196
BIOCARTA_NUCLEARRS_PATHWAY,0.032831737
BIOCARTA_ARENRF2_PATHWAY,0.262653899
BIOCARTA_P38MAPK_PATHWAY,0.65253078
BIOCARTA_P53_PATHWAY,0.70998632
BIOCARTA_PDGF_PATHWAY,0.820109439
BIOCARTA_CCR5_PATHWAY,0.689466484
BIOCARTA_PTDINS_PATHWAY,0.105335157
BIOCARTA_PLCE_PATHWAY,0.040355677
BIOCARTA_EDG1_PATHWAY,0.760601915
BIOCARTA_CDK5_PATHWAY,0.113543092
BIOCARTA_MYOSIN_PATHWAY,0.636114911
BIOCARTA_PLATELETAPP_PATHWAY,0.400136799
BIOCARTA_PS1_PATHWAY,0.183310534
BIOCARTA_PROTEASOME_PATHWAY,0.142270862
BIOCARTA_AKAPCENTROSOME_PATHWAY,0.759233926
BIOCARTA_PTEN_PATHWAY,0.699726402
BIOCARTA_RAB_PATHWAY,0.379616963
BIOCARTA_RAC1_PATHWAY,0.216826265
BIOCARTA_RAS_PATHWAY,0.388508892
BIOCARTA_NKCELLS_PATHWAY,0.277017784
BIOCARTA_RB_PATHWAY,0.28248974
BIOCARTA_CHREBP2_PATHWAY,0.794801642
BIOCARTA_BAD_PATHWAY,0.722982216
BIOCARTA_CK1_PATHWAY,0.630642955
BIOCARTA_EIF2_PATHWAY,0.728454172
BIOCARTA_EIF4_PATHWAY,0.817373461
BIOCARTA_STEM_PATHWAY,1
BIOCARTA_P27_PATHWAY,0.494528044
BIOCARTA_PGC1A_PATHWAY,0.619015048
BIOCARTA_PML_PATHWAY,0.278385773
BIOCARTA_DREAM_PATHWAY,0.313269494
BIOCARTA_LEPTIN_PATHWAY,0.009575923
BIOCARTA_RHO_PATHWAY,0.10123119
BIOCARTA_AKAP13_PATHWAY,0.196990424
BIOCARTA_ATRBRCA_PATHWAY,0.348837209
BIOCARTA_CARDIACEGF_PATHWAY,0.439124487
BIOCARTA_HER2_PATHWAY,0.318057456
BIOCARTA_ERK5_PATHWAY,0.095075239
BIOCARTA_MAL_PATHWAY,0.670998632
BIOCARTA_MEF2D_PATHWAY,0.71751026
BIOCARTA_MITOCHONDRIA_PATHWAY,0.747606019
BIOCARTA_ACH_PATHWAY,0.069767442
BIOCARTA_PARKIN_PATHWAY,0.349521204
BIOCARTA_CDC42RAC_PATHWAY,0.335157319
BIOCARTA_RANMS_PATHWAY,0.153898769
BIOCARTA_BARR_MAPK_PATHWAY,0.047195622
BIOCARTA_TOB1_PATHWAY,0.058823529
BIOCARTA_BARRESTIN_SRC_PATHWAY,0.060875513
BIOCARTA_NKT_PATHWAY,0.259233926
BIOCARTA_IL1R_PATHWAY,0.336525308
BIOCARTA_MET_PATHWAY,0.840629275
BIOCARTA_GPCR_PATHWAY,0.355677155
BIOCARTA_IGF1MTOR_PATHWAY,0.632010944
BIOCARTA_SODD_PATHWAY,0.022571819
BIOCARTA_SHH_PATHWAY,0.08002736
BIOCARTA_PTC1_PATHWAY,0.260601915
BIOCARTA_SPRY_PATHWAY,0.070451436
BIOCARTA_BARRESTIN_PATHWAY,0.016415869
BIOCARTA_STATHMIN_PATHWAY,0.10875513
BIOCARTA_HSP27_PATHWAY,0.482216142
BIOCARTA_TCR_PATHWAY,0.848153215
BIOCARTA_TCYTOTOXIC_PATHWAY,1
BIOCARTA_THELPER_PATHWAY,1
BIOCARTA_TALL1_PATHWAY,0.032147743
BIOCARTA_TEL_PATHWAY,0.759917921
BIOCARTA_TGFB_PATHWAY,0.473324213
BIOCARTA_TH1TH2_PATHWAY,0.41997264
BIOCARTA_41BB_PATHWAY,0.194254446
BIOCARTA_KREB_PATHWAY,0.583447332
BIOCARTA_CTLA4_PATHWAY,0.304377565
BIOCARTA_LONGEVITY_PATHWAY,0.233926129
BIOCARTA_SARS_PATHWAY,0.441176471
BIOCARTA_PAR1_PATHWAY,0.785225718
BIOCARTA_STRESS_PATHWAY,0.758549932
BIOCARTA_TNFR1_PATHWAY,0.820793434
BIOCARTA_TNFR2_PATHWAY,0.435704514
BIOCARTA_TOLL_PATHWAY,0.735978112
BIOCARTA_TPO_PATHWAY,0.612859097
BIOCARTA_CREB_PATHWAY,0.223666211
BIOCARTA_CARM1_PATHWAY,0.281121751
BIOCARTA_TFF_PATHWAY,0.365937073
BIOCARTA_TRKA_PATHWAY,0.025991792
BIOCARTA_ARF_PATHWAY,0.285909713
BIOCARTA_UCALPAIN_PATHWAY,0.047879617
BIOCARTA_VEGF_PATHWAY,0.813953488
BIOCARTA_VITCB_PATHWAY,0.082763338
BIOCARTA_WNT_PATHWAY,0.604651163
BIOCARTA_ACTINY_PATHWAY,0.453488372
ST_INTERFERON_GAMMA_PATHWAY,0.062927497
ST_WNT_CA2_CYCLIC_GMP_PATHWAY,0.012311902
ST_DIFFERENTIATION_PATHWAY_IN_PC12_CELLS,0.804377565
ST_TUMOR_NECROSIS_FACTOR_PATHWAY,0.793433653
SA_B_CELL_RECEPTOR_COMPLEXES,0.680574555
ST_ERK1_ERK2_MAPK_PATHWAY,0.813269494
SIG_CD40PATHWAYMAP,0.727086183
SIG_PIP3_SIG0LING_IN_CARDIAC_MYOCTES,0.733926129
SA_CASPASE_CASCADE,0.138166895
ST_GA12_PATHWAY,0.088919289
ST_G_ALPHA_S_PATHWAY,0.307797538
ST_G_ALPHA_I_PATHWAY,0.447332421
SIG_CHEMOTAXIS,0.595075239
ST_IL_13_PATHWAY,0.008891929
ST_P38_MAPK_PATHWAY,0.614227086
SIG_IL4RECEPTOR_IN_B_LYPHOCYTES,0.686046512
WNT_SIG0LING,0.119015048
ST_JAK_STAT_PATHWAY,0.018467852
SIG_REGULATION_OF_THE_ACTIN_CYTOSKELETON_BY_RHO_GTPASES,0.074555404
ST_GRANULE_CELL_SURVIVAL_PATHWAY,0.825581395
ST_ADRENERGIC,0.606703146
ST_INTEGRIN_SIG0LING_PATHWAY,0.844049248
ST_GAQ_PATHWAY,0.135430917
ST_GA13_PATHWAY,0.712038304
ST_STAT3_PATHWAY,0.017783858
SA_FAS_SIG0LING,0.251709986
SA_G1_AND_S_PHASES,0.014363885
SIG_INSULIN_RECEPTOR_PATHWAY_IN_CARDIAC_MYOCYTES,0.835157319
ST_T_CELL_SIG0L_TRANSDUCTION,0.831053352
ST_TYPE_I_INTERFERON_PATHWAY,0.017099863
ST_PAC1_RECEPTOR_PATHWAY,0.010943912
SIG_PIP3_SIG0LING_IN_B_LYMPHOCYTES,0.733242134
SIG_BCR_SIG0LING_PATHWAY,0.806429549
SA_G2_AND_M_PHASES,0.088235294
ST_B_CELL_ANTIGEN_RECEPTOR,0.809165527
ST_INTERLEUKIN_4_PATHWAY,0.662790698
ST_WNT_BETA_CATENIN_PATHWAY,0.754445964
SA_MMP_CYTOKINE_CONNECTION,0.133378933
ST_JNK_MAPK_PATHWAY,0.568399453
SA_PROGRAMMED_CELL_DEATH,0.060875513
ST_FAS_SIG0LING_PATHWAY,0.848837209
ST_MYOCYTE_AD_PATHWAY,0.670998632
SA_PTEN_PATHWAY,0.55129959
SA_REG_CASCADE_OF_CYCLIN_EXPR,0.02872777
SA_TRKA_RECEPTOR,0.23119015
ST_PHOSPHOINOSITIDE_3_KI0SE_PATHWAY,0.680574555
PID_FANCONI_PATHWAY,0.373461012
PID_SMAD2_3NUCLEAR_PATHWAY,0.826949384
PID_FCER1_PATHWAY,0.844733242
PID_ENDOTHELIN_PATHWAY,0.705882353
PID_BCR_5PATHWAY,0.537619699
PID_PRL_SIG0LING_EVENTS_PATHWAY,0.389876881
PID_RHOA_PATHWAY,0.824213406
PID_ERBB4_PATHWAY,0.68125855
PID_AURORA_B_PATHWAY,0.450752394
PID_LYSOPHOSPHOLIPID_PATHWAY,0.509575923
PID_INSULIN_PATHWAY,0.162790698
PID_NOTCH_PATHWAY,0.324213406
PID_INTEGRIN1_PATHWAY,0.298221614
PID_P73PATHWAY,0.320109439
PID_P38_MKK3_6PATHWAY,0.811901505
PID_GMCSF_PATHWAY,0.838577291
PID_WNT_NONCANONICAL_PATHWAY,0.760601915
PID_NFKAPPAB_ATYPICAL_PATHWAY,0.280437756
PID_IL4_2PATHWAY,0.690834473
PID_HDAC_CLASSII_PATHWAY,0.803009576
PID_BETA_CATENIN_DEG_PATHWAY,0.464432285
PID_HDAC_CLASSIII_PATHWAY,0.799589603
PID_GLYPICAN_1PATHWAY,0.134062927
PID_TCR_PATHWAY,0.409028728
PID_IL27_PATHWAY,0.269493844
PID_NFKAPPAB_CANONICAL_PATHWAY,0.487004104
PID_E2F_PATHWAY,0.749658003
PID_ER_NONGENOMIC_PATHWAY,0.7250342
PID_D0_PK_PATHWAY,0.612175103
PID_HIF2PATHWAY,0.628590971
PID_CD40_PATHWAY,0.729822161
PID_ATR_PATHWAY,0.799589603
PID_INTEGRIN_CS_PATHWAY,0.121751026
PID_MET_PATHWAY,0.834473324
PID_PTP1B_PATHWAY,0.041039672
PID_INTEGRIN3_PATHWAY,0.610807114
PID_IL12_2PATHWAY,0.52120383
PID_S1P_S1P3_PATHWAY,0.502051984
PID_LPA4_PATHWAY,0.010943912
PID_AR_PATHWAY,0.613543092
PID_NFAT_TFPATHWAY,0.742134063
PID_EPHB_FWD_PATHWAY,0.832421341
PID_AVB3_OPN_PATHWAY,0.277701778
PID_S1P_S1P4_PATHWAY,0.291381669
PID_FRA_PATHWAY,0.215458276
PID_MYC_ACTIV_PATHWAY,0.241450068
PID_ARF6_TRAFFICKING_PATHWAY,0.040355677
PID_RHOA_REG_PATHWAY,0.824213406
PID_REELIN_PATHWAY,0.707934337
PID_PS1_PATHWAY,0.627906977
PID_ILK_PATHWAY,0.681942544
PID_NECTIN_PATHWAY,0.545827633
PID_P38_ALPHA_BETA_PATHWAY,0.82626539
PID_WNT_SIG0LING_PATHWAY,0.077975376
PID_TRAIL_PATHWAY,0.258549932
PID_CDC42_PATHWAY,0.532147743
PID_RET_PATHWAY,0.808481532
PID_CDC42_REG_PATHWAY,0.74623803
PID_ATM_PATHWAY,0.431600547
PID_ARF6_PATHWAY,0.657318741
PID_LKB1_PATHWAY,0.73255814
PID_CD8_TCR_PATHWAY,0.829685363
PID_WNT_CANONICAL_PATHWAY,0.381668947
PID_TCPTP_PATHWAY,0.080711354
PID_ANGIOPOIETIN_RECEPTOR_PATHWAY,0.81121751
PID_FAS_PATHWAY,0.764705882
PID_CIRCADIAN_PATHWAY,0.220246238
PID_TXA2PATHWAY,0.642270862
PID_SHP2_PATHWAY,0.836525308
PID_HDAC_CLASSI_PATHWAY,0.838577291
PID_S1P_S1P1_PATHWAY,0.383036936
PID_TELOMERASE_PATHWAY,0.691518468
PID_HNF3B_PATHWAY,0.013679891
PID_NETRIN_PATHWAY,0.662790698
PID_IL1_PATHWAY,0.571135431
PID_NFAT_3PATHWAY,0.73119015
PID_REG_GR_PATHWAY,0.850205198
PID_CONE_PATHWAY,0
PID_INTEGRIN_A9B1_PATHWAY,0.319425445
PID_ERB_GENOMIC_PATHWAY,0.552667579
PID_ARF6_DOWNSTREAM_PATHWAY,0.063611491
PID_MTOR_4PATHWAY,0.266757866
PID_IL2_1PATHWAY,0.845417237
PID_CXCR4_PATHWAY,0.050615595
PID_IGF1_PATHWAY,0.701094391
PID_ERBB1_RECEPTOR_PROXIMAL_PATHWAY,0.574555404
PID_TNF_PATHWAY,0.714774282
PID_PLK1_PATHWAY,0.79753762
PID_TCR_RAS_PATHWAY,0.19493844
PID_IL5_PATHWAY,0.156634747
PID_FOXO_PATHWAY,0.755813953
PID_VEGF_VEGFR_PATHWAY,0.222298222
PID_THROMBIN_PAR4_PATHWAY,0.130642955
PID_MYC_PATHWAY,0.512995896
PID_RANBP2_PATHWAY,0.485636115
PID_PI3KCI_PATHWAY,0.624487004
PID_AJDISS_2PATHWAY,0.612859097
PID_IL2_PI3K_PATHWAY,0.814637483
PID_CERAMIDE_PATHWAY,0.832421341
PID_P53_DOWNSTREAM_PATHWAY,0.783173735
PID_AR_TF_PATHWAY,0.844049248
PID_P75_NTR_PATHWAY,0.078659371
PID_S1P_META_PATHWAY,0.410396717
PID_ECADHERIN_0SCENT_AJ_PATHWAY,0.538987688
PID_INTEGRIN4_PATHWAY,0.127222982
PID_AMB2_NEUTROPHILS_PATHWAY,0.812585499
PID_AVB3_INTEGRIN_PATHWAY,0.437072503
PID_IFNG_PATHWAY,0.79753762
PID_RXR_VDR_PATHWAY,0.120383037
PID_LIS1_PATHWAY,0.181942544
PID_ERBB1_DOWNSTREAM_PATHWAY,0.378248974
PID_SYNDECAN_4_PATHWAY,0.325581395
PID_ATF2_PATHWAY,0.065663475
PID_AP1_PATHWAY,0.264705882
PID_INTEGRIN2_PATHWAY,0.504787962
PID_UPA_UPAR_PATHWAY,0.573871409
PID_ERBB2_ERBB3_PATHWAY,0.813269494
PID_FOXM1_PATHWAY,0.779753762
PID_EPHA_FWDPATHWAY,0.703830369
PID_HIF1A_PATHWAY,0.242818057
PID_BMP_PATHWAY,0.43502052
PID_IL3_PATHWAY,0.657318741
PID_IL6_7_PATHWAY,0.244186047
PID_ECADHERIN_KERATINOCYTE_PATHWAY,0.296853625
PID_ALK1_PATHWAY,0.798905609
PID_PDGFRB_PATHWAY,0.525307798
PID_TRKR_PATHWAY,0.234610123
PID_TCR_JNK_PATHWAY,0.091655267
PID_NEPHRIN_NEPH1_PATHWAY,0.792065663
PID_CMYB_PATHWAY,0.621751026
PID_IL23_PATHWAY,0.294117647
PID_HIV_NEF_PATHWAY,0.631326949
PID_SYNDECAN_1_PATHWAY,0.158686731
PID_P38_MK2_PATHWAY,0.759917921
PID_ERA_GENOMIC_PATHWAY,0.360465116
PID_ERBB_NETWORK_PATHWAY,0.243502052
PID_ALK2_PATHWAY,0.030779754
PID_RHODOPSIN_PATHWAY,0.002051984
PID_PDGFRA_PATHWAY,0.619699042
PID_RETINOIC_ACID_PATHWAY,0.764705882
PID_P38_GAMMA_DELTA_PATHWAY,0.010943912
PID_IL8_CXCR2_PATHWAY,0.199726402
PID_HEDGEHOG_2PATHWAY,0.045827633
PID_INTEGRIN5_PATHWAY,0.194254446
PID_AR_NONGENOMIC_PATHWAY,0.4124487
PID_ERBB1_INTER0LIZATION_PATHWAY,0.751025992
PID_HEDGEHOG_GLI_PATHWAY,0.788645691
PID_CASPASE_PATHWAY,0.150478796
PID_CXCR3_PATHWAY,0.705882353
PID_BETA_CATENIN_NUC_PATHWAY,0.815321477
PID_VEGFR1_PATHWAY,0.785225718
PID_SMAD2_3PATHWAY,0.696990424
PID_P38_ALPHA_BETA_DOWNSTREAM_PATHWAY,0.846785226
PID_KIT_PATHWAY,0.809849521
PID_ECADHERIN_STABILIZATION_PATHWAY,0.819425445
PID_EPO_PATHWAY,0.76128591
PID_IL2_STAT5_PATHWAY,0.380300958
PID_TCR_CALCIUM_PATHWAY,0.823529412
PID_DELTA_NP63_PATHWAY,0.332421341
PID_VEGFR1_2_PATHWAY,0.519151847
PID_THROMBIN_PAR1_PATHWAY,0.737346101
PID_A6B1_A6B4_INTEGRIN_PATHWAY,0.794801642
PID_SYNDECAN_2_PATHWAY,0.436388509
PID_RAC1_REG_PATHWAY,0.751025992
PID_AURORA_A_PATHWAY,0.766757866
PID_ARF_3PATHWAY,0.030779754
PID_INSULIN_GLUCOSE_PATHWAY,0.068399453
PID_PI3KCI_AKT_PATHWAY,0.842681259
PID_SYNDECAN_3_PATHWAY,0.257181943
PID_IL8_CXCR1_PATHWAY,0.479480164
PID_MYC_REPRESS_PATHWAY,0.606019152
PID_HIF1_TFPATHWAY,0.097811218
PID_TAP63_PATHWAY,0.832421341
PID_EPHRINB_REV_PATHWAY,0.203146375
PID_BARD1_PATHWAY,0.809165527
PID_P53_REGULATION_PATHWAY,0.523255814
PID_TOLL_ENDOGENOUS_PATHWAY,0.66621067
PID_NCADHERIN_PATHWAY,0.108071135
PID_ANTHRAX_PATHWAY,0.091655267
PID_S1P_S1P2_PATHWAY,0.733926129
PID_RAS_PATHWAY,0.683994528
PID_MAPK_TRK_PATHWAY,0.829685363
PID_PI3K_PLC_TRK_PATHWAY,0.841313269
PID_CD8_TCR_DOWNSTREAM_PATHWAY,0.842681259
PID_EPHA2_FWD_PATHWAY,0.690150479
PID_LYMPH_ANGIOGENESIS_PATHWAY,0.390560876
PID_ALPHA_SYNUCLEIN_PATHWAY,0.800957592
PID_FGF_PATHWAY,0.780437756
PID_INTEGRIN_A4B1_PATHWAY,0.764705882
PID_RAC1_PATHWAY,0.199042408
PID_RB_1PATHWAY,0.701094391
PID_FAK_PATHWAY,0.759233926
PID_HNF3A_PATHWAY,0.011627907
PID_TGFBR_PATHWAY,0.436388509
PID_HES_HEY_PATHWAY,0.495896033
PID_IL12_STAT4_PATHWAY,0.636114911
REACTOME_GLYCOGEN_BREAKDOWN_GLYCOGENOLYSIS,0.519151847
REACTOME_TRANSLATION,1
REACTOME_PYRIMIDINE_CATABOLISM,0.041723666
REACTOME_R0_POL_III_TRANSCRIPTION_INITIATION_FROM_TYPE_2_PROMOTER,0.76880985
REACTOME_INHIBITION_OF_THE_PROTEOLYTIC_ACTIVITY_OF_APC_C_REQUIRED_FOR_THE_ONSET_OF_A0PHASE_BY_MITOTIC_SPINDLE_CHECKPOINT_COMPONENTS,0.744186047
REACTOME_PYRUVATE_METABOLISM_AND_CITRIC_ACID_TCA_CYCLE,0.785225718
REACTOME_EXTRINSIC_PATHWAY_FOR_APOPTOSIS,0.055403557
REACTOME_PTM_GAMMA_CARBOXYLATION_HYPUSINE_FORMATION_AND_ARYLSULFATASE_ACTIVATION,0.032831737
REACTOME_APOPTOTIC_CLEAVAGE_OF_CELLULAR_PROTEINS,0.167578659
REACTOME_R0_POL_I_TRANSCRIPTION_TERMI0TION,0.545827633
REACTOME_FORMATION_OF_THE_TER0RY_COMPLEX_AND_SUBSEQUENTLY_THE_43S_COMPLEX,0.612859097
REACTOME_ACTIVATION_OF_THE_PRE_REPLICATIVE_COMPLEX,0.295485636
REACTOME_PROCESSING_OF_INTRONLESS_PRE_MR0S,0.619699042
REACTOME_GAP_JUNCTION_DEGRADATION,0.06497948
REACTOME_BASE_EXCISION_REPAIR,0.636798906
REACTOME_BILE_ACID_AND_BILE_SALT_METABOLISM,0.016415869
REACTOME_SYNTHESIS_OF_BILE_ACIDS_AND_BILE_SALTS_VIA_7ALPHA_HYDROXYCHOLESTEROL,0.006839945
REACTOME_RECYCLING_OF_BILE_ACIDS_AND_SALTS,0.004787962
REACTOME_SIG0LING_BY_RHO_GTPASES,0.792749658
REACTOME_SIG0LING_BY_WNT,0.327633379
REACTOME_METABOLISM_OF_NON_CODING_R0,0.25376197
REACTOME_SYNTHESIS_OF_BILE_ACIDS_AND_BILE_SALTS_VIA_24_HYDROXYCHOLESTEROL,0.005471956
REACTOME_SYNTHESIS_OF_BILE_ACIDS_AND_BILE_SALTS,0.008891929
REACTOME_METABOLISM_OF_STEROID_HORMONES_AND_VITAMINS_A_AND_D,0.125170999
REACTOME_ANDROGEN_BIOSYNTHESIS,0.012995896
REACTOME_SIG0LLING_BY_NGF,0.086183311
REACTOME_CTNNB1_PHOSPHORYLATION_CASCADE,0.088919289
REACTOME_INSULIN_RECEPTOR_RECYCLING,0.011627907
REACTOME_COPI_MEDIATED_TRANSPORT,0.044459644
REACTOME_NEF_MEDIATED_DOWNREGULATION_OF_MHC_CLASS_I_COMPLEX_CELL_SURFACE_EXPRESSION,0.208618331
REACTOME_SIG0LING_BY_SCF_KIT,0.851573187
REACTOME_DEVELOPMENTAL_BIOLOGY,0.010943912
REACTOME_CROSS_PRESENTATION_OF_SOLUBLE_EXOGENOUS_ANTIGENS_ENDOSOMES,0.316005472
REACTOME_SIG0LING_BY_NODAL,0.067715458
REACTOME_DAG_AND_IP3_SIG0LING,0.835841313
REACTOME_SPRY_REGULATION_OF_FGF_SIG0LING,0.270177839
REACTOME_TCA_CYCLE_AND_RESPIRATORY_ELECTRON_TRANSPORT,0.065663475
REACTOME_BMAL1_CLOCK_NPAS2_ACTIVATES_CIRCADIAN_EXPRESSION,0.649794802
REACTOME_ANTIGEN_PROCESSING_CROSS_PRESENTATION,0.101915185
REACTOME_GROWTH_HORMONE_RECEPTOR_SIG0LING,0.290697674
REACTOME_TRIF_MEDIATED_TLR3_SIG0LING,0.714774282
REACTOME_CELL_CELL_COMMUNICATION,0.226402189
REACTOME_ABCA_TRANSPORTERS_IN_LIPID_HOMEOSTASIS,0.010259918
REACTOME_ENDOSOMAL_VACUOLAR_PATHWAY,0.107387141
REACTOME_TETRAHYDROBIOPTERIN_BH4_SYNTHESIS_RECYCLING_SALVAGE_AND_REGULATION,0.497264022
REACTOME_ER_PHAGOSOME_PATHWAY,0.135430917
REACTOME_MEIOSIS,0.726402189
REACTOME_NEGATIVE_REGULATION_OF_FGFR_SIG0LING,0.392612859
REACTOME_G0_AND_EARLY_G1,0.605335157
REACTOME_REGULATION_OF_KIT_SIG0LING,0.121067031
REACTOME_MEMBRANE_TRAFFICKING,0.053351573
REACTOME_NEF_MEDIATES_DOWN_MODULATION_OF_CELL_SURFACE_RECEPTORS_BY_RECRUITING_THEM_TO_CLATHRIN_ADAPTERS,0.065663475
REACTOME_IMMUNOREGULATORY_INTERACTIONS_BETWEEN_A_LYMPHOID_AND_A_NON_LYMPHOID_CELL,0.200410397
REACTOME_ACTIVATED_AMPK_STIMULATES_FATTY_ACID_OXIDATION_IN_MUSCLE,0.139534884
REACTOME_VITAMIN_B5_PANTOTHE0TE_METABOLISM,0.034883721
REACTOME_BOTULINUM_NEUROTOXICITY,0.074555404
REACTOME_METABOLISM_OF_VITAMINS_AND_COFACTORS,0.80369357
REACTOME_TRANS_GOLGI_NETWORK_VESICLE_BUDDING,0.114911081
REACTOME_PROTEOLYTIC_CLEAVAGE_OF_S0RE_COMPLEX_PROTEINS,0.063611491
REACTOME_RESOLUTION_OF_AP_SITES_VIA_THE_MULTIPLE_NUCLEOTIDE_PATCH_REPLACEMENT_PATHWAY,0.612859097
REACTOME_GAMMA_CARBOXYLATION_TRANSPORT_AND_AMINO_TERMI0L_CLEAVAGE_OF_PROTEINS,0.017099863
REACTOME_IL_7_SIG0LING,0.016415869
REACTOME_CELL_CYCLE,0.79753762
REACTOME_SIG0LING_BY_ERBB4,0.850889193
REACTOME_ORC1_REMOVAL_FROM_CHROMATIN,0.205198358
REACTOME_O_LINKED_GLYCOSYLATION_OF_MUCINS,0.607387141
REACTOME_SULFUR_AMINO_ACID_METABOLISM,0.711354309
REACTOME_DOWNREGULATION_OF_ERBB2_ERBB3_SIG0LING,0.375512996
REACTOME_ANTIVIRAL_MECHANISM_BY_IFN_STIMULATED_GENES,0.824897401
REACTOME_PROLACTIN_RECEPTOR_SIG0LING,0.577975376
REACTOME_SIG0LING_BY_ERBB2,0.850205198
REACTOME_SPHINGOLIPID_DE_NOVO_BIOSYNTHESIS,0.397400821
REACTOME_TERMI0TION_OF_O_GLYCAN_BIOSYNTHESIS,0.027359781
REACTOME_DEFENSINS,1
REACTOME_SIG0LING_BY_CONSTITUTIVELY_ACTIVE_EGFR,0.739398085
REACTOME_GRB2_EVENTS_IN_ERBB2_SIG0LING,0.5
REACTOME_SIG0LING_BY_EGFR_IN_CANCER,0.595759234
REACTOME_MEMBRANE_BINDING_AND_TARGETTING_OF_GAG_PROTEINS,0.439808482
REACTOME_BETA_DEFENSINS,1
REACTOME_SRP_DEPENDENT_COTRANSLATIO0L_PROTEIN_TARGETING_TO_MEMBRANE,0.712038304
REACTOME_PI3K_EVENTS_IN_ERBB4_SIG0LING,0.757865937
REACTOME_SHC1_EVENTS_IN_ERBB4_SIG0LING,0.424760602
REACTOME_PI3K_EVENTS_IN_ERBB2_SIG0LING,0.780437756
REACTOME_NUCLEAR_SIG0LING_BY_ERBB4,0.789329685
REACTOME_GLYCOSPHINGOLIPID_METABOLISM,0.022571819
REACTOME_PPARA_ACTIVATES_GENE_EXPRESSION,0.843365253
REACTOME_ASSOCIATION_OF_LICENSING_FACTORS_WITH_THE_PRE_REPLICATIVE_COMPLEX,0.436388509
REACTOME_RIP_MEDIATED_NFKB_ACTIVATION_VIA_DAI,0.199042408
REACTOME_PRE_NOTCH_TRANSCRIPTION_AND_TRANSLATION,0.735978112
REACTOME_DEGRADATION_OF_THE_EXTRACELLULAR_MATRIX,0.076607387
REACTOME_MITOCHONDRIAL_PROTEIN_IMPORT,0.239398085
REACTOME_SIG0LING_BY_HIPPO,0.772913817
REACTOME_ACTIVATED_NOTCH1_TRANSMITS_SIG0L_TO_THE_NUCLEUS,0.38372093
REACTOME_TRAFFICKING_AND_PROCESSING_OF_ENDOSOMAL_TLR,0.086867305
REACTOME_SIG0LING_BY_NOTCH4,0.062927497
REACTOME_DOWNSTREAM_SIG0LING_EVENTS_OF_B_CELL_RECEPTOR_BCR,0.361833105
REACTOME_ACTIVATION_OF_NF_KAPPAB_IN_B_CELLS,0.383036936
REACTOME_RORA_ACTIVATES_CIRCADIAN_EXPRESSION,0.539671683
REACTOME_ANTIGEN_ACTIVATES_B_CELL_RECEPTOR_LEADING_TO_GENERATION_OF_SECOND_MESSENGERS,0.686730506
REACTOME_REGULATION_OF_COMPLEMENT_CASCADE,0.339261286
REACTOME_YAP1_AND_WWTR1_TAZ_STIMULATED_GENE_EXPRESSION,0.396032832
REACTOME_SIG0LING_BY_NOTCH2,0.086867305
REACTOME_PRE_NOTCH_EXPRESSION_AND_PROCESSING,0.758549932
REACTOME_SIG0LING_BY_THE_B_CELL_RECEPTOR_BCR,0.313269494
REACTOME_EXTRACELLULAR_MATRIX_ORGANIZATION,0.006839945
REACTOME_NOTCH1_INTRACELLULAR_DOMAIN_REGULATES_TRANSCRIPTION,0.769493844
REACTOME_CIRCADIAN_REPRESSION_OF_EXPRESSION_BY_REV_ERBA,0.487688098
REACTOME_PRE_NOTCH_PROCESSING_IN_GOLGI,0.078659371
REACTOME_SIG0LING_BY_NOTCH1,0.688098495
REACTOME_SIG0LING_BY_NOTCH3,0.064295486
REACTOME_TRIGLYCERIDE_BIOSYNTHESIS,0.659370725
REACTOME_INSULIN_RECEPTOR_SIG0LLING_CASCADE,0.175786594
REACTOME_ARMS_MEDIATED_ACTIVATION,0.182626539
REACTOME_PROLONGED_ERK_ACTIVATION_EVENTS,0.264705882
REACTOME_SIG0LLING_TO_RAS,0.678522572
REACTOME_SIG0LING_BY_BMP,0.600547196
REACTOME_CELL_SURFACE_INTERACTIONS_AT_THE_VASCULAR_WALL,0.042407661
REACTOME_NGF_SIG0LLING_VIA_TRKA_FROM_THE_PLASMA_MEMBRANE,0.380300958
REACTOME_SIG0LLING_TO_ERKS,0.765389877
REACTOME_P38MAPK_EVENTS,0.048563611
REACTOME_ACYL_CHAIN_REMODELLING_OF_PI,0.017099863
REACTOME_TGF_BETA_RECEPTOR_SIG0LING_IN_EMT_EPITHELIAL_TO_MESENCHYMAL_TRANSITION,0.381668947
REACTOME_DOWNREGULATION_OF_TGF_BETA_RECEPTOR_SIG0LING,0.822161423
REACTOME_COLLAGEN_FORMATION,0.012311902
REACTOME_SMAD2_SMAD3_SMAD4_HETEROTRIMER_REGULATES_TRANSCRIPTION,0.763337893
REACTOME_SIG0LING_BY_FGFR_IN_DISEASE,0.688098495
REACTOME_HS_GAG_DEGRADATION,0.216826265
REACTOME_SYNTHESIS_OF_PIPS_AT_THE_EARLY_ENDOSOME_MEMBRANE,0.010259918
REACTOME_SIG0LLING_TO_P38_VIA_RIT_AND_RIN,0.181942544
REACTOME_P53_INDEPENDENT_G1_S_D0_DAMAGE_CHECKPOINT,0.170314637
REACTOME_REGULATION_OF_HYPOXIA_INDUCIBLE_FACTOR_HIF_BY_OXYGEN,0.276333789
REACTOME_ACYL_CHAIN_REMODELLING_OF_PC,0.247606019
REACTOME_SYNTHESIS_OF_PIPS_AT_THE_GOLGI_MEMBRANE,0.046511628
REACTOME_TGF_BETA_RECEPTOR_SIG0LING_ACTIVATES_SMADS,0.826949384
REACTOME_ACTIVATED_POINT_MUTANTS_OF_FGFR2,0.019835841
REACTOME_PHOSPHOLIPID_METABOLISM,0.285225718
REACTOME_CS_DS_DEGRADATION,0.02872777
REACTOME_SYNTHESIS_OF_PA,0.398084815
REACTOME_OXYGEN_DEPENDENT_PROLINE_HYDROXYLATION_OF_HYPOXIA_INDUCIBLE_FACTOR_ALPHA,0.287277702
REACTOME_SYNTHESIS_OF_PIPS_AT_THE_LATE_ENDOSOME_MEMBRANE,0.008207934
REACTOME_SYNTHESIS_OF_PE,0.054035568
REACTOME_GASTRIN_CREB_SIG0LLING_PATHWAY_VIA_PKC_AND_MAPK,0.518467852
REACTOME_CHONDROITIN_SULFATE_BIOSYNTHESIS,0.048563611
REACTOME_HYALURO0N_UPTAKE_AND_DEGRADATION,0.06497948
REACTOME_SIG0LING_BY_FGFR1_MUTANTS,0.433652531
REACTOME_SYNTHESIS_OF_PIPS_AT_THE_PLASMA_MEMBRANE,0.506839945
REACTOME_THE_ACTIVATION_OF_ARYLSULFATASES,0.006155951
REACTOME_TRANSCRIPTIO0L_ACTIVITY_OF_SMAD2_SMAD3_SMAD4_HETEROTRIMER,0.836525308
REACTOME_HYALURO0N_METABOLISM,0.070451436
REACTOME_DOWNREGULATION_OF_SMAD2_3_SMAD4_TRANSCRIPTIO0L_ACTIVITY,0.755813953
REACTOME_KERATAN_SULFATE_BIOSYNTHESIS,0.316005472
REACTOME_REVERSIBLE_HYDRATION_OF_CARBON_DIOXIDE,0.073187415
REACTOME_SIG0LING_BY_FGFR1_FUSION_MUTANTS,0.345417237
REACTOME_ALPHA_LINOLENIC_ACID_ALA_METABOLISM,0.214774282
REACTOME_SIG0LING_BY_ACTIVATED_POINT_MUTANTS_OF_FGFR1,0.002735978
REACTOME_PI_METABOLISM,0.731874145
REACTOME_ABACAVIR_TRANSPORT_AND_METABOLISM,0.02872777
REACTOME_CHONDROITIN_SULFATE_DERMATAN_SULFATE_METABOLISM,0.23871409
REACTOME_LATENT_INFECTION_OF_HOMO_SAPIENS_WITH_MYCOBACTERIUM_TUBERCULOSIS,0.198358413
REACTOME_SYNTHESIS_OF_PC,0.264705882
REACTOME_HS_GAG_BIOSYNTHESIS,0.107387141
REACTOME_SIG0LING_BY_FGFR3_MUTANTS,0.004103967
REACTOME_KERATAN_SULFATE_KERATIN_METABOLISM,0.23871409
REACTOME_APOPTOSIS_INDUCED_D0_FRAGMENTATION,0.592339261
REACTOME_KERATAN_SULFATE_DEGRADATION,0.034199726
REACTOME_HEPARAN_SULFATE_HEPARIN_HS_GAG_METABOLISM,0.696990424
REACTOME_GLYCOSAMINOGLYCAN_METABOLISM,0.640902873
REACTOME_ACYL_CHAIN_REMODELLING_OF_PG,0.021887825
REACTOME_ACYL_CHAIN_REMODELLING_OF_PE,0.155266758
REACTOME_ACYL_CHAIN_REMODELLING_OF_PS,0.026675787
REACTOME_SIG0LING_BY_FGFR_MUTANTS,0.719562244
REACTOME_MHC_CLASS_II_ANTIGEN_PRESENTATION,0.013679891
REACTOME_GLYCEROPHOSPHOLIPID_BIOSYNTHESIS,0.691518468
REACTOME_A_TETRASACCHARIDE_LINKER_SEQUENCE_IS_REQUIRED_FOR_GAG_SYNTHESIS,0.044459644
REACTOME_CDK_MEDIATED_PHOSPHORYLATION_AND_REMOVAL_OF_CDC6,0.170314637
REACTOME_PLATELET_ADHESION_TO_EXPOSED_COLLAGEN,0.484268126
REACTOME_VEGF_LIGAND_RECEPTOR_INTERACTIONS,0.249658003
REACTOME_ENOS_ACTIVATION_AND_REGULATION,0.663474692
REACTOME_MICROR0_MIR0_BIOGENESIS,0.325581395
REACTOME_NUCLEAR_EVENTS_KI0SE_AND_TRANSCRIPTION_FACTOR_ACTIVATION,0.699726402
REACTOME_RETROGRADE_NEUROTROPHIN_SIG0LLING,0.157318741
REACTOME_ERKS_ARE_I0CTIVATED,0.132010944
REACTOME_NEGATIVE_REGULATION_OF_THE_PI3K_AKT_NETWORK,0.021887825
REACTOME_PI3K_AKT_ACTIVATION,0.824213406
REACTOME_REGULATORY_R0_PATHWAYS,0.554719562
REACTOME_EGFR_DOWNREGULATION,0.199042408
REACTOME_PROCESSING_OF_CAPPED_INTRON_CONTAINING_PRE_MR0,0.488372093
REACTOME_PECAM1_INTERACTIONS,0.045827633
REACTOME_TCR_SIG0LING,0.44870041
REACTOME_REGULATION_OF_PYRUVATE_DEHYDROGE0SE_PDH_COMPLEX,0.486320109
REACTOME_DOWNSTREAM_TCR_SIG0LING,0.668946648
REACTOME_BASIGIN_INTERACTIONS,0.012995896
REACTOME_AKT_PHOSPHORYLATES_TARGETS_IN_THE_CYTOSOL,0.151162791
REACTOME_GAB1_SIG0LOSOME,0.790697674
REACTOME_SHC1_EVENTS_IN_EGFR_SIG0LING,0.324213406
REACTOME_ACTIVATION_OF_THE_MR0_UPON_BINDING_OF_THE_CAP_BINDING_COMPLEX_AND_EIFS_AND_SUBSEQUENT_BINDING_TO_43S,0.627906977
REACTOME_PHOSPHORYLATION_OF_CD3_AND_TCR_ZETA_CHAINS,0.485636115
REACTOME_GLUTAMATE_NEUROTRANSMITTER_RELEASE_CYCLE,0.020519836
REACTOME_TRANSLOCATION_OF_ZAP_70_TO_IMMUNOLOGICAL_SY0PSE,0.473324213
REACTOME_ERK_MAPK_TARGETS,0.425444596
REACTOME_TIE2_SIG0LING,0.034883721
REACTOME_GENERATION_OF_SECOND_MESSENGER_MOLECULES,0.23255814
REACTOME_GENERIC_TRANSCRIPTION_PATHWAY,0.008207934
REACTOME_RESPONSE_TO_ELEVATED_PLATELET_CYTOSOLIC_CA2_,0.019151847
REACTOME_TRANSPORT_OF_MATURE_TRANSCRIPT_TO_CYTOPLASM,0.314637483
REACTOME_METABOLISM_OF_AMINO_ACIDS_AND_DERIVATIVES,0.082763338
REACTOME_R0_POL_I_TRANSCRIPTION,0.423392613
REACTOME_FATTY_ACYL_COA_BIOSYNTHESIS,0.233242134
REACTOME_E2F_E0BLED_INHIBITION_OF_PRE_REPLICATION_COMPLEX_FORMATION,0.151846785
REACTOME_P75NTR_RECRUITS_SIG0LLING_COMPLEXES,0.071135431
REACTOME_BIOLOGICAL_OXIDATIONS,0.794801642
REACTOME_REGULATED_PROTEOLYSIS_OF_P75NTR,0.099179207
REACTOME_TRANSMISSION_ACROSS_CHEMICAL_SY0PSES,0.218878249
REACTOME_P75NTR_SIG0LS_VIA_NFKB,0.088235294
REACTOME_CASPASE_MEDIATED_CLEAVAGE_OF_CYTOSKELETAL_PROTEINS,0.093023256
REACTOME_XENOBIOTICS,1
REACTOME_INTEGRIN_CELL_SURFACE_INTERACTIONS,0.100547196
REACTOME_REGULATION_OF_ORNITHINE_DECARBOXYLASE_ODC,0.071819425
REACTOME_CYTOCHROME_P450_ARRANGED_BY_SUBSTRATE_TYPE,0.065663475
REACTOME_BASE_FREE_SUGAR_PHOSPHATE_REMOVAL_VIA_THE_SINGLE_NUCLEOTIDE_REPLACEMENT_PATHWAY,0.286593707
REACTOME_APOPTOTIC_CLEAVAGE_OF_CELL_ADHESION_PROTEINS,0.076607387
REACTOME_HDL_MEDIATED_LIPID_TRANSPORT,0.26880985
REACTOME_NRAGE_SIG0LS_DEATH_THROUGH_JNK,0.314637483
REACTOME_SLBP_DEPENDENT_PROCESSING_OF_REPLICATION_DEPENDENT_HISTONE_PRE_MR0S,0.632010944
REACTOME_NRIF_SIG0LS_CELL_DEATH_FROM_THE_NUCLEUS,0.110123119
REACTOME_REGULATION_OF_APOPTOSIS,0.083447332
REACTOME_R0_POL_II_TRANSCRIPTION,0.809849521
REACTOME_NEURO0L_SYSTEM,0.06497948
REACTOME_NFKB_IS_ACTIVATED_AND_SIG0LS_SURVIVAL,0.077975376
REACTOME_REGULATION_OF_BETA_CELL_DEVELOPMENT,0.040355677
REACTOME_PHASE1_FUNCTIO0LIZATION_OF_COMPOUNDS,0.590971272
REACTOME_R0_POL_III_TRANSCRIPTION,0.824897401
REACTOME_CELL_DEATH_SIG0LLING_VIA_NRAGE_NRIF_AND_0DE,0.12380301
REACTOME_NEUROTRANSMITTER_RELEASE_CYCLE,0.091655267
REACTOME_P75_NTR_RECEPTOR_MEDIATED_SIG0LLING,0.114227086
REACTOME_AMINO_ACID_TRANSPORT_ACROSS_THE_PLASMA_MEMBRANE,0.030095759
REACTOME_ENDOGENOUS_STEROLS,0.027359781
REACTOME_REGULATION_OF_GENE_EXPRESSION_IN_BETA_CELLS,0.020519836
REACTOME_GLYCOLYSIS,0.024623803
REACTOME_PROCESSIVE_SYNTHESIS_ON_THE_LAGGING_STRAND,0.519835841
REACTOME_PEPTIDE_CHAIN_ELONGATION,0.679890561
REACTOME_COMMON_PATHWAY,0.071819425
REACTOME_MR0_CAPPING,0.190150479
REACTOME_MITOCHONDRIAL_FATTY_ACID_BETA_OXIDATION,0.131326949
REACTOME_SIG0LING_BY_GPCR,0.122435021
REACTOME_PEPTIDE_LIGAND_BINDING_RECEPTORS,0.374829001
REACTOME_METABOLISM_OF_POLYAMINES,0.736662107
REACTOME_CLASS_A1_RHODOPSIN_LIKE_RECEPTORS,0.16005472
REACTOME_NOTCH_HLH_TRANSCRIPTION_PATHWAY,0.034883721
REACTOME_INTEGRATION_OF_ENERGY_METABOLISM,0.002735978
REACTOME_CELL_CYCLE_MITOTIC,0.589603283
REACTOME_GLUCONEOGENESIS,0.028043776
REACTOME_DOPAMINE_NEUROTRANSMITTER_RELEASE_CYCLE,0.006839945
REACTOME_OPIOID_SIG0LLING,0.664158687
REACTOME_RECRUITMENT_OF_MITOTIC_CENTROSOME_PROTEINS_AND_COMPLEXES,0.076607387
REACTOME_MITOCHONDRIAL_TR0_AMINOACYLATION,0.556771546
REACTOME_CYTOSOLIC_TR0_AMINOACYLATION,0.647742818
REACTOME_CA_DEPENDENT_EVENTS,0.835841313
REACTOME_ACETYLCHOLINE_NEUROTRANSMITTER_RELEASE_CYCLE,0.004103967
REACTOME_ADENYLATE_CYCLASE_ACTIVATING_PATHWAY,0.002735978
REACTOME_ADENYLATE_CYCLASE_INHIBITORY_PATHWAY,0.053351573
REACTOME_DARPP_32_EVENTS,0.676470588
REACTOME_CHEMOKINE_RECEPTORS_BIND_CHEMOKINES,0.381668947
REACTOME_LOSS_OF_NLP_FROM_MITOTIC_CENTROSOMES,0.166894665
REACTOME_NEUROTRANSMITTER_RECEPTOR_BINDING_AND_DOWNSTREAM_TRANSMISSION_IN_THE_POSTSY0PTIC_CELL,0.840629275
REACTOME_CELL_CYCLE_CHECKPOINTS,0.458276334
REACTOME_DIABETES_PATHWAYS,0.002735978
REACTOME_P130CAS_LINKAGE_TO_MAPK_SIG0LING_FOR_INTEGRINS,0.128590971
REACTOME_GLYCOPROTEIN_HORMONES,0.004103967
REACTOME_NOREPINEPHRINE_NEUROTRANSMITTER_RELEASE_CYCLE,0.008207934
REACTOME_PLC_BETA_MEDIATED_EVENTS,0.809849521
REACTOME_REGULATION_OF_INSULIN_LIKE_GROWTH_FACTOR_IGF_ACTIVITY_BY_INSULIN_LIKE_GROWTH_FACTOR_BINDING_PROTEINS_IGFBPS,0.201094391
REACTOME_GRB2_SOS_PROVIDES_LINKAGE_TO_MAPK_SIG0LING_FOR_INTERGRINS_,0.115595075
REACTOME_PEPTIDE_HORMONE_BIOSYNTHESIS,0.006839945
REACTOME_G_PROTEIN_ACTIVATION,0.331053352
REACTOME_ACETYLCHOLINE_BINDING_AND_DOWNSTREAM_EVENTS,0.002051984
REACTOME_ABC_FAMILY_PROTEINS_MEDIATED_TRANSPORT,0.014363885
REACTOME_TR0_AMINOACYLATION,0.813269494
REACTOME_OLFACTORY_SIG0LING_PATHWAY,0.000683995
REACTOME_STEROID_HORMONES,0.125170999
REACTOME_PKA_MEDIATED_PHOSPHORYLATION_OF_CREB,0.061559508
REACTOME_RECRUITMENT_OF_NUMA_TO_MITOTIC_CENTROSOMES,0.024623803
REACTOME_AMINE_DERIVED_HORMONES,1
REACTOME_TRANSMEMBRANE_TRANSPORT_OF_SMALL_MOLECULES,0.054035568
REACTOME_INTEGRIN_ALPHAIIB_BETA3_SIG0LING,0.57250342
REACTOME_NUCLEAR_RECEPTOR_TRANSCRIPTION_PATHWAY,0.602599179
REACTOME_INSULIN_SYNTHESIS_AND_PROCESSING,0.002051984
REACTOME_CYCLIN_E_ASSOCIATED_EVENTS_DURING_G1_S_TRANSITION_,0.322845417
REACTOME_HOMOLOGOUS_RECOMBI0TION_REPAIR_OF_REPLICATION_INDEPENDENT_DOUBLE_STRAND_BREAKS,0.245554036
REACTOME_G1_PHASE,0.493844049
REACTOME_ELEVATION_OF_CYTOSOLIC_CA2_LEVELS,0.000683995
REACTOME_P53_DEPENDENT_G1_D0_DAMAGE_RESPONSE,0.147058824
REACTOME_TRANSCRIPTION_COUPLED_NER_TC_NER,0.840629275
REACTOME_R0_POL_II_TRANSCRIPTION_PRE_INITIATION_AND_PROMOTER_OPENING,0.76128591
REACTOME_GLUCAGON_SIG0LING_IN_METABOLIC_REGULATION,0.185362517
REACTOME_MR0_PROCESSING,0.477428181
REACTOME_SIG0LING_BY_PDGF,0.751709986
REACTOME_ASSOCIATION_OF_TRIC_CCT_WITH_TARGET_PROTEINS_DURING_BIOSYNTHESIS,0.626538988
REACTOME_PREFOLDIN_MEDIATED_TRANSFER_OF_SUBSTRATE_TO_CCT_TRIC,0.097127223
REACTOME_HORMONE_LIGAND_BINDING_RECEPTORS,1
REACTOME_GPVI_MEDIATED_ACTIVATION_CASCADE,0.580711354
REACTOME_PROTEIN_FOLDING,0.119699042
REACTOME_FORMATION_OF_TUBULIN_FOLDING_INTERMEDIATES_BY_CCT_TRIC,0.31121751
REACTOME_PEROXISOMAL_LIPID_METABOLISM,0.40629275
REACTOME_POST_CHAPERONIN_TUBULIN_FOLDING_PATHWAY,0.329685363
REACTOME_STRIATED_MUSCLE_CONTRACTION,0.250341997
REACTOME_METABOLISM_OF_NUCLEOTIDES,0.830369357
REACTOME_AMINE_LIGAND_BINDING_RECEPTORS,0.000683995
REACTOME_METABOLISM_OF_PROTEINS,1
REACTOME_DOWNSTREAM_SIG0L_TRANSDUCTION,0.840629275
REACTOME_MUSCLE_CONTRACTION,0.207934337
REACTOME_SEROTONIN_RECEPTORS,1
REACTOME_CDC6_ASSOCIATION_WITH_THE_ORC_ORIGIN_COMPLEX,0.038987688
REACTOME_M_G1_TRANSITION,0.373461012
REACTOME_MR0_SPLICING,0.196990424
REACTOME_MR0_SPLICING_MINOR_PATHWAY,0.106019152
REACTOME_3_UTR_MEDIATED_TRANSLATIO0L_REGULATION,0.720246238
REACTOME_PROCESSING_OF_CAPPED_INTRONLESS_PRE_MR0,0.522571819
REACTOME_PURINE_RIBONUCLEOSIDE_MONOPHOSPHATE_BIOSYNTHESIS,0.201094391
REACTOME_G1_S_TRANSITION,0.352257182
REACTOME_CITRIC_ACID_CYCLE_TCA_CYCLE,0.809165527
REACTOME_TRANSCRIPTION,0.224350205
REACTOME_POL_SWITCHING,0.12380301
REACTOME_NUCLEOTIDE_EXCISION_REPAIR,0.84746922
REACTOME_REGULATION_OF_THE_FANCONI_ANEMIA_PATHWAY,0.173050616
REACTOME_AXON_GUIDANCE,0.104651163
REACTOME_ACTIVATION_OF_CHAPERONE_GENES_BY_XBP1S,0.027359781
REACTOME_REGULATION_OF_INSULIN_SECRETION_BY_GLUCAGON_LIKE_PEPTIDE1,0.207934337
REACTOME_PERK_REGULATED_GENE_EXPRESSION,0.733926129
REACTOME_G_ALPHA_Q_SIG0LLING_EVENTS,0.359781122
REACTOME_P2Y_RECEPTORS,0.029411765
REACTOME_TRAFFICKING_OF_AMPA_RECEPTORS,0.395348837
REACTOME_NCAM1_INTERACTIONS,0.236662107
REACTOME_CLASS_C_3_METABOTROPIC_GLUTAMATE_PHEROMONE_RECEPTORS,0.002051984
REACTOME_REGULATION_OF_INSULIN_SECRETION,0.003419973
REACTOME_NCAM_SIG0LING_FOR_NEURITE_OUT_GROWTH,0.731874145
REACTOME_INHIBITION_OF_INSULIN_SECRETION_BY_ADRE0LINE_NORADRE0LINE,0.364569083
REACTOME_NUCLEOTIDE_LIKE_PURINERGIC_RECEPTORS,0.037619699
REACTOME_ACTIVATION_OF_CHAPERONES_BY_ATF6_ALPHA,0.305745554
REACTOME_TRANSPORT_OF_MATURE_MR0_DERIVED_FROM_AN_INTRONLESS_TRANSCRIPT,0.245554036
REACTOME_EICOSANOID_LIGAND_BINDING_RECEPTORS,0.011627907
REACTOME_ACTIVATION_OF_GENES_BY_ATF4,0.712722298
REACTOME_UNFOLDED_PROTEIN_RESPONSE,0.062243502
REACTOME_CLASS_B_2_SECRETIN_FAMILY_RECEPTORS,0.188098495
REACTOME_GLUCAGON_TYPE_LIGAND_RECEPTORS,0.09370725
REACTOME_REGULATION_OF_INSULIN_SECRETION_BY_ACETYLCHOLINE,0.027359781
REACTOME_G_ALPHA1213_SIG0LLING_EVENTS,0.741450068
REACTOME_FANCONI_ANEMIA_PATHWAY,0.683310534
REACTOME_TRAFFICKING_OF_GLUR2_CONTAINING_AMPA_RECEPTORS,0.092339261
REACTOME_ACTIVATION_OF_CHAPERONE_GENES_BY_ATF6_ALPHA,0.240766074
REACTOME_PROSTANOID_LIGAND_RECEPTORS,1
REACTOME_OPSINS,1
REACTOME_FORMATION_OF_R0_POL_II_ELONGATION_COMPLEX_,0.265389877
REACTOME_MR0_3_END_PROCESSING,0.517783858
REACTOME_POST_TRANSLATIO0L_MODIFICATION_SYNTHESIS_OF_GPI_ANCHORED_PROTEINS,0.541039672
REACTOME_CYCLIN_A_B1_ASSOCIATED_EVENTS_DURING_G2_M_TRANSITION,0.364569083
REACTOME_ELONGATION_ARREST_AND_RECOVERY,0.106703146
REACTOME_SLC_MEDIATED_TRANSMEMBRANE_TRANSPORT,0.828317373
REACTOME_ADP_SIG0LLING_THROUGH_P2RY1,0.552667579
REACTOME_G_BETA_GAMMA_SIG0LLING_THROUGH_PLC_BETA,0.231874145
REACTOME_CD28_CO_STIMULATION,0.683994528
REACTOME_GPCR_DOWNSTREAM_SIG0LING,0.082763338
REACTOME_SYNTHESIS_SECRETION_AND_DEACYLATION_OF_GHRELIN,0.004103967
REACTOME_ADHERENS_JUNCTIONS_INTERACTIONS,0.296853625
REACTOME_CRMPS_IN_SEMA3A_SIG0LING,0.060875513
REACTOME_OTHER_SEMAPHORIN_INTERACTIONS,0.018467852
REACTOME_ACTIVATION_OF_RAC,0.164158687
REACTOME_PURINE_SALVAGE,0.134062927
REACTOME_G_ALPHA_I_SIG0LLING_EVENTS,0.067031464
REACTOME_SEMA3A_PAK_DEPENDENT_AXON_REPULSION,0.326949384
REACTOME_CD28_DEPENDENT_VAV1_PATHWAY,0.081395349
REACTOME_SEMA4D_IN_SEMAPHORIN_SIG0LING,0.333105335
REACTOME_SEMAPHORIN_INTERACTIONS,0.164158687
REACTOME_SEMA4D_INDUCED_CELL_MIGRATION_AND_GROWTH_CONE_COLLAPSE,0.320109439
REACTOME_SEMA3A_PLEXIN_REPULSION_SIG0LING_BY_INHIBITING_INTEGRIN_ADHESION,0.032147743
REACTOME_LYSOSOME_VESICLE_BIOGENESIS,0.070451436
REACTOME_G_BETA_GAMMA_SIG0LLING_THROUGH_PI3KGAMMA,0.548563611
REACTOME_TRANSPORT_OF_GLUCOSE_AND_OTHER_SUGARS_BILE_SALTS_AND_ORGANIC_ACIDS_METAL_IONS_AND_AMINE_COMPOUNDS,0.783857729
REACTOME_SPHINGOLIPID_METABOLISM,0.193570451
REACTOME_PD1_SIG0LING,0.400820793
REACTOME_G_ALPHA_S_SIG0LLING_EVENTS,0.182626539
REACTOME_CELL_CELL_JUNCTION_ORGANIZATION,0.353625171
REACTOME_G_ALPHA_Z_SIG0LLING_EVENTS,0.203830369
REACTOME_FACILITATIVE_0_INDEPENDENT_GLUCOSE_TRANSPORTERS,0.015731874
REACTOME_COSTIMULATION_BY_THE_CD28_FAMILY,0.743502052
REACTOME_SIG0LING_BY_ROBO_RECEPTOR,0.81874145
REACTOME_CD28_DEPENDENT_PI3K_AKT_SIG0LING,0.140218878
REACTOME_TIGHT_JUNCTION_INTERACTIONS,0.074555404
REACTOME_G_PROTEIN_BETA_GAMMA_SIG0LLING,0.606019152
REACTOME_TRANSPORT_OF_INORGANIC_CATIONS_ANIONS_AND_AMINO_ACIDS_OLIGOPEPTIDES,0.359781122
REACTOME_GOLGI_ASSOCIATED_VESICLE_BIOGENESIS,0.111491108
REACTOME_CTLA4_INHIBITORY_SIG0LING,0.517783858
REACTOME_FORMATION_OF_TRANSCRIPTION_COUPLED_NER_TC_NER_REPAIR_COMPLEX,0.351573187
REACTOME_AMINO_ACID_AND_OLIGOPEPTIDE_SLC_TRANSPORTERS,0.063611491
REACTOME_CDT1_ASSOCIATION_WITH_THE_CDC6_ORC_ORIGIN_COMPLEX,0.233926129
REACTOME_BRANCHED_CHAIN_AMINO_ACID_CATABOLISM,0.560191518
REACTOME_REPAIR_SYNTHESIS_FOR_GAP_FILLING_BY_D0_POL_IN_TC_NER,0.53625171
REACTOME_RECEPTOR_LIGAND_BINDING_INITIATES_THE_SECOND_PROTEOLYTIC_CLEAVAGE_OF_NOTCH_RECEPTOR,0.143638851
REACTOME_SYNTHESIS_OF_D0,0.396032832
REACTOME_0_CL_DEPENDENT_NEUROTRANSMITTER_TRANSPORTERS,0.002051984
REACTOME_FORMATION_OF_FIBRIN_CLOT_CLOTTING_CASCADE,0.302325581
REACTOME_DEADENYLATION_OF_MR0,0.658686731
REACTOME_MR0_DECAY_BY_5_TO_3_EXORIBONUCLEASE,0.722982216
REACTOME_SIG0L_AMPLIFICATION,0.742134063
REACTOME_ZINC_TRANSPORTERS,0.151162791
REACTOME_DOUBLE_STRAND_BREAK_REPAIR,0.636114911
REACTOME_RAS_ACTIVATION_UOPN_CA2_INFUX_THROUGH_NMDA_RECEPTOR,0.307797538
REACTOME_METAL_ION_SLC_TRANSPORTERS,0.513679891
REACTOME_AUTODEGRADATION_OF_THE_E3_UBIQUITIN_LIGASE_COP1,0.170998632
REACTOME_SMOOTH_MUSCLE_CONTRACTION,0.238030096
REACTOME_ACTIVATION_OF_NMDA_RECEPTOR_UPON_GLUTAMATE_BINDING_AND_POSTSY0PTIC_EVENTS,0.830369357
REACTOME_CREB_PHOSPHORYLATION_THROUGH_THE_ACTIVATION_OF_RAS,0.768125855
REACTOME_POST_NMDA_RECEPTOR_ACTIVATION_EVENTS,0.814637483
REACTOME_UNBLOCKING_OF_NMDA_RECEPTOR_GLUTAMATE_BINDING_AND_ACTIVATION,0.012311902
REACTOME_METABOLISM_OF_MR0,1
REACTOME_MR0_DECAY_BY_3_TO_5_EXORIBONUCLEASE,0.439124487
REACTOME_BILE_SALT_AND_ORGANIC_ANION_SLC_TRANSPORTERS,1
REACTOME_DEADENYLATION_DEPENDENT_MR0_DECAY,0.146374829
REACTOME_CREB_PHOSPHORYLATION_THROUGH_THE_ACTIVATION_OF_CAMKII,0.30506156
REACTOME_THROMBOXANE_SIG0LLING_THROUGH_TP_RECEPTOR,0.475376197
REACTOME_CELL_EXTRACELLULAR_MATRIX_INTERACTIONS,0.058139535
REACTOME_ADP_SIG0LLING_THROUGH_P2RY12,0.409028728
REACTOME_CELL_JUNCTION_ORGANIZATION,0.252393981
REACTOME_AMINE_COMPOUND_SLC_TRANSPORTERS,0.015731874
REACTOME_PYRUVATE_METABOLISM,0.651846785
REACTOME_PURINE_CATABOLISM,0.091655267
REACTOME_GLUCOSE_TRANSPORT,0.742818057
REACTOME_FRS2_MEDIATED_CASCADE,0.426128591
REACTOME_METABOLISM_OF_R0,1
REACTOME_MITOTIC_G1_G1_S_PHASES,0.482216142
REACTOME_PI_3K_CASCADE,0.805745554
REACTOME_DOWNSTREAM_SIG0LING_OF_ACTIVATED_FGFR,0.834473324
REACTOME_REGULATION_OF_MITOTIC_CELL_CYCLE,0.242818057
REACTOME_TAK1_ACTIVATES_NFKB_BY_PHOSPHORYLATION_AND_ACTIVATION_OF_IKKS_COMPLEX,0.527359781
REACTOME_REGULATION_OF_AMPK_ACTIVITY_VIA_LKB1,0.041723666
REACTOME_MITOTIC_M_M_G1_PHASES,0.837893297
REACTOME_MYOGENESIS,0.584815321
REACTOME_MAP_KI0SE_ACTIVATION_IN_TLR_CASCADE,0.829685363
REACTOME_PHOSPHOLIPASE_C_MEDIATED_CASCADE,0.840629275
REACTOME_ACTIVATION_OF_KAI0TE_RECEPTORS_UPON_GLUTAMATE_BINDING,0.67373461
REACTOME_IONOTROPIC_ACTIVITY_OF_KAI0TE_RECEPTORS,0.250341997
REACTOME_ACTIVATION_OF_THE_AP1_FAMILY_OF_TRANSCRIPTION_FACTORS,0.140218878
REACTOME_MAPK_TARGETS_NUCLEAR_EVENTS_MEDIATED_BY_MAP_KI0SES,0.818057456
REACTOME_SYNTHESIS_AND_INTERCONVERSION_OF_NUCLEOTIDE_DI_AND_TRIPHOSPHATES,0.716826265
REACTOME_GPCR_LIGAND_BINDING,0.097127223
REACTOME_R0_POL_I_R0_POL_III_AND_MITOCHONDRIAL_TRANSCRIPTION,0.398084815
REACTOME_JNK_C_JUN_KI0SES_PHOSPHORYLATION_AND_ACTIVATION_MEDIATED_BY_ACTIVATED_HUMAN_TAK1,0.125170999
REACTOME_SHC_MEDIATED_CASCADE,0.05745554
REACTOME_THROMBIN_SIG0LLING_THROUGH_PROTEI0SE_ACTIVATED_RECEPTORS_PARS,0.705882353
REACTOME_ENERGY_DEPENDENT_REGULATION_OF_MTOR_BY_LKB1_AMPK,0.473324213
REACTOME_MITOTIC_G2_G2_M_PHASES,0.125854993
REACTOME_REGULATION_OF_RHEB_GTPASE_ACTIVITY_BY_AMPK,0.082079343
REACTOME_ACTIVATED_TAK1_MEDIATES_P38_MAPK_ACTIVATION,0.086183311
REACTOME_D0_REPAIR,0.84746922
REACTOME_EFFECTS_OF_PIP2_HYDROLYSIS,0.023939808
REACTOME_R0_POL_II_PRE_TRANSCRIPTION_EVENTS,0.705198358
REACTOME_ROLE_OF_DCC_IN_REGULATING_APOPTOSIS,0.022571819
REACTOME_POST_TRANSLATIO0L_PROTEIN_MODIFICATION,0.394664843
REACTOME_CHROMOSOME_MAINTE0NCE,0.81121751
REACTOME_DEPOSITION_OF_NEW_CENPA_CONTAINING_NUCLEOSOMES_AT_THE_CENTROMERE,0.771545828
REACTOME_L1CAM_INTERACTIONS,0.402188782
REACTOME_ROLE_OF_SECOND_MESSENGERS_IN_NETRIN1_SIG0LING,0
REACTOME_SIG0LING_BY_ILS,0.821477428
REACTOME_NETRIN1_SIG0LING,0.66621067
REACTOME_METABOLISM_OF_LIPIDS_AND_LIPOPROTEINS,0.207250342
REACTOME_INTERACTION_BETWEEN_L1_AND_ANKYRINS,0.010943912
REACTOME_SIG0L_TRANSDUCTION_BY_L1,0.191518468
REACTOME_FATTY_ACID_TRIACYLGLYCEROL_AND_KETONE_BODY_METABOLISM,0.512995896
REACTOME_TRANSPORT_OF_VITAMINS_NUCLEOSIDES_AND_RELATED_MOLECULES,0.06497948
REACTOME_HIGHLY_CALCIUM_PERMEABLE_POSTSY0PTIC_NICOTINIC_ACETYLCHOLINE_RECEPTORS,0.002051984
REACTOME_R0_POL_I_PROMOTER_OPENING,1
REACTOME_PRESY0PTIC_NICOTINIC_ACETYLCHOLINE_RECEPTORS,0
REACTOME_ORGANIC_CATION_ANION_ZWITTERION_TRANSPORT,0.014363885
REACTOME_DCC_MEDIATED_ATTRACTIVE_SIG0LING,0.20246238
REACTOME_RECYCLING_PATHWAY_OF_L1,0.254445964
REACTOME_SYNTHESIS_OF_SUBSTRATES_IN_N_GLYCAN_BIOSYTHESIS,0.254445964
REACTOME_RESPIRATORY_ELECTRON_TRANSPORT,0.062243502
REACTOME_ASPARAGINE_N_LINKED_GLYCOSYLATION,0.653898769
REACTOME_ASSEMBLY_OF_THE_PRE_REPLICATIVE_COMPLEX,0.244870041
REACTOME_BIOSYNTHESIS_OF_THE_N_GLYCAN_PRECURSOR_DOLICHOL_LIPID_LINKED_OLIGOSACCHARIDE_LLO_AND_TRANSFER_TO_A_0SCENT_PROTEIN,0.653214774
REACTOME_IL1_SIG0LING,0.68125855
REACTOME_GLOBAL_GENOMIC_NER_GG_NER,0.302325581
REACTOME_CGMP_EFFECTS,0.02120383
REACTOME_REGULATION_OF_SIG0LING_BY_CBL,0.082079343
REACTOME_AMINO_ACID_SYNTHESIS_AND_INTERCONVERSION_TRANSAMI0TION,0.399452804
REACTOME_CALNEXIN_CALRETICULIN_CYCLE,0.597127223
REACTOME_SYNTHESIS_SECRETION_AND_I0CTIVATION_OF_GIP,0.061559508
REACTOME_PASSIVE_TRANSPORT_BY_AQUAPORINS,0.054035568
REACTOME_NEPHRIN_INTERACTIONS,0.268125855
REACTOME_IL_3_5_AND_GM_CSF_SIG0LING,0.796853625
REACTOME_NITRIC_OXIDE_STIMULATES_GUANYLATE_CYCLASE,0.024623803
REACTOME_PLATELET_HOMEOSTASIS,0.160738714
REACTOME_N_GLYCAN_TRIMMING_IN_THE_ER_AND_CALNEXIN_CALRETICULIN_CYCLE,0.619015048
REACTOME_PLATELET_SENSITIZATION_BY_LDL,0.390560876
REACTOME_AQUAPORIN_MEDIATED_TRANSPORT,0.314637483
REACTOME_IL_RECEPTOR_SHC_SIG0LING,0.079343365
REACTOME_RAP1_SIG0LLING,0.309165527
REACTOME_PLATELET_CALCIUM_HOMEOSTASIS,0.006155951
REACTOME_SIG0L_REGULATORY_PROTEIN_SIRP_FAMILY_INTERACTIONS,0.134746922
REACTOME_PROSTACYCLIN_SIG0LLING_THROUGH_PROSTACYCLIN_RECEPTOR,0.060875513
REACTOME_GABA_SYNTHESIS_RELEASE_REUPTAKE_AND_DEGRADATION,0.017099863
REACTOME_INCRETIN_SYNTHESIS_SECRETION_AND_I0CTIVATION,0.051983584
REACTOME_TRANSPORT_OF_ORGANIC_ANIONS,0.017099863
REACTOME_SYNTHESIS_SECRETION_AND_I0CTIVATION_OF_GLP1,0.060191518
REACTOME_REGULATION_OF_WATER_BALANCE_BY_RE0L_AQUAPORINS,0.305745554
REACTOME_DESTABILIZATION_OF_MR0_BY_BRF1,0.584815321
REACTOME_IRAK1_RECRUITS_IKK_COMPLEX,0.017783858
REACTOME_TRAF6_MEDIATED_IRF7_ACTIVATION,0.497264022
REACTOME_CIRCADIAN_CLOCK,0.794117647
REACTOME_TRAF6_MEDIATED_NFKB_ACTIVATION,0.723666211
REACTOME_FACTORS_INVOLVED_IN_MEGAKARYOCYTE_DEVELOPMENT_AND_PLATELET_PRODUCTION,0.144322845
REACTOME_REGULATION_OF_IFNG_SIG0LING,0.642270862
REACTOME_GABA_A_RECEPTOR_ACTIVATION,0.005471956
REACTOME_REGULATION_OF_MR0_STABILITY_BY_PROTEINS_THAT_BIND_AU_RICH_ELEMENTS,0.50752394
REACTOME_INHIBITION_OF_VOLTAGE_GATED_CA2_CHANNELS_VIA_GBETA_GAMMA_SUBUNITS,0.237346101
REACTOME_IRAK2_MEDIATED_ACTIVATION_OF_TAK1_COMPLEX_UPON_TLR7_8_OR_9_STIMULATION,0.211354309
REACTOME_TRAF6_MEDIATED_INDUCTION_OF_NFKB_AND_MAP_KI0SES_UPON_TLR7_8_OR_9_ACTIVATION,0.751709986
REACTOME_TRAF3_DEPENDENT_IRF_ACTIVATION_PATHWAY,0.039671683
REACTOME_GABA_B_RECEPTOR_ACTIVATION,0.636798906
REACTOME_NFKB_ACTIVATION_THROUGH_FADD_RIP1_PATHWAY_MEDIATED_BY_CASPASE_8_AND10,0.00752394
REACTOME_DESTABILIZATION_OF_MR0_BY_KSRP,0.147742818
REACTOME_TRANSPORT_TO_THE_GOLGI_AND_SUBSEQUENT_MODIFICATION,0.751709986
REACTOME_IRON_UPTAKE_AND_TRANSPORT,0.205882353
REACTOME_DESTABILIZATION_OF_MR0_BY_TRISTETRAPROLIN_TTP,0.554035568
REACTOME_INTERFERON_GAMMA_SIG0LING,0.337209302
REACTOME_N_GLYCAN_ANTEN0E_ELONGATION,0.055403557
REACTOME_TRAF6_MEDIATED_IRF7_ACTIVATION_IN_TLR7_8_OR_9_SIG0LING,0.013679891
REACTOME_ACTIVATION_OF_IRF3_IRF7_MEDIATED_BY_TBK1_IKK_EPSILON,0.227086183
REACTOME_ION_TRANSPORT_BY_P_TYPE_ATPASES,0.082763338
REACTOME_INTERFERON_ALPHA_BETA_SIG0LING,0.088235294
REACTOME_ADVANCED_GLYCOSYLATION_ENDPRODUCT_RECEPTOR_SIG0LING,0.781805746
REACTOME_GABA_RECEPTOR_ACTIVATION,0.707250342
REACTOME_KINESINS,0.495212038
REACTOME_N_GLYCAN_ANTEN0E_ELONGATION_IN_THE_MEDIAL_TRANS_GOLGI,0.146374829
REACTOME_REGULATION_OF_IF0_SIG0LING,0.069767442
REACTOME_INTERFERON_SIG0LING,0.259233926
REACTOME_NEGATIVE_REGULATORS_OF_RIG_I_MDA5_SIG0LING,0.763337893
REACTOME_NFKB_AND_MAP_KI0SES_ACTIVATION_MEDIATED_BY_TLR4_SIG0LING_REPERTOIRE,0.6374829
REACTOME_TRANSFERRIN_ENDOCYTOSIS_AND_RECYCLING,0.103967168
REACTOME_DSCAM_INTERACTIONS,0.013679891
REACTOME_ION_CHANNEL_TRANSPORT,0.142954856
REACTOME_DESTABILIZATION_OF_MR0_BY_AUF1_HNRNP_D0,0.400820793
REACTOME_TRAF6_MEDIATED_INDUCTION_OF_TAK1_COMPLEX,0.332421341
REACTOME_RIG_I_MDA5_MEDIATED_INDUCTION_OF_IFN_ALPHA_BETA_PATHWAYS,0.68125855
REACTOME_IKK_COMPLEX_RECRUITMENT_MEDIATED_BY_RIP1,0.020519836
REACTOME_LIGAND_GATED_ION_CHANNEL_TRANSPORT,0.001367989
REACTOME_FORMATION_OF_INCISION_COMPLEX_IN_GG_NER,0.349521204
REACTOME_TRANSCRIPTIO0L_REGULATION_OF_WHITE_ADIPOCYTE_DIFFERENTIATION,0.848837209
REACTOME_ENDOSOMAL_SORTING_COMPLEX_REQUIRED_FOR_TRANSPORT_ESCRT,0.842681259
REACTOME_MEIOTIC_RECOMBI0TION,0.391928865
REACTOME_IL_2_SIG0LING,0.809849521
REACTOME_IL_6_SIG0LING,0.145690834
REACTOME_PLATELET_AGGREGATION_PLUG_FORMATION,0.566347469
REACTOME_SIG0LING_BY_NOTCH,0.449384405
REACTOME_LAGGING_STRAND_SYNTHESIS,0.549247606
REACTOME_INTRINSIC_PATHWAY,0.257865937
REACTOME_INHIBITION_OF_REPLICATION_INITIATION_OF_DAMAGED_D0_BY_RB1_E2F1,0.086867305
REACTOME_ETHANOL_OXIDATION,0.060191518
REACTOME_SYNTHESIS_OF_VERY_LONG_CHAIN_FATTY_ACYL_COAS,0.444596443
REACTOME_D0_REPLICATION,0.837209302
REACTOME_CLEAVAGE_OF_GROWING_TRANSCRIPT_IN_THE_TERMI0TION_REGION_,0.590971272
REACTOME_PKB_MEDIATED_EVENTS,0.824213406
REACTOME_E2F_MEDIATED_REGULATION_OF_D0_REPLICATION,0.740082079
REACTOME_METABOLISM_OF_CARBOHYDRATES,0.014363885
REACTOME_HORMONE_SENSITIVE_LIPASE_HSL_MEDIATED_TRIACYLGLYCEROL_HYDROLYSIS,0.561559508
REACTOME_SIG0LING_BY_INSULIN_RECEPTOR,0.062243502
REACTOME_SIG0L_ATTENUATION,0.005471956
REACTOME_PURINE_METABOLISM,0.79001368
REACTOME_SOS_MEDIATED_SIG0LLING,0.423392613
REACTOME_R0_POL_III_TRANSCRIPTION_INITIATION_FROM_TYPE_3_PROMOTER,0.777701778
REACTOME_APOPTOSIS,0.128590971
REACTOME_LIPID_DIGESTION_MOBILIZATION_AND_TRANSPORT,0.668262654
REACTOME_HEMOSTASIS,0.016415869
REACTOME_INFLUENZA_LIFE_CYCLE,0.73119015
REACTOME_INFLUENZA_VIRAL_R0_TRANSCRIPTION_AND_REPLICATION,0.726402189
REACTOME_NEP_NS2_INTERACTS_WITH_THE_CELLULAR_EXPORT_MACHINERY,0.16005472
REACTOME_HIV_INFECTION,0.53625171
REACTOME_TRANSPORT_OF_RIBONUCLEOPROTEINS_INTO_THE_HOST_NUCLEUS,0.189466484
REACTOME_HIV_LIFE_CYCLE,0.827633379
REACTOME_ABORTIVE_ELONGATION_OF_HIV1_TRANSCRIPT_IN_THE_ABSENCE_OF_TAT,0.069767442
REACTOME_EARLY_PHASE_OF_HIV_LIFE_CYCLE,0.595075239
REACTOME_HOST_INTERACTIONS_OF_HIV_FACTORS,0.167578659
REACTOME_R0_POL_III_TRANSCRIPTION_TERMI0TION,0.665526676
REACTOME_RESPIRATORY_ELECTRON_TRANSPORT_ATP_SYNTHESIS_BY_CHEMIOSMOTIC_COUPLING_AND_HEAT_PRODUCTION_BY_UNCOUPLING_PROTEINS_,0.059507524
REACTOME_FORMATION_OF_THE_HIV1_EARLY_ELONGATION_COMPLEX,0.24623803
REACTOME_RAF_MAP_KI0SE_CASCADE,0.092339261
REACTOME_VIRAL_MESSENGER_R0_SYNTHESIS,0.073871409
REACTOME_LATE_PHASE_OF_HIV_LIFE_CYCLE,0.846101231
REACTOME_SHC_MEDIATED_SIG0LLING,0.312585499
REACTOME_INTERACTIONS_OF_VPR_WITH_HOST_CELLULAR_PROTEINS,0.726402189
REACTOME_FORMATION_OF_ATP_BY_CHEMIOSMOTIC_COUPLING,1
REACTOME_APC_C_CDH1_MEDIATED_DEGRADATION_OF_CDC20_AND_OTHER_APC_C_CDH1_TARGETED_PROTEINS_IN_LATE_MITOSIS_EARLY_G1,0.178522572
REACTOME_ACTIVATION_OF_ATR_IN_RESPONSE_TO_REPLICATION_STRESS,0.050615595
REACTOME_UNWINDING_OF_D0,0.182626539
REACTOME_APC_C_CDC20_MEDIATED_DEGRADATION_OF_MITOTIC_PROTEINS,0.251709986
REACTOME_GLUCURONIDATION,0.023255814
REACTOME_AUTODEGRADATION_OF_CDH1_BY_CDH1_APC_C,0.24623803
REACTOME_MYD88_MAL_CASCADE_INITIATED_ON_PLASMA_MEMBRANE,0.76880985
REACTOME_IN0TE_IMMUNE_SYSTEM,0.646374829
REACTOME_REGULATION_OF_GLUCOKI0SE_BY_GLUCOKI0SE_REGULATORY_PROTEIN,0.19493844
REACTOME_MITOTIC_PROMETAPHASE,0.709302326
REACTOME_APC_C_CDC20_MEDIATED_DEGRADATION_OF_CYCLIN_B,0.636798906
REACTOME_SCF_BETA_TRCP_MEDIATED_DEGRADATION_OF_EMI1,0.247606019
REACTOME_LIPOPROTEIN_METABOLISM,0.059507524
REACTOME_G1_S_SPECIFIC_TRANSCRIPTION,0.184678523
REACTOME_THE_ROLE_OF_NEF_IN_HIV1_REPLICATION_AND_DISEASE_PATHOGENESIS,0.066347469
REACTOME_CHYLOMICRON_MEDIATED_LIPID_TRANSPORT,0.042407661
REACTOME_SIG0LING_BY_TGF_BETA_RECEPTOR_COMPLEX,0.846101231
REACTOME_CONVERSION_FROM_APC_C_CDC20_TO_APC_C_CDH1_IN_LATE_A0PHASE,0.670314637
REACTOME_ACTIVATED_TLR4_SIG0LLING,0.81874145
REACTOME_IMMUNE_SYSTEM,0.445280438
REACTOME_BINDING_AND_ENTRY_OF_HIV_VIRION,1
REACTOME_PHOSPHORYLATION_OF_THE_APC_C,0.69493844
REACTOME_CYTOSOLIC_SULFO0TION_OF_SMALL_MOLECULES,0.034199726
REACTOME_INTEGRATION_OF_PROVIRUS,0.585499316
REACTOME_GLUTATHIONE_CONJUGATION,0.806429549
REACTOME_COMPLEMENT_CASCADE,0.443912449
REACTOME_PHASE_II_CONJUGATION,0.789329685
REACTOME_MTORC1_MEDIATED_SIG0LLING,0.428864569
REACTOME_TOLL_RECEPTOR_CASCADES,0.563611491
REACTOME_ACTIVATION_OF_BH3_ONLY_PROTEINS,0.483584131
REACTOME_GLUCOSE_METABOLISM,0.026675787
REACTOME_R0_POL_III_CHAIN_ELONGATION,0.620383037
REACTOME_VOLTAGE_GATED_POTASSIUM_CHANNELS,0.001367989
REACTOME_ADAPTIVE_IMMUNE_SYSTEM,0.228454172
REACTOME_NOD1_2_SIG0LING_PATHWAY,0.718878249
REACTOME_CYTOKINE_SIG0LING_IN_IMMUNE_SYSTEM,0.324897401
REACTOME_MEIOTIC_SY0PSIS,0.814637483
REACTOME_ANTIGEN_PRESENTATION_FOLDING_ASSEMBLY_AND_PEPTIDE_LOADING_OF_CLASS_I_MHC,0.207934337
REACTOME_THE_NLRP3_INFLAMMASOME,0.253077975
REACTOME_CLASS_I_MHC_MEDIATED_ANTIGEN_PROCESSING_PRESENTATION,0.504103967
REACTOME_NONSENSE_MEDIATED_DECAY_ENHANCED_BY_THE_EXON_JUNCTION_COMPLEX,0.73255814
REACTOME_PIP3_ACTIVATES_AKT_SIG0LING,0.753077975
REACTOME_ANTIGEN_PROCESSING_UBIQUITI0TION_PROTEASOME_DEGRADATION,0.465800274
REACTOME_TANDEM_PORE_DOMAIN_POTASSIUM_CHANNELS,0
REACTOME_INFLAMMASOMES,0.244186047
REACTOME_POTASSIUM_CHANNELS,0.120383037
REACTOME_NUCLEOTIDE_BINDING_DOMAIN_LEUCINE_RICH_REPEAT_CONTAINING_RECEPTOR_NLR_SIG0LING_PATHWAYS,0.84746922
REACTOME_INWARDLY_RECTIFYING_K_CHANNELS,0.037619699
REACTOME_AMYLOIDS,0.009575923
REACTOME_PACKAGING_OF_TELOMERE_ENDS,0.554035568
REACTOME_TELOMERE_MAINTE0NCE,0.71751026
REACTOME_PLATELET_ACTIVATION_SIG0LING_AND_AGGREGATION,0.01504788
REACTOME_REMOVAL_OF_THE_FLAP_INTERMEDIATE_FROM_THE_C_STRAND,0.477428181
REACTOME_CREATION_OF_C4_AND_C2_ACTIVATORS,0.063611491
REACTOME_APC_CDC20_MEDIATED_DEGRADATION_OF_NEK2A,0.705198358
REACTOME_INITIAL_TRIGGERING_OF_COMPLEMENT,0.318057456
REACTOME_EXTENSION_OF_TELOMERES,0.556087551
REACTOME_G2_M_CHECKPOINTS,0.041039672
REACTOME_G2_M_D0_DAMAGE_CHECKPOINT,0.154582763
REACTOME_S_PHASE,0.512995896
REACTOME_SCFSKP2_MEDIATED_DEGRADATION_OF_P27_P21,0.199726402
REACTOME_TRYPTOPHAN_CATABOLISM,0.017783858
REACTOME_D0_STRAND_ELONGATION,0.555403557
REACTOME_RESOLUTION_OF_AP_SITES_VIA_THE_SINGLE_NUCLEOTIDE_REPLACEMENT_PATHWAY,0.432968536
REACTOME_FGFR_LIGAND_BINDING_AND_ACTIVATION,0.032831737
REACTOME_CHOLESTEROL_BIOSYNTHESIS,0.742134063
REACTOME_APOBEC3G_MEDIATED_RESISTANCE_TO_HIV1_INFECTION,1
REACTOME_GAP_JUNCTION_TRAFFICKING,0.066347469
REACTOME_FGFR2C_LIGAND_BINDING_AND_ACTIVATION,0.005471956
REACTOME_METABOLISM_OF_PORPHYRINS,0.216826265
REACTOME_FGFR4_LIGAND_BINDING_AND_ACTIVATION,0.001367989
REACTOME_VIF_MEDIATED_DEGRADATION_OF_APOBEC3G,0.099863201
REACTOME_SIG0LING_BY_FGFR,0.714774282
REACTOME_DIGESTION_OF_DIETARY_CARBOHYDRATE,1
REACTOME_FGFR1_LIGAND_BINDING_AND_ACTIVATION,0.004103967
REACTOME_GAP_JUNCTION_ASSEMBLY,1
REACTOME_SYNTHESIS_OF_GLYCOSYLPHOSPHATIDYLINOSITOL_GPI,0.417236662
REACTOME_R0_POL_I_TRANSCRIPTION_INITIATION,0.18878249
REACTOME_PYRIMIDINE_METABOLISM,0.62995896
REACTOME_INTRINSIC_PATHWAY_FOR_APOPTOSIS,0.816005472
REACTOME_PI3K_CASCADE,0.172366621
REACTOME_APOPTOTIC_EXECUTION_PHASE,0.247606019
REACTOME_SHC_RELATED_EVENTS,0.019151847
0BA_COLLAGENS,0.582763338
0BA_ECM_GLYCOPROTEINS,0.697674419
0BA_ECM_REGULATORS,0.01504788
0BA_ECM_AFFILIATED,0.358413133
0BA_PROTEOGLYCANS,0.480164159
0BA_SECRETED_FACTORS,0.150478796
0BA_CORE_MATRISOME,0.69493844
0BA_MATRISOME_ASSOCIATED,0.012311902
0BA_BASEMENT_MEMBRANES,0.270861833
0BA_MATRISOME,0.019835841
