,human,mouse
KEGG_GLYCOLYSIS_GLUCONEOGENESIS,0.997,1
KEGG_CITRATE_CYCLE_TCA_CYCLE,0.878,0.461
KEGG_PENTOSE_PHOSPHATE_PATHWAY,0.704,1
KEGG_PENTOSE_AND_GLUCURONATE_INTERCONVERSIONS,0.998,0.991
KEGG_FRUCTOSE_AND_MANNOSE_METABOLISM,0.322,0.991
KEGG_GALACTOSE_METABOLISM,0.214,0
KEGG_ASCORBATE_AND_ALDARATE_METABOLISM,0.995,0.999
KEGG_FATTY_ACID_METABOLISM,0.394,0.788
KEGG_STEROID_BIOSYNTHESIS,0.917,0.634
KEGG_PRIMARY_BILE_ACID_BIOSYNTHESIS,0.999,0.279
KEGG_STEROID_HORMONE_BIOSYNTHESIS,0.986,0.512
KEGG_OXIDATIVE_PHOSPHORYLATION,1,0.994
KEGG_PURINE_METABOLISM,0.696,1
KEGG_PYRIMIDINE_METABOLISM,0.56,1
KEGG_ALANINE_ASPARTATE_AND_GLUTAMATE_METABOLISM,0.71,0
KEGG_GLYCINE_SERINE_AND_THREONINE_METABOLISM,1,0
KEGG_CYSTEINE_AND_METHIONINE_METABOLISM,0.2,0.93
KEGG_VALINE_LEUCINE_AND_ISOLEUCINE_DEGRADATION,0.942,0.814
KEGG_VALINE_LEUCINE_AND_ISOLEUCINE_BIOSYNTHESIS,0.322,0.05
KEGG_LYSINE_DEGRADATION,0.636,0.068
KEGG_ARGININE_AND_PROLINE_METABOLISM,0.893,0.002
KEGG_HISTIDINE_METABOLISM,0.352,0.607
KEGG_TYROSINE_METABOLISM,0.996,1
KEGG_PHENYLALANINE_METABOLISM,1,1
KEGG_TRYPTOPHAN_METABOLISM,0.81,0.119
KEGG_BETA_ALANINE_METABOLISM,0.541,1
KEGG_TAURINE_AND_HYPOTAURINE_METABOLISM,0.997,0.956
KEGG_SELENOAMINO_ACID_METABOLISM,0.669,0
KEGG_GLUTATHIONE_METABOLISM,0.987,1
KEGG_STARCH_AND_SUCROSE_METABOLISM,0.025,0.134
KEGG_N_GLYCAN_BIOSYNTHESIS,0.859,0
KEGG_OTHER_GLYCAN_DEGRADATION,0.412,0
KEGG_O_GLYCAN_BIOSYNTHESIS,0.976,0
KEGG_AMINO_SUGAR_AND_NUCLEOTIDE_SUGAR_METABOLISM,0.979,0
KEGG_GLYCOSAMINOGLYCAN_DEGRADATION,0.982,0
KEGG_GLYCOSAMINOGLYCAN_BIOSYNTHESIS_CHONDROITIN_SULFATE,1,0.225
KEGG_GLYCOSAMINOGLYCAN_BIOSYNTHESIS_KERATAN_SULFATE,1,0.258
KEGG_GLYCOSAMINOGLYCAN_BIOSYNTHESIS_HEPARAN_SULFATE,0.999,0.063
KEGG_GLYCEROLIPID_METABOLISM,0.934,0.869
KEGG_INOSITOL_PHOSPHATE_METABOLISM,1,0.226
KEGG_GLYCOSYLPHOSPHATIDYLINOSITOL_GPI_ANCHOR_BIOSYNTHESIS,0.214,0.002
KEGG_GLYCEROPHOSPHOLIPID_METABOLISM,1,0.042
KEGG_ETHER_LIPID_METABOLISM,1,0.917
KEGG_ARACHIDONIC_ACID_METABOLISM,0.394,0.962
KEGG_LINOLEIC_ACID_METABOLISM,0.802,0.956
KEGG_ALPHA_LINOLENIC_ACID_METABOLISM,0.918,0.103
KEGG_SPHINGOLIPID_METABOLISM,0.716,0.184
KEGG_GLYCOSPHINGOLIPID_BIOSYNTHESIS_LACTO_AND_NEOLACTO_SERIES,1,0.026
KEGG_GLYCOSPHINGOLIPID_BIOSYNTHESIS_GLOBO_SERIES,0.994,0.036
KEGG_GLYCOSPHINGOLIPID_BIOSYNTHESIS_GANGLIO_SERIES,0.916,0.009
KEGG_PYRUVATE_METABOLISM,0.999,1
KEGG_GLYOXYLATE_AND_DICARBOXYLATE_METABOLISM,0.891,0.753
KEGG_PROPANOATE_METABOLISM,1,1
KEGG_BUTANOATE_METABOLISM,0.974,0.531
KEGG_ONE_CARBON_POOL_BY_FOLATE,0.922,0.518
KEGG_RIBOFLAVIN_METABOLISM,0.11,0.484
KEGG_NICOTINATE_AND_NICOTINAMIDE_METABOLISM,0.748,0.275
KEGG_PANTOTHENATE_AND_COA_BIOSYNTHESIS,0.696,0.046
KEGG_FOLATE_BIOSYNTHESIS,0.889,0.825
KEGG_RETINOL_METABOLISM,0.928,0.791
KEGG_PORPHYRIN_AND_CHLOROPHYLL_METABOLISM,0.998,0.165
KEGG_TERPENOID_BACKBONE_BIOSYNTHESIS,0.727,0.955
KEGG_LIMONENE_AND_PINENE_DEGRADATION,0.708,0.98
KEGG_NITROGEN_METABOLISM,0.762,0.101
KEGG_SULFUR_METABOLISM,0.575,0.007
KEGG_AMINOACYL_TRNA_BIOSYNTHESIS,0.985,0.001
KEGG_METABOLISM_OF_XENOBIOTICS_BY_CYTOCHROME_P450,1,0.918
KEGG_DRUG_METABOLISM_CYTOCHROME_P450,1,0.877
KEGG_DRUG_METABOLISM_OTHER_ENZYMES,0.595,1
KEGG_BIOSYNTHESIS_OF_UNSATURATED_FATTY_ACIDS,0.12,0.852
KEGG_ABC_TRANSPORTERS,1,0
KEGG_RIBOSOME,0.361,1
KEGG_RNA_DEGRADATION,0.968,1
KEGG_RNA_POLYMERASE,0.645,1
KEGG_BASAL_TRANSCRIPTION_FACTORS,1,0.702
KEGG_DNA_REPLICATION,0.308,1
KEGG_SPLICEOSOME,0.621,1
KEGG_PROTEASOME,1,1
KEGG_PROTEIN_EXPORT,0.999,0
KEGG_PPAR_SIGNALING_PATHWAY,0.997,0.031
KEGG_BASE_EXCISION_REPAIR,0.666,0.983
KEGG_NUCLEOTIDE_EXCISION_REPAIR,0.994,1
KEGG_MISMATCH_REPAIR,0.374,1
KEGG_HOMOLOGOUS_RECOMBINATION,0.621,1
KEGG_NON_HOMOLOGOUS_END_JOINING,0.632,0.646
KEGG_MAPK_SIGNALING_PATHWAY,1,0.99
KEGG_ERBB_SIGNALING_PATHWAY,1,0.002
KEGG_CALCIUM_SIGNALING_PATHWAY,1,0.4
KEGG_CYTOKINE_CYTOKINE_RECEPTOR_INTERACTION,0.44,0.001
KEGG_CHEMOKINE_SIGNALING_PATHWAY,1,0.782
KEGG_PHOSPHATIDYLINOSITOL_SIGNALING_SYSTEM,1,1
KEGG_NEUROACTIVE_LIGAND_RECEPTOR_INTERACTION,0.109,0
KEGG_CELL_CYCLE,0.985,0.567
KEGG_OOCYTE_MEIOSIS,0.933,0
KEGG_P53_SIGNALING_PATHWAY,0.998,0.628
KEGG_UBIQUITIN_MEDIATED_PROTEOLYSIS,1,0.952
KEGG_SNARE_INTERACTIONS_IN_VESICULAR_TRANSPORT,0.995,0.181
KEGG_REGULATION_OF_AUTOPHAGY,0.008,0.481
KEGG_LYSOSOME,0.973,0.593
KEGG_ENDOCYTOSIS,1,0
KEGG_PEROXISOME,0.259,0.011
KEGG_MTOR_SIGNALING_PATHWAY,0,1
KEGG_APOPTOSIS,1,0.997
KEGG_CARDIAC_MUSCLE_CONTRACTION,0.99,1
KEGG_VASCULAR_SMOOTH_MUSCLE_CONTRACTION,1,0.957
KEGG_WNT_SIGNALING_PATHWAY,1,0
KEGG_DORSO_VENTRAL_AXIS_FORMATION,1,0.113
KEGG_NOTCH_SIGNALING_PATHWAY,1,0.006
KEGG_HEDGEHOG_SIGNALING_PATHWAY,1,0.958
KEGG_TGF_BETA_SIGNALING_PATHWAY,1,0.938
KEGG_AXON_GUIDANCE,1,0.999
KEGG_VEGF_SIGNALING_PATHWAY,1,0.192
KEGG_FOCAL_ADHESION,1,0
KEGG_ECM_RECEPTOR_INTERACTION,0.59,0.274
KEGG_CELL_ADHESION_MOLECULES_CAMS,0.117,0.942
KEGG_ADHERENS_JUNCTION,1,0.297
KEGG_TIGHT_JUNCTION,1,0.275
KEGG_GAP_JUNCTION,1,0.562
KEGG_COMPLEMENT_AND_COAGULATION_CASCADES,0.996,0.475
KEGG_ANTIGEN_PROCESSING_AND_PRESENTATION,0.816,0.183
KEGG_RENIN_ANGIOTENSIN_SYSTEM,0.529,1
KEGG_TOLL_LIKE_RECEPTOR_SIGNALING_PATHWAY,1,0.948
KEGG_NOD_LIKE_RECEPTOR_SIGNALING_PATHWAY,0.994,0.348
KEGG_RIG_I_LIKE_RECEPTOR_SIGNALING_PATHWAY,1,0
KEGG_CYTOSOLIC_DNA_SENSING_PATHWAY,0.897,0.001
KEGG_JAK_STAT_SIGNALING_PATHWAY,1,0
KEGG_HEMATOPOIETIC_CELL_LINEAGE,0.159,0.028
KEGG_NATURAL_KILLER_CELL_MEDIATED_CYTOTOXICITY,0.999,0.469
KEGG_T_CELL_RECEPTOR_SIGNALING_PATHWAY,1,0.986
KEGG_B_CELL_RECEPTOR_SIGNALING_PATHWAY,1,0.513
KEGG_FC_EPSILON_RI_SIGNALING_PATHWAY,1,0.032
KEGG_FC_GAMMA_R_MEDIATED_PHAGOCYTOSIS,1,0.99
KEGG_LEUKOCYTE_TRANSENDOTHELIAL_MIGRATION,0.959,0.242
KEGG_INTESTINAL_IMMUNE_NETWORK_FOR_IGA_PRODUCTION,0.717,0.975
KEGG_CIRCADIAN_RHYTHM_MAMMAL,1,0.043
KEGG_LONG_TERM_POTENTIATION,1,0.86
KEGG_NEUROTROPHIN_SIGNALING_PATHWAY,1,0.012
KEGG_LONG_TERM_DEPRESSION,1,0
KEGG_OLFACTORY_TRANSDUCTION,0.656,0.999
KEGG_TASTE_TRANSDUCTION,0.153,1
KEGG_REGULATION_OF_ACTIN_CYTOSKELETON,0.982,0.363
KEGG_INSULIN_SIGNALING_PATHWAY,0.998,0.952
KEGG_GNRH_SIGNALING_PATHWAY,1,0.955
KEGG_PROGESTERONE_MEDIATED_OOCYTE_MATURATION,0.975,0
KEGG_MELANOGENESIS,1,1
KEGG_ADIPOCYTOKINE_SIGNALING_PATHWAY,1,0.003
KEGG_TYPE_II_DIABETES_MELLITUS,0.92,0
KEGG_TYPE_I_DIABETES_MELLITUS,0,0
KEGG_MATURITY_ONSET_DIABETES_OF_THE_YOUNG,0,0.027
KEGG_ALDOSTERONE_REGULATED_SODIUM_REABSORPTION,0.975,0.004
KEGG_VASOPRESSIN_REGULATED_WATER_REABSORPTION,0.994,0.922
KEGG_PROXIMAL_TUBULE_BICARBONATE_RECLAMATION,0.093,0
KEGG_ALZHEIMERS_DISEASE,1,0.999
KEGG_PARKINSONS_DISEASE,1,1
KEGG_AMYOTROPHIC_LATERAL_SCLEROSIS_ALS,1,1
KEGG_HUNTINGTONS_DISEASE,1,1
KEGG_PRION_DISEASES,1,0
KEGG_VIBRIO_CHOLERAE_INFECTION,0.356,0.866
KEGG_EPITHELIAL_CELL_SIGNALING_IN_HELICOBACTER_PYLORI_INFECTION,0.999,0.983
KEGG_PATHOGENIC_ESCHERICHIA_COLI_INFECTION,0.686,1
KEGG_LEISHMANIA_INFECTION,0.808,0
KEGG_PATHWAYS_IN_CANCER,1,0
KEGG_COLORECTAL_CANCER,1,0
KEGG_RENAL_CELL_CARCINOMA,1,0.004
KEGG_PANCREATIC_CANCER,1,0
KEGG_ENDOMETRIAL_CANCER,1,0
KEGG_GLIOMA,1,0
KEGG_PROSTATE_CANCER,0.996,0
KEGG_THYROID_CANCER,1,0.785
KEGG_BASAL_CELL_CARCINOMA,0.998,0.502
KEGG_MELANOMA,1,0
KEGG_BLADDER_CANCER,0.833,0.191
KEGG_CHRONIC_MYELOID_LEUKEMIA,1,0.124
KEGG_ACUTE_MYELOID_LEUKEMIA,1,0
KEGG_SMALL_CELL_LUNG_CANCER,1,0.118
KEGG_NON_SMALL_CELL_LUNG_CANCER,1,0.002
KEGG_ASTHMA,1,1
KEGG_AUTOIMMUNE_THYROID_DISEASE,1,1
KEGG_SYSTEMIC_LUPUS_ERYTHEMATOSUS,0.998,1
KEGG_ALLOGRAFT_REJECTION,1,1
KEGG_GRAFT_VERSUS_HOST_DISEASE,1,1
KEGG_PRIMARY_IMMUNODEFICIENCY,0.997,0.901
KEGG_HYPERTROPHIC_CARDIOMYOPATHY_HCM,0.981,0.997
KEGG_ARRHYTHMOGENIC_RIGHT_VENTRICULAR_CARDIOMYOPATHY_ARVC,1,0.939
KEGG_DILATED_CARDIOMYOPATHY,1,0.963
KEGG_VIRAL_MYOCARDITIS,0.983,1
BIOCARTA_RELA_PATHWAY,1,0
BIOCARTA_NO1_PATHWAY,0.469,0.408
BIOCARTA_CSK_PATHWAY,0.69,0.999
BIOCARTA_SRCRPTP_PATHWAY,1,0.015
BIOCARTA_AMI_PATHWAY,0.962,0.87
BIOCARTA_GRANULOCYTES_PATHWAY,1,1
BIOCARTA_LYM_PATHWAY,0.984,1
BIOCARTA_ARAP_PATHWAY,0.999,0.227
BIOCARTA_AGR_PATHWAY,1,0.04
BIOCARTA_AKAP95_PATHWAY,0.529,0.601
BIOCARTA_AKT_PATHWAY,1,0.468
BIOCARTA_ALK_PATHWAY,1,0.032
BIOCARTA_AT1R_PATHWAY,1,0.907
BIOCARTA_ACE2_PATHWAY,0.957,0.821
BIOCARTA_ASBCELL_PATHWAY,1,1
BIOCARTA_DNAFRAGMENT_PATHWAY,0.638,1
BIOCARTA_CHEMICAL_PATHWAY,0.458,0.961
BIOCARTA_SPPA_PATHWAY,1,0.042
BIOCARTA_ATM_PATHWAY,1,0.457
BIOCARTA_AGPCR_PATHWAY,1,0.988
BIOCARTA_BCELLSURVIVAL_PATHWAY,0.191,0
BIOCARTA_BLYMPHOCYTE_PATHWAY,0.967,1
BIOCARTA_BCR_PATHWAY,1,1
BIOCARTA_BIOPEPTIDES_PATHWAY,1,0.181
BIOCARTA_NEUROTRANSMITTERS_PATHWAY,1,1
BIOCARTA_RANKL_PATHWAY,1,0.481
BIOCARTA_CACAM_PATHWAY,0.998,0.896
BIOCARTA_CDMAC_PATHWAY,1,0.001
BIOCARTA_CARM_ER_PATHWAY,0.992,0.477
BIOCARTA_CASPASE_PATHWAY,0.131,0.84
BIOCARTA_CBL_PATHWAY,1,0.032
BIOCARTA_CCR3_PATHWAY,1,0.997
BIOCARTA_CD40_PATHWAY,0.984,0.022
BIOCARTA_MCM_PATHWAY,0.793,1
BIOCARTA_G1_PATHWAY,0.997,0.954
BIOCARTA_G2_PATHWAY,0.997,0.893
BIOCARTA_CELL2CELL_PATHWAY,0.996,0
BIOCARTA_LAIR_PATHWAY,0.934,0.995
BIOCARTA_CERAMIDE_PATHWAY,0.992,0.885
BIOCARTA_TID_PATHWAY,0.997,0.025
BIOCARTA_CLASSIC_PATHWAY,1,1
BIOCARTA_COMP_PATHWAY,0.951,0.722
BIOCARTA_VDR_PATHWAY,1,0
BIOCARTA_HDAC_PATHWAY,0.036,0
BIOCARTA_GCR_PATHWAY,0.827,0.197
BIOCARTA_CTCF_PATHWAY,0.998,0.003
BIOCARTA_CTL_PATHWAY,1,1
BIOCARTA_CXCR4_PATHWAY,1,0.225
BIOCARTA_CELLCYCLE_PATHWAY,0.985,0.999
BIOCARTA_CFTR_PATHWAY,0.998,0.278
BIOCARTA_CYTOKINE_PATHWAY,1,1
BIOCARTA_INFLAM_PATHWAY,0.956,1
BIOCARTA_D4GDI_PATHWAY,0.945,0.967
BIOCARTA_DC_PATHWAY,1,1
BIOCARTA_P35ALZHEIMERS_PATHWAY,0.978,0.959
BIOCARTA_RNA_PATHWAY,1,0.044
BIOCARTA_MTA3_PATHWAY,0.855,1
BIOCARTA_SKP2E2F_PATHWAY,1,1
BIOCARTA_CALCINEURIN_PATHWAY,1,1
BIOCARTA_EGF_PATHWAY,1,0
BIOCARTA_ETC_PATHWAY,1,0.949
BIOCARTA_NDKDYNAMIN_PATHWAY,0.997,0.806
BIOCARTA_EPHA4_PATHWAY,0.965,0.437
BIOCARTA_EPO_PATHWAY,1,0.503
BIOCARTA_ECM_PATHWAY,1,0.009
BIOCARTA_ERK_PATHWAY,0.999,0
BIOCARTA_ERYTH_PATHWAY,0.981,1
BIOCARTA_EPONFKB_PATHWAY,0.993,0.081
BIOCARTA_EIF_PATHWAY,0.89,1
BIOCARTA_EXTRINSIC_PATHWAY,0.998,1
BIOCARTA_FAS_PATHWAY,0.824,0
BIOCARTA_FCER1_PATHWAY,1,1
BIOCARTA_FEEDER_PATHWAY,0.987,1
BIOCARTA_FIBRINOLYSIS_PATHWAY,0.996,1
BIOCARTA_FMLP_PATHWAY,1,0.72
BIOCARTA_FREE_PATHWAY,0.578,1
BIOCARTA_GABA_PATHWAY,0.674,1
BIOCARTA_GATA3_PATHWAY,1,0.004
BIOCARTA_GLYCOLYSIS_PATHWAY,1,1
BIOCARTA_SET_PATHWAY,1,1
BIOCARTA_GH_PATHWAY,1,0.001
BIOCARTA_AHSP_PATHWAY,0.99,0.985
BIOCARTA_TCAPOPTOSIS_PATHWAY,1,1
BIOCARTA_HIVNEF_PATHWAY,0.982,0.111
BIOCARTA_SALMONELLA_PATHWAY,0.961,1
BIOCARTA_MPR_PATHWAY,0.753,1
BIOCARTA_HCMV_PATHWAY,1,0.001
BIOCARTA_P53HYPOXIA_PATHWAY,0.768,1
BIOCARTA_HIF_PATHWAY,0.037,0.849
BIOCARTA_IGF1_PATHWAY,1,0
BIOCARTA_IL17_PATHWAY,0.994,1
BIOCARTA_IL2_PATHWAY,0.997,0.868
BIOCARTA_IL3_PATHWAY,1,0.718
BIOCARTA_IL4_PATHWAY,0.927,0
BIOCARTA_IL5_PATHWAY,1,1
BIOCARTA_IL6_PATHWAY,1,0.003
BIOCARTA_IL10_PATHWAY,0.942,0
BIOCARTA_IL12_PATHWAY,0.818,0.849
BIOCARTA_IL2RB_PATHWAY,0.983,0.815
BIOCARTA_IL22BP_PATHWAY,0.782,0.04
BIOCARTA_IL7_PATHWAY,0.994,0.458
BIOCARTA_GSK3_PATHWAY,1,0
BIOCARTA_DEATH_PATHWAY,0.977,0.001
BIOCARTA_RACCYCD_PATHWAY,1,0.999
BIOCARTA_GLEEVEC_PATHWAY,1,0.31
BIOCARTA_INSULIN_PATHWAY,0.991,0.491
BIOCARTA_INTEGRIN_PATHWAY,1,0.063
BIOCARTA_INTRINSIC_PATHWAY,0.912,0.894
BIOCARTA_KERATINOCYTE_PATHWAY,1,0.587
BIOCARTA_TCRA_PATHWAY,1,1
BIOCARTA_LECTIN_PATHWAY,1,1
BIOCARTA_PYK2_PATHWAY,1,0.83
BIOCARTA_EGFR_SMRTE_PATHWAY,1,0.055
BIOCARTA_MAPK_PATHWAY,1,0.973
BIOCARTA_MCALPAIN_PATHWAY,0.455,0.02
BIOCARTA_PPARA_PATHWAY,0.136,0.641
BIOCARTA_ETS_PATHWAY,1,0.061
BIOCARTA_MONOCYTE_PATHWAY,0.946,1
BIOCARTA_MTOR_PATHWAY,1,1
BIOCARTA_IGF1R_PATHWAY,1,0
BIOCARTA_PITX2_PATHWAY,1,0
BIOCARTA_NGF_PATHWAY,1,0.58
BIOCARTA_VIP_PATHWAY,1,0.998
BIOCARTA_NFAT_PATHWAY,1,0.168
BIOCARTA_NTHI_PATHWAY,1,0
BIOCARTA_NFKB_PATHWAY,0.983,0
BIOCARTA_NOS1_PATHWAY,0.998,0.981
BIOCARTA_NO2IL12_PATHWAY,0.96,1
BIOCARTA_RARRXR_PATHWAY,1,0.001
BIOCARTA_NUCLEARRS_PATHWAY,1,0.822
BIOCARTA_ARENRF2_PATHWAY,0.996,0.026
BIOCARTA_P38MAPK_PATHWAY,1,0.922
BIOCARTA_P53_PATHWAY,0.998,1
BIOCARTA_PDGF_PATHWAY,1,0.003
BIOCARTA_CCR5_PATHWAY,0.946,0.997
BIOCARTA_PTDINS_PATHWAY,1,0.502
BIOCARTA_PLCE_PATHWAY,0.911,0.935
BIOCARTA_EDG1_PATHWAY,1,0.061
BIOCARTA_CDK5_PATHWAY,1,0.033
BIOCARTA_MYOSIN_PATHWAY,1,0.311
BIOCARTA_PLATELETAPP_PATHWAY,0.291,1
BIOCARTA_PS1_PATHWAY,1,0.021
BIOCARTA_PROTEASOME_PATHWAY,1,0.148
BIOCARTA_AKAPCENTROSOME_PATHWAY,0.846,0.669
BIOCARTA_PTEN_PATHWAY,1,0.004
BIOCARTA_RAB_PATHWAY,0.332,0.317
BIOCARTA_RAC1_PATHWAY,1,0.29
BIOCARTA_RAS_PATHWAY,1,0.09
BIOCARTA_NKCELLS_PATHWAY,0.18,1
BIOCARTA_RB_PATHWAY,0.885,1
BIOCARTA_CHREBP2_PATHWAY,1,0.311
BIOCARTA_BAD_PATHWAY,1,0
BIOCARTA_CK1_PATHWAY,0.992,0.352
BIOCARTA_EIF2_PATHWAY,0.683,0.987
BIOCARTA_EIF4_PATHWAY,1,1
BIOCARTA_STEM_PATHWAY,1,1
BIOCARTA_P27_PATHWAY,1,1
BIOCARTA_PGC1A_PATHWAY,1,0.899
BIOCARTA_PML_PATHWAY,0.474,0.213
BIOCARTA_DREAM_PATHWAY,0.999,0.887
BIOCARTA_LEPTIN_PATHWAY,0.859,0.667
BIOCARTA_RHO_PATHWAY,0.964,1
BIOCARTA_AKAP13_PATHWAY,1,0.728
BIOCARTA_ATRBRCA_PATHWAY,0.844,0.98
BIOCARTA_CARDIACEGF_PATHWAY,0.786,0
BIOCARTA_HER2_PATHWAY,1,0
BIOCARTA_ERK5_PATHWAY,1,0
BIOCARTA_MAL_PATHWAY,1,0.939
BIOCARTA_MEF2D_PATHWAY,0.979,0.93
BIOCARTA_MITOCHONDRIA_PATHWAY,0.484,0.71
BIOCARTA_ACH_PATHWAY,1,0
BIOCARTA_PARKIN_PATHWAY,0.484,0.918
BIOCARTA_CDC42RAC_PATHWAY,0.929,1
BIOCARTA_RANMS_PATHWAY,0.934,1
BIOCARTA_BARR_MAPK_PATHWAY,1,0.657
BIOCARTA_TOB1_PATHWAY,0.997,0.96
BIOCARTA_BARRESTIN_SRC_PATHWAY,1,0.545
BIOCARTA_NKT_PATHWAY,0.708,1
BIOCARTA_IL1R_PATHWAY,1,0.01
BIOCARTA_MET_PATHWAY,1,0.003
BIOCARTA_GPCR_PATHWAY,1,1
BIOCARTA_IGF1MTOR_PATHWAY,0.998,0.021
BIOCARTA_SODD_PATHWAY,0.968,0.999
BIOCARTA_SHH_PATHWAY,1,0.915
BIOCARTA_PTC1_PATHWAY,0.954,0.996
BIOCARTA_SPRY_PATHWAY,1,0.012
BIOCARTA_BARRESTIN_PATHWAY,1,0.022
BIOCARTA_STATHMIN_PATHWAY,0.909,0.031
BIOCARTA_HSP27_PATHWAY,0.201,1
BIOCARTA_TCR_PATHWAY,1,1
BIOCARTA_TCYTOTOXIC_PATHWAY,1,1
BIOCARTA_THELPER_PATHWAY,0.996,1
BIOCARTA_TALL1_PATHWAY,1,0.016
BIOCARTA_TEL_PATHWAY,0.7,0.001
BIOCARTA_TGFB_PATHWAY,1,0.559
BIOCARTA_TH1TH2_PATHWAY,0.955,1
BIOCARTA_41BB_PATHWAY,1,0.168
BIOCARTA_KREB_PATHWAY,0.514,0.991
BIOCARTA_CTLA4_PATHWAY,0.871,0.265
BIOCARTA_LONGEVITY_PATHWAY,0.981,0
BIOCARTA_SARS_PATHWAY,1,1
BIOCARTA_PAR1_PATHWAY,1,0.585
BIOCARTA_STRESS_PATHWAY,1,0.009
BIOCARTA_TNFR1_PATHWAY,0.679,0
BIOCARTA_TNFR2_PATHWAY,0.99,0.05
BIOCARTA_TOLL_PATHWAY,1,0.107
BIOCARTA_TPO_PATHWAY,1,0
BIOCARTA_CREB_PATHWAY,1,0.726
BIOCARTA_CARM1_PATHWAY,1,0.407
BIOCARTA_TFF_PATHWAY,0.998,0.089
BIOCARTA_TRKA_PATHWAY,1,0
BIOCARTA_ARF_PATHWAY,1,1
BIOCARTA_UCALPAIN_PATHWAY,0.766,0.374
BIOCARTA_VEGF_PATHWAY,0.971,1
BIOCARTA_VITCB_PATHWAY,0.913,0.989
BIOCARTA_WNT_PATHWAY,1,0.014
BIOCARTA_ACTINY_PATHWAY,0.882,1
ST_INTERFERON_GAMMA_PATHWAY,0.67,0.985
ST_WNT_CA2_CYCLIC_GMP_PATHWAY,1,0.009
ST_DIFFERENTIATION_PATHWAY_IN_PC12_CELLS,1,0.149
ST_TUMOR_NECROSIS_FACTOR_PATHWAY,1,0.366
SA_B_CELL_RECEPTOR_COMPLEXES,1,0.985
ST_ERK1_ERK2_MAPK_PATHWAY,1,0.007
SIG_CD40PATHWAYMAP,1,0.047
SIG_PIP3_SIGNALING_IN_CARDIAC_MYOCTES,1,0.212
SA_CASPASE_CASCADE,0.715,0
ST_GA12_PATHWAY,1,0.157
ST_G_ALPHA_S_PATHWAY,0.147,0.007
ST_G_ALPHA_I_PATHWAY,1,0
SIG_CHEMOTAXIS,1,1
ST_IL_13_PATHWAY,0.998,1
ST_P38_MAPK_PATHWAY,1,0.175
SIG_IL4RECEPTOR_IN_B_LYPHOCYTES,1,0.019
WNT_SIGNALING,1,1
ST_JAK_STAT_PATHWAY,1,1
SIG_REGULATION_OF_THE_ACTIN_CYTOSKELETON_BY_RHO_GTPASES,1,1
ST_GRANULE_CELL_SURVIVAL_PATHWAY,1,0.68
ST_ADRENERGIC,1,0.013
ST_INTEGRIN_SIGNALING_PATHWAY,1,0.005
ST_GAQ_PATHWAY,1,0.001
ST_GA13_PATHWAY,1,0.133
ST_STAT3_PATHWAY,0.998,0.01
SA_FAS_SIGNALING,0.75,1
SA_G1_AND_S_PHASES,0.705,1
SIG_INSULIN_RECEPTOR_PATHWAY_IN_CARDIAC_MYOCYTES,1,0.421
ST_T_CELL_SIGNAL_TRANSDUCTION,0.997,0.001
ST_TYPE_I_INTERFERON_PATHWAY,0.683,0.773
ST_PAC1_RECEPTOR_PATHWAY,0.988,0.247
SIG_PIP3_SIGNALING_IN_B_LYMPHOCYTES,1,0
SIG_BCR_SIGNALING_PATHWAY,1,0.951
SA_G2_AND_M_PHASES,1,1
ST_B_CELL_ANTIGEN_RECEPTOR,1,0.001
ST_INTERLEUKIN_4_PATHWAY,1,0
ST_WNT_BETA_CATENIN_PATHWAY,1,0.2
SA_MMP_CYTOKINE_CONNECTION,0.777,1
ST_JNK_MAPK_PATHWAY,1,0.996
SA_PROGRAMMED_CELL_DEATH,0.998,0.598
ST_FAS_SIGNALING_PATHWAY,1,0.76
ST_MYOCYTE_AD_PATHWAY,1,0.666
SA_PTEN_PATHWAY,1,0.176
SA_REG_CASCADE_OF_CYCLIN_EXPR,0.999,1
SA_TRKA_RECEPTOR,1,0.079
ST_PHOSPHOINOSITIDE_3_KINASE_PATHWAY,1,0.197
PID_FANCONI_PATHWAY,0.476,0.14
PID_SMAD2_3NUCLEAR_PATHWAY,1,0.779
PID_FCER1_PATHWAY,1,0.524
PID_ENDOTHELIN_PATHWAY,1,0.947
PID_BCR_5PATHWAY,1,0.917
PID_PRL_SIGNALING_EVENTS_PATHWAY,0.984,0.998
PID_RHOA_PATHWAY,1,0.321
PID_ERBB4_PATHWAY,1,0
PID_AURORA_B_PATHWAY,0.987,1
PID_LYSOPHOSPHOLIPID_PATHWAY,1,1
PID_INSULIN_PATHWAY,0.861,0.006
PID_NOTCH_PATHWAY,1,0.22
PID_INTEGRIN1_PATHWAY,0.162,0.01
PID_P73PATHWAY,1,0.931
PID_P38_MKK3_6PATHWAY,1,0.028
PID_GMCSF_PATHWAY,1,0.003
PID_WNT_NONCANONICAL_PATHWAY,1,0.921
PID_NFKAPPAB_ATYPICAL_PATHWAY,1,0
PID_IL4_2PATHWAY,1,0
PID_HDAC_CLASSII_PATHWAY,0.983,1
PID_BETA_CATENIN_DEG_PATHWAY,1,0
PID_HDAC_CLASSIII_PATHWAY,0.963,0.092
PID_GLYPICAN_1PATHWAY,0.948,0.993
PID_TCR_PATHWAY,1,0.554
PID_IL27_PATHWAY,0.595,0.041
PID_NFKAPPAB_CANONICAL_PATHWAY,0.999,0.645
PID_E2F_PATHWAY,0.995,1
PID_ER_NONGENOMIC_PATHWAY,1,0
PID_DNA_PK_PATHWAY,0.411,0.186
PID_HIF2PATHWAY,0.978,0.99
PID_CD40_PATHWAY,1,0
PID_ATR_PATHWAY,0.582,0.871
PID_INTEGRIN_CS_PATHWAY,0.445,0.001
PID_MET_PATHWAY,1,0.001
PID_PTP1B_PATHWAY,0.018,0
PID_INTEGRIN3_PATHWAY,0.027,0.079
PID_IL12_2PATHWAY,0.374,0
PID_S1P_S1P3_PATHWAY,1,0.33
PID_LPA4_PATHWAY,1,0.137
PID_AR_PATHWAY,1,0.998
PID_NFAT_TFPATHWAY,0.809,0.098
PID_EPHB_FWD_PATHWAY,1,0.882
PID_AVB3_OPN_PATHWAY,0.996,0.981
PID_S1P_S1P4_PATHWAY,1,0.499
PID_FRA_PATHWAY,0.869,0.542
PID_MYC_ACTIV_PATHWAY,0.802,1
PID_ARF6_TRAFFICKING_PATHWAY,0.01,0.029
PID_RHOA_REG_PATHWAY,1,0
PID_REELIN_PATHWAY,1,0.001
PID_PS1_PATHWAY,1,0.122
PID_ILK_PATHWAY,1,1
PID_NECTIN_PATHWAY,1,0.266
PID_P38_ALPHA_BETA_PATHWAY,1,0.981
PID_WNT_SIGNALING_PATHWAY,0.479,0.438
PID_TRAIL_PATHWAY,1,0.065
PID_CDC42_PATHWAY,1,0.874
PID_RET_PATHWAY,1,0.392
PID_CDC42_REG_PATHWAY,1,0.297
PID_ATM_PATHWAY,0.868,0.008
PID_ARF6_PATHWAY,1,0.91
PID_LKB1_PATHWAY,1,0.879
PID_CD8_TCR_PATHWAY,0.9,0.002
PID_WNT_CANONICAL_PATHWAY,1,0.019
PID_TCPTP_PATHWAY,0.5,0
PID_ANGIOPOIETIN_RECEPTOR_PATHWAY,1,0.139
PID_FAS_PATHWAY,0.996,0
PID_CIRCADIAN_PATHWAY,1,0.904
PID_TXA2PATHWAY,1,0.975
PID_SHP2_PATHWAY,1,0
PID_HDAC_CLASSI_PATHWAY,1,0.204
PID_S1P_S1P1_PATHWAY,0.999,0.381
PID_TELOMERASE_PATHWAY,1,1
PID_HNF3B_PATHWAY,0,0.024
PID_NETRIN_PATHWAY,1,0.001
PID_IL1_PATHWAY,1,0.049
PID_NFAT_3PATHWAY,1,0.454
PID_REG_GR_PATHWAY,1,0.09
PID_CONE_PATHWAY,0.751,0.708
PID_INTEGRIN_A9B1_PATHWAY,0.091,0
PID_ERB_GENOMIC_PATHWAY,1,0.223
PID_ARF6_DOWNSTREAM_PATHWAY,0.854,1
PID_MTOR_4PATHWAY,1,1
PID_IL2_1PATHWAY,1,0
PID_CXCR4_PATHWAY,1,0.915
PID_IGF1_PATHWAY,1,0
PID_ERBB1_RECEPTOR_PROXIMAL_PATHWAY,1,0
PID_TNF_PATHWAY,1,0.832
PID_PLK1_PATHWAY,1,0.058
PID_TCR_RAS_PATHWAY,0.999,0.05
PID_IL5_PATHWAY,1,0.012
PID_FOXO_PATHWAY,1,0.889
PID_VEGF_VEGFR_PATHWAY,0.711,0.874
PID_THROMBIN_PAR4_PATHWAY,1,0.801
PID_MYC_PATHWAY,1,0.999
PID_RANBP2_PATHWAY,0.993,1
PID_PI3KCI_PATHWAY,1,0.926
PID_AJDISS_2PATHWAY,1,0
PID_IL2_PI3K_PATHWAY,1,1
PID_CERAMIDE_PATHWAY,1,0.06
PID_P53_DOWNSTREAM_PATHWAY,0.984,0.995
PID_AR_TF_PATHWAY,1,0.885
PID_P75_NTR_PATHWAY,1,0.561
PID_S1P_META_PATHWAY,1,0.778
PID_ECADHERIN_NASCENT_AJ_PATHWAY,1,0.331
PID_INTEGRIN4_PATHWAY,0.998,0.831
PID_AMB2_NEUTROPHILS_PATHWAY,0.758,0.277
PID_AVB3_INTEGRIN_PATHWAY,0.978,0
PID_IFNG_PATHWAY,1,0
PID_RXR_VDR_PATHWAY,1,0.045
PID_LIS1_PATHWAY,0.912,0.014
PID_ERBB1_DOWNSTREAM_PATHWAY,1,0.064
PID_SYNDECAN_4_PATHWAY,0.974,0.843
PID_ATF2_PATHWAY,0,0.03
PID_AP1_PATHWAY,0.596,0.006
PID_INTEGRIN2_PATHWAY,0.997,0.998
PID_UPA_UPAR_PATHWAY,0.357,0.001
PID_ERBB2_ERBB3_PATHWAY,1,0
PID_FOXM1_PATHWAY,0.996,0.295
PID_EPHA_FWDPATHWAY,1,0.836
PID_HIF1A_PATHWAY,0.465,1
PID_BMP_PATHWAY,1,0.243
PID_IL3_PATHWAY,1,0.485
PID_IL6_7_PATHWAY,1,0.004
PID_ECADHERIN_KERATINOCYTE_PATHWAY,1,0.098
PID_ALK1_PATHWAY,0.985,0.888
PID_PDGFRB_PATHWAY,1,0
PID_TRKR_PATHWAY,1,0
PID_TCR_JNK_PATHWAY,1,0.458
PID_NEPHRIN_NEPH1_PATHWAY,1,0.96
PID_CMYB_PATHWAY,1,0.242
PID_IL23_PATHWAY,0.988,0
PID_HIV_NEF_PATHWAY,0.697,0
PID_SYNDECAN_1_PATHWAY,0.798,0.432
PID_P38_MK2_PATHWAY,1,0.611
PID_ERA_GENOMIC_PATHWAY,1,0.993
PID_ERBB_NETWORK_PATHWAY,0.649,0.961
PID_ALK2_PATHWAY,0.993,0.04
PID_RHODOPSIN_PATHWAY,0.51,0.543
PID_PDGFRA_PATHWAY,1,0.356
PID_RETINOIC_ACID_PATHWAY,1,0.085
PID_P38_GAMMA_DELTA_PATHWAY,1,0.99
PID_IL8_CXCR2_PATHWAY,1,0.757
PID_HEDGEHOG_2PATHWAY,1,0.324
PID_INTEGRIN5_PATHWAY,0.894,0.279
PID_AR_NONGENOMIC_PATHWAY,1,0.911
PID_ERBB1_INTERNALIZATION_PATHWAY,1,0.638
PID_HEDGEHOG_GLI_PATHWAY,1,0.125
PID_CASPASE_PATHWAY,0.35,0.719
PID_CXCR3_PATHWAY,1,0.922
PID_BETA_CATENIN_NUC_PATHWAY,1,0.024
PID_VEGFR1_PATHWAY,0.878,0.008
PID_SMAD2_3PATHWAY,1,0.697
PID_P38_ALPHA_BETA_DOWNSTREAM_PATHWAY,0.998,0.621
PID_KIT_PATHWAY,1,0
PID_ECADHERIN_STABILIZATION_PATHWAY,1,0
PID_EPO_PATHWAY,1,0.009
PID_IL2_STAT5_PATHWAY,0.998,0
PID_TCR_CALCIUM_PATHWAY,1,1
PID_DELTA_NP63_PATHWAY,0.958,0
PID_VEGFR1_2_PATHWAY,1,0.442
PID_THROMBIN_PAR1_PATHWAY,1,0.683
PID_A6B1_A6B4_INTEGRIN_PATHWAY,0.862,0.282
PID_SYNDECAN_2_PATHWAY,0.989,0.981
PID_RAC1_REG_PATHWAY,1,0.183
PID_AURORA_A_PATHWAY,1,0.607
PID_ARF_3PATHWAY,0.984,0.999
PID_INSULIN_GLUCOSE_PATHWAY,0.268,0.543
PID_PI3KCI_AKT_PATHWAY,1,0.791
PID_SYNDECAN_3_PATHWAY,0.939,0.54
PID_IL8_CXCR1_PATHWAY,1,0.627
PID_MYC_REPRESS_PATHWAY,0.867,0.495
PID_HIF1_TFPATHWAY,0.874,1
PID_TAP63_PATHWAY,0.994,0
PID_EPHRINB_REV_PATHWAY,1,0.789
PID_BARD1_PATHWAY,0.962,1
PID_P53_REGULATION_PATHWAY,0.999,0.997
PID_TOLL_ENDOGENOUS_PATHWAY,0.954,0.998
PID_NCADHERIN_PATHWAY,1,0
PID_ANTHRAX_PATHWAY,1,0.201
PID_S1P_S1P2_PATHWAY,1,0.931
PID_RAS_PATHWAY,0.994,0
PID_MAPK_TRK_PATHWAY,1,0.572
PID_PI3K_PLC_TRK_PATHWAY,1,0.38
PID_CD8_TCR_DOWNSTREAM_PATHWAY,0.676,0.064
PID_EPHA2_FWD_PATHWAY,1,0.092
PID_LYMPH_ANGIOGENESIS_PATHWAY,0.994,0
PID_ALPHA_SYNUCLEIN_PATHWAY,0.813,0.014
PID_FGF_PATHWAY,1,0.989
PID_INTEGRIN_A4B1_PATHWAY,0.91,0.742
PID_RAC1_PATHWAY,1,0.003
PID_RB_1PATHWAY,1,0.259
PID_FAK_PATHWAY,1,0.786
PID_HNF3A_PATHWAY,0,1
PID_TGFBR_PATHWAY,1,0.957
PID_HES_HEY_PATHWAY,1,0
PID_IL12_STAT4_PATHWAY,0.956,0.948
REACTOME_GLYCOGEN_BREAKDOWN_GLYCOGENOLYSIS,0.932,0.994
REACTOME_TRANSLATION,0.792,1
REACTOME_PYRIMIDINE_CATABOLISM,0.882,1
REACTOME_RNA_POL_III_TRANSCRIPTION_INITIATION_FROM_TYPE_2_PROMOTER,0.157,1
REACTOME_INHIBITION_OF_THE_PROTEOLYTIC_ACTIVITY_OF_APC_C_REQUIRED_FOR_THE_ONSET_OF_ANAPHASE_BY_MITOTIC_SPINDLE_CHECKPOINT_COMPONENTS,0.637,0.974
REACTOME_PYRUVATE_METABOLISM_AND_CITRIC_ACID_TCA_CYCLE,0.562,1
REACTOME_EXTRINSIC_PATHWAY_FOR_APOPTOSIS,0.877,0.998
REACTOME_PTM_GAMMA_CARBOXYLATION_HYPUSINE_FORMATION_AND_ARYLSULFATASE_ACTIVATION,0.326,0.999
REACTOME_APOPTOTIC_CLEAVAGE_OF_CELLULAR_PROTEINS,0.965,0.001
REACTOME_RNA_POL_I_TRANSCRIPTION_TERMINATION,0.952,1
REACTOME_FORMATION_OF_THE_TERNARY_COMPLEX_AND_SUBSEQUENTLY_THE_43S_COMPLEX,0.637,1
REACTOME_ACTIVATION_OF_THE_PRE_REPLICATIVE_COMPLEX,0.38,1
REACTOME_PROCESSING_OF_INTRONLESS_PRE_MRNAS,0.974,0.647
REACTOME_GAP_JUNCTION_DEGRADATION,0.945,0.818
REACTOME_BASE_EXCISION_REPAIR,0.947,0.845
REACTOME_BILE_ACID_AND_BILE_SALT_METABOLISM,0.987,0.203
REACTOME_SYNTHESIS_OF_BILE_ACIDS_AND_BILE_SALTS_VIA_7ALPHA_HYDROXYCHOLESTEROL,0.991,0.856
REACTOME_RECYCLING_OF_BILE_ACIDS_AND_SALTS,1,1
REACTOME_SIGNALING_BY_RHO_GTPASES,1,0.936
REACTOME_SIGNALING_BY_WNT,1,1
REACTOME_METABOLISM_OF_NON_CODING_RNA,0.539,1
REACTOME_SYNTHESIS_OF_BILE_ACIDS_AND_BILE_SALTS_VIA_24_HYDROXYCHOLESTEROL,0.756,1
REACTOME_SYNTHESIS_OF_BILE_ACIDS_AND_BILE_SALTS,0.992,0.197
REACTOME_METABOLISM_OF_STEROID_HORMONES_AND_VITAMINS_A_AND_D,0.645,0.192
REACTOME_ANDROGEN_BIOSYNTHESIS,0.587,1
REACTOME_SIGNALLING_BY_NGF,1,0.001
REACTOME_CTNNB1_PHOSPHORYLATION_CASCADE,1,0.022
REACTOME_INSULIN_RECEPTOR_RECYCLING,0,0.886
REACTOME_COPI_MEDIATED_TRANSPORT,0.195,0.701
REACTOME_NEF_MEDIATED_DOWNREGULATION_OF_MHC_CLASS_I_COMPLEX_CELL_SURFACE_EXPRESSION,0.46,1
REACTOME_SIGNALING_BY_SCF_KIT,1,0
REACTOME_DEVELOPMENTAL_BIOLOGY,1,0.827
REACTOME_CROSS_PRESENTATION_OF_SOLUBLE_EXOGENOUS_ANTIGENS_ENDOSOMES,1,1
REACTOME_SIGNALING_BY_NODAL,1,0.656
REACTOME_DAG_AND_IP3_SIGNALING,1,0.986
REACTOME_SPRY_REGULATION_OF_FGF_SIGNALING,0.722,1
REACTOME_TCA_CYCLE_AND_RESPIRATORY_ELECTRON_TRANSPORT,1,0.999
REACTOME_BMAL1_CLOCK_NPAS2_ACTIVATES_CIRCADIAN_EXPRESSION,1,0.034
REACTOME_ANTIGEN_PROCESSING_CROSS_PRESENTATION,1,1
REACTOME_GROWTH_HORMONE_RECEPTOR_SIGNALING,1,0
REACTOME_TRIF_MEDIATED_TLR3_SIGNALING,1,0.112
REACTOME_CELL_CELL_COMMUNICATION,1,0.815
REACTOME_ABCA_TRANSPORTERS_IN_LIPID_HOMEOSTASIS,0.951,0.5
REACTOME_ENDOSOMAL_VACUOLAR_PATHWAY,1,1
REACTOME_TETRAHYDROBIOPTERIN_BH4_SYNTHESIS_RECYCLING_SALVAGE_AND_REGULATION,0.989,0.981
REACTOME_ER_PHAGOSOME_PATHWAY,1,1
REACTOME_MEIOSIS,1,1
REACTOME_NEGATIVE_REGULATION_OF_FGFR_SIGNALING,0.894,0.997
REACTOME_G0_AND_EARLY_G1,0.995,1
REACTOME_REGULATION_OF_KIT_SIGNALING,1,0.192
REACTOME_MEMBRANE_TRAFFICKING,0.999,0.72
REACTOME_NEF_MEDIATES_DOWN_MODULATION_OF_CELL_SURFACE_RECEPTORS_BY_RECRUITING_THEM_TO_CLATHRIN_ADAPTERS,0.538,1
REACTOME_IMMUNOREGULATORY_INTERACTIONS_BETWEEN_A_LYMPHOID_AND_A_NON_LYMPHOID_CELL,0.983,0.266
REACTOME_ACTIVATED_AMPK_STIMULATES_FATTY_ACID_OXIDATION_IN_MUSCLE,1,0.008
REACTOME_VITAMIN_B5_PANTOTHENATE_METABOLISM,0.839,0.054
REACTOME_BOTULINUM_NEUROTOXICITY,1,0.248
REACTOME_METABOLISM_OF_VITAMINS_AND_COFACTORS,0.936,0.778
REACTOME_TRANS_GOLGI_NETWORK_VESICLE_BUDDING,1,0.529
REACTOME_PROTEOLYTIC_CLEAVAGE_OF_SNARE_COMPLEX_PROTEINS,1,0.297
REACTOME_RESOLUTION_OF_AP_SITES_VIA_THE_MULTIPLE_NUCLEOTIDE_PATCH_REPLACEMENT_PATHWAY,0.937,0.875
REACTOME_GAMMA_CARBOXYLATION_TRANSPORT_AND_AMINO_TERMINAL_CLEAVAGE_OF_PROTEINS,0.455,0.674
REACTOME_IL_7_SIGNALING,0.9,0.266
REACTOME_CELL_CYCLE,0.953,1
REACTOME_SIGNALING_BY_ERBB4,1,0.425
REACTOME_ORC1_REMOVAL_FROM_CHROMATIN,1,1
REACTOME_O_LINKED_GLYCOSYLATION_OF_MUCINS,0.936,0
REACTOME_SULFUR_AMINO_ACID_METABOLISM,0.698,0.009
REACTOME_DOWNREGULATION_OF_ERBB2_ERBB3_SIGNALING,0.986,1
REACTOME_ANTIVIRAL_MECHANISM_BY_IFN_STIMULATED_GENES,0.994,1
REACTOME_PROLACTIN_RECEPTOR_SIGNALING,0.988,0.395
REACTOME_SIGNALING_BY_ERBB2,1,0.663
REACTOME_SPHINGOLIPID_DE_NOVO_BIOSYNTHESIS,0.999,0.766
REACTOME_TERMINATION_OF_O_GLYCAN_BIOSYNTHESIS,0.962,0.999
REACTOME_DEFENSINS,1,1
REACTOME_SIGNALING_BY_CONSTITUTIVELY_ACTIVE_EGFR,1,1
REACTOME_GRB2_EVENTS_IN_ERBB2_SIGNALING,1,0.887
REACTOME_SIGNALING_BY_EGFR_IN_CANCER,1,0.973
REACTOME_MEMBRANE_BINDING_AND_TARGETTING_OF_GAG_PROTEINS,0.606,1
REACTOME_BETA_DEFENSINS,1,1
REACTOME_SRP_DEPENDENT_COTRANSLATIONAL_PROTEIN_TARGETING_TO_MEMBRANE,0.862,1
REACTOME_PI3K_EVENTS_IN_ERBB4_SIGNALING,1,0.33
REACTOME_SHC1_EVENTS_IN_ERBB4_SIGNALING,1,0.773
REACTOME_PI3K_EVENTS_IN_ERBB2_SIGNALING,1,0.687
REACTOME_NUCLEAR_SIGNALING_BY_ERBB4,0.999,0
REACTOME_GLYCOSPHINGOLIPID_METABOLISM,0.029,0
REACTOME_PPARA_ACTIVATES_GENE_EXPRESSION,1,0.065
REACTOME_ASSOCIATION_OF_LICENSING_FACTORS_WITH_THE_PRE_REPLICATIVE_COMPLEX,0.511,1
REACTOME_RIP_MEDIATED_NFKB_ACTIVATION_VIA_DAI,1,0.766
REACTOME_PRE_NOTCH_TRANSCRIPTION_AND_TRANSLATION,1,0.567
REACTOME_DEGRADATION_OF_THE_EXTRACELLULAR_MATRIX,0.193,0.593
REACTOME_MITOCHONDRIAL_PROTEIN_IMPORT,0.948,1
REACTOME_SIGNALING_BY_HIPPO,1,0.912
REACTOME_ACTIVATED_NOTCH1_TRANSMITS_SIGNAL_TO_THE_NUCLEUS,0.978,0.469
REACTOME_TRAFFICKING_AND_PROCESSING_OF_ENDOSOMAL_TLR,0.951,0
REACTOME_SIGNALING_BY_NOTCH4,1,0.07
REACTOME_DOWNSTREAM_SIGNALING_EVENTS_OF_B_CELL_RECEPTOR_BCR,0.7,1
REACTOME_ACTIVATION_OF_NF_KAPPAB_IN_B_CELLS,1,1
REACTOME_RORA_ACTIVATES_CIRCADIAN_EXPRESSION,1,0
REACTOME_ANTIGEN_ACTIVATES_B_CELL_RECEPTOR_LEADING_TO_GENERATION_OF_SECOND_MESSENGERS,1,1
REACTOME_REGULATION_OF_COMPLEMENT_CASCADE,0.943,1
REACTOME_YAP1_AND_WWTR1_TAZ_STIMULATED_GENE_EXPRESSION,1,0.043
REACTOME_SIGNALING_BY_NOTCH2,1,0.036
REACTOME_PRE_NOTCH_EXPRESSION_AND_PROCESSING,0.999,0.086
REACTOME_SIGNALING_BY_THE_B_CELL_RECEPTOR_BCR,0.98,1
REACTOME_EXTRACELLULAR_MATRIX_ORGANIZATION,0.517,0
REACTOME_NOTCH1_INTRACELLULAR_DOMAIN_REGULATES_TRANSCRIPTION,0.995,1
REACTOME_CIRCADIAN_REPRESSION_OF_EXPRESSION_BY_REV_ERBA,1,0.001
REACTOME_PRE_NOTCH_PROCESSING_IN_GOLGI,0.999,0.087
REACTOME_SIGNALING_BY_NOTCH1,1,0.109
REACTOME_SIGNALING_BY_NOTCH3,1,0.052
REACTOME_TRIGLYCERIDE_BIOSYNTHESIS,1,0.193
REACTOME_INSULIN_RECEPTOR_SIGNALLING_CASCADE,0.393,1
REACTOME_ARMS_MEDIATED_ACTIVATION,1,0.404
REACTOME_PROLONGED_ERK_ACTIVATION_EVENTS,1,0.323
REACTOME_SIGNALLING_TO_RAS,1,0.161
REACTOME_SIGNALING_BY_BMP,0.999,0.503
REACTOME_CELL_SURFACE_INTERACTIONS_AT_THE_VASCULAR_WALL,0.961,0.155
REACTOME_NGF_SIGNALLING_VIA_TRKA_FROM_THE_PLASMA_MEMBRANE,1,0
REACTOME_SIGNALLING_TO_ERKS,1,0.017
REACTOME_P38MAPK_EVENTS,1,0.005
REACTOME_ACYL_CHAIN_REMODELLING_OF_PI,0.758,0.941
REACTOME_TGF_BETA_RECEPTOR_SIGNALING_IN_EMT_EPITHELIAL_TO_MESENCHYMAL_TRANSITION,0.995,1
REACTOME_DOWNREGULATION_OF_TGF_BETA_RECEPTOR_SIGNALING,0.998,0.817
REACTOME_COLLAGEN_FORMATION,0.541,0
REACTOME_SMAD2_SMAD3_SMAD4_HETEROTRIMER_REGULATES_TRANSCRIPTION,0.835,1
REACTOME_SIGNALING_BY_FGFR_IN_DISEASE,1,0.259
REACTOME_HS_GAG_DEGRADATION,0.98,0.511
REACTOME_SYNTHESIS_OF_PIPS_AT_THE_EARLY_ENDOSOME_MEMBRANE,1,0.236
REACTOME_SIGNALLING_TO_P38_VIA_RIT_AND_RIN,0.998,0.394
REACTOME_P53_INDEPENDENT_G1_S_DNA_DAMAGE_CHECKPOINT,1,1
REACTOME_REGULATION_OF_HYPOXIA_INDUCIBLE_FACTOR_HIF_BY_OXYGEN,0.94,1
REACTOME_ACYL_CHAIN_REMODELLING_OF_PC,1,0.219
REACTOME_SYNTHESIS_OF_PIPS_AT_THE_GOLGI_MEMBRANE,1,0
REACTOME_TGF_BETA_RECEPTOR_SIGNALING_ACTIVATES_SMADS,0.997,0.422
REACTOME_ACTIVATED_POINT_MUTANTS_OF_FGFR2,1,1
REACTOME_PHOSPHOLIPID_METABOLISM,1,0.989
REACTOME_CS_DS_DEGRADATION,0.237,0.304
REACTOME_SYNTHESIS_OF_PA,1,0.015
REACTOME_OXYGEN_DEPENDENT_PROLINE_HYDROXYLATION_OF_HYPOXIA_INDUCIBLE_FACTOR_ALPHA,0.94,1
REACTOME_SYNTHESIS_OF_PIPS_AT_THE_LATE_ENDOSOME_MEMBRANE,1,0.186
REACTOME_SYNTHESIS_OF_PE,0.748,0.164
REACTOME_GASTRIN_CREB_SIGNALLING_PATHWAY_VIA_PKC_AND_MAPK,1,1
REACTOME_CHONDROITIN_SULFATE_BIOSYNTHESIS,0.997,0.158
REACTOME_HYALURONAN_UPTAKE_AND_DEGRADATION,0.819,0.997
REACTOME_SIGNALING_BY_FGFR1_MUTANTS,1,0
REACTOME_SYNTHESIS_OF_PIPS_AT_THE_PLASMA_MEMBRANE,1,0.351
REACTOME_THE_ACTIVATION_OF_ARYLSULFATASES,0.992,0.885
REACTOME_TRANSCRIPTIONAL_ACTIVITY_OF_SMAD2_SMAD3_SMAD4_HETEROTRIMER,1,1
REACTOME_HYALURONAN_METABOLISM,0.998,0.277
REACTOME_DOWNREGULATION_OF_SMAD2_3_SMAD4_TRANSCRIPTIONAL_ACTIVITY,0.992,1
REACTOME_KERATAN_SULFATE_BIOSYNTHESIS,1,0.563
REACTOME_REVERSIBLE_HYDRATION_OF_CARBON_DIOXIDE,1,1
REACTOME_SIGNALING_BY_FGFR1_FUSION_MUTANTS,1,0
REACTOME_ALPHA_LINOLENIC_ACID_ALA_METABOLISM,0.305,0.341
REACTOME_SIGNALING_BY_ACTIVATED_POINT_MUTANTS_OF_FGFR1,1,1
REACTOME_PI_METABOLISM,1,0.921
REACTOME_ABACAVIR_TRANSPORT_AND_METABOLISM,0.777,1
REACTOME_CHONDROITIN_SULFATE_DERMATAN_SULFATE_METABOLISM,0.998,0.807
REACTOME_LATENT_INFECTION_OF_HOMO_SAPIENS_WITH_MYCOBACTERIUM_TUBERCULOSIS,0.732,0.835
REACTOME_SYNTHESIS_OF_PC,0.634,1
REACTOME_HS_GAG_BIOSYNTHESIS,0.999,0.815
REACTOME_SIGNALING_BY_FGFR3_MUTANTS,1,1
REACTOME_KERATAN_SULFATE_KERATIN_METABOLISM,0.998,0.003
REACTOME_APOPTOSIS_INDUCED_DNA_FRAGMENTATION,0.893,1
REACTOME_KERATAN_SULFATE_DEGRADATION,0.211,1
REACTOME_HEPARAN_SULFATE_HEPARIN_HS_GAG_METABOLISM,0.982,0.83
REACTOME_GLYCOSAMINOGLYCAN_METABOLISM,1,0.223
REACTOME_ACYL_CHAIN_REMODELLING_OF_PG,1,0.052
REACTOME_ACYL_CHAIN_REMODELLING_OF_PE,1,0.093
REACTOME_ACYL_CHAIN_REMODELLING_OF_PS,0.919,0.954
REACTOME_SIGNALING_BY_FGFR_MUTANTS,1,0
REACTOME_MHC_CLASS_II_ANTIGEN_PRESENTATION,0.961,0
REACTOME_GLYCEROPHOSPHOLIPID_BIOSYNTHESIS,1,0.815
REACTOME_A_TETRASACCHARIDE_LINKER_SEQUENCE_IS_REQUIRED_FOR_GAG_SYNTHESIS,0.975,0.906
REACTOME_CDK_MEDIATED_PHOSPHORYLATION_AND_REMOVAL_OF_CDC6,1,1
REACTOME_PLATELET_ADHESION_TO_EXPOSED_COLLAGEN,0.651,0.991
REACTOME_VEGF_LIGAND_RECEPTOR_INTERACTIONS,0.689,0.805
REACTOME_ENOS_ACTIVATION_AND_REGULATION,0.893,0.917
REACTOME_MICRORNA_MIRNA_BIOGENESIS,0.942,1
REACTOME_NUCLEAR_EVENTS_KINASE_AND_TRANSCRIPTION_FACTOR_ACTIVATION,1,0.012
REACTOME_RETROGRADE_NEUROTROPHIN_SIGNALLING,0.996,0.028
REACTOME_ERKS_ARE_INACTIVATED,0.979,0.188
REACTOME_NEGATIVE_REGULATION_OF_THE_PI3K_AKT_NETWORK,1,0.003
REACTOME_PI3K_AKT_ACTIVATION,1,0.346
REACTOME_REGULATORY_RNA_PATHWAYS,0.754,1
REACTOME_EGFR_DOWNREGULATION,1,1
REACTOME_PROCESSING_OF_CAPPED_INTRON_CONTAINING_PRE_MRNA,0.821,1
REACTOME_PECAM1_INTERACTIONS,1,0.028
REACTOME_TCR_SIGNALING,0.999,0.456
REACTOME_REGULATION_OF_PYRUVATE_DEHYDROGENASE_PDH_COMPLEX,0.733,0.619
REACTOME_DOWNSTREAM_TCR_SIGNALING,0.978,0.044
REACTOME_BASIGIN_INTERACTIONS,0.279,0.945
REACTOME_AKT_PHOSPHORYLATES_TARGETS_IN_THE_CYTOSOL,1,0.171
REACTOME_GAB1_SIGNALOSOME,1,0.493
REACTOME_SHC1_EVENTS_IN_EGFR_SIGNALING,0.998,0.72
REACTOME_ACTIVATION_OF_THE_MRNA_UPON_BINDING_OF_THE_CAP_BINDING_COMPLEX_AND_EIFS_AND_SUBSEQUENT_BINDING_TO_43S,0.518,1
REACTOME_PHOSPHORYLATION_OF_CD3_AND_TCR_ZETA_CHAINS,1,1
REACTOME_GLUTAMATE_NEUROTRANSMITTER_RELEASE_CYCLE,0.347,0.001
REACTOME_TRANSLOCATION_OF_ZAP_70_TO_IMMUNOLOGICAL_SYNAPSE,1,1
REACTOME_ERK_MAPK_TARGETS,0.998,0.014
REACTOME_TIE2_SIGNALING,1,0.019
REACTOME_GENERATION_OF_SECOND_MESSENGER_MOLECULES,0.862,0.859
REACTOME_GENERIC_TRANSCRIPTION_PATHWAY,1,0.052
REACTOME_RESPONSE_TO_ELEVATED_PLATELET_CYTOSOLIC_CA2_,0.672,0.018
REACTOME_TRANSPORT_OF_MATURE_TRANSCRIPT_TO_CYTOPLASM,0.966,1
REACTOME_METABOLISM_OF_AMINO_ACIDS_AND_DERIVATIVES,1,0.52
REACTOME_RNA_POL_I_TRANSCRIPTION,1,1
REACTOME_FATTY_ACYL_COA_BIOSYNTHESIS,0.185,0.016
REACTOME_E2F_ENABLED_INHIBITION_OF_PRE_REPLICATION_COMPLEX_FORMATION,0.884,1
REACTOME_P75NTR_RECRUITS_SIGNALLING_COMPLEXES,0.581,1
REACTOME_BIOLOGICAL_OXIDATIONS,1,0.089
REACTOME_REGULATED_PROTEOLYSIS_OF_P75NTR,1,0.046
REACTOME_TRANSMISSION_ACROSS_CHEMICAL_SYNAPSES,1,0.695
REACTOME_P75NTR_SIGNALS_VIA_NFKB,0.945,0.992
REACTOME_CASPASE_MEDIATED_CLEAVAGE_OF_CYTOSKELETAL_PROTEINS,0.788,0.703
REACTOME_XENOBIOTICS,1,1
REACTOME_INTEGRIN_CELL_SURFACE_INTERACTIONS,0.92,0.074
REACTOME_REGULATION_OF_ORNITHINE_DECARBOXYLASE_ODC,1,1
REACTOME_CYTOCHROME_P450_ARRANGED_BY_SUBSTRATE_TYPE,0.994,0.634
REACTOME_BASE_FREE_SUGAR_PHOSPHATE_REMOVAL_VIA_THE_SINGLE_NUCLEOTIDE_REPLACEMENT_PATHWAY,0.902,0.997
REACTOME_APOPTOTIC_CLEAVAGE_OF_CELL_ADHESION_PROTEINS,0.598,0.368
REACTOME_HDL_MEDIATED_LIPID_TRANSPORT,0.954,0.541
REACTOME_NRAGE_SIGNALS_DEATH_THROUGH_JNK,1,0.019
REACTOME_SLBP_DEPENDENT_PROCESSING_OF_REPLICATION_DEPENDENT_HISTONE_PRE_MRNAS,0.808,1
REACTOME_NRIF_SIGNALS_CELL_DEATH_FROM_THE_NUCLEUS,0.915,1
REACTOME_REGULATION_OF_APOPTOSIS,1,1
REACTOME_RNA_POL_II_TRANSCRIPTION,0.942,1
REACTOME_NEURONAL_SYSTEM,1,0.171
REACTOME_NFKB_IS_ACTIVATED_AND_SIGNALS_SURVIVAL,0.867,0.999
REACTOME_REGULATION_OF_BETA_CELL_DEVELOPMENT,0,0.777
REACTOME_PHASE1_FUNCTIONALIZATION_OF_COMPOUNDS,0.802,0.051
REACTOME_RNA_POL_III_TRANSCRIPTION,0.704,1
REACTOME_CELL_DEATH_SIGNALLING_VIA_NRAGE_NRIF_AND_NADE,1,0.002
REACTOME_NEUROTRANSMITTER_RELEASE_CYCLE,0.933,0
REACTOME_P75_NTR_RECEPTOR_MEDIATED_SIGNALLING,1,0.009
REACTOME_AMINO_ACID_TRANSPORT_ACROSS_THE_PLASMA_MEMBRANE,0.946,0
REACTOME_ENDOGENOUS_STEROLS,0.999,1
REACTOME_REGULATION_OF_GENE_EXPRESSION_IN_BETA_CELLS,0.211,0.014
REACTOME_GLYCOLYSIS,0.989,1
REACTOME_PROCESSIVE_SYNTHESIS_ON_THE_LAGGING_STRAND,0.652,1
REACTOME_PEPTIDE_CHAIN_ELONGATION,0.706,1
REACTOME_COMMON_PATHWAY,0.93,1
REACTOME_MRNA_CAPPING,0.79,1
REACTOME_MITOCHONDRIAL_FATTY_ACID_BETA_OXIDATION,0.812,0.354
REACTOME_SIGNALING_BY_GPCR,0.992,1
REACTOME_PEPTIDE_LIGAND_BINDING_RECEPTORS,0.933,0.998
REACTOME_METABOLISM_OF_POLYAMINES,0.925,0.997
REACTOME_CLASS_A1_RHODOPSIN_LIKE_RECEPTORS,0.844,1
REACTOME_NOTCH_HLH_TRANSCRIPTION_PATHWAY,0.998,0.385
REACTOME_INTEGRATION_OF_ENERGY_METABOLISM,0.888,0.011
REACTOME_CELL_CYCLE_MITOTIC,0.989,1
REACTOME_GLUCONEOGENESIS,0.996,1
REACTOME_DOPAMINE_NEUROTRANSMITTER_RELEASE_CYCLE,0.97,0.009
REACTOME_OPIOID_SIGNALLING,1,0.999
REACTOME_RECRUITMENT_OF_MITOTIC_CENTROSOME_PROTEINS_AND_COMPLEXES,0.997,0.326
REACTOME_MITOCHONDRIAL_TRNA_AMINOACYLATION,0.989,0
REACTOME_CYTOSOLIC_TRNA_AMINOACYLATION,1,0.071
REACTOME_CA_DEPENDENT_EVENTS,1,0.933
REACTOME_ACETYLCHOLINE_NEUROTRANSMITTER_RELEASE_CYCLE,0.814,0.03
REACTOME_ADENYLATE_CYCLASE_ACTIVATING_PATHWAY,1,0.913
REACTOME_ADENYLATE_CYCLASE_INHIBITORY_PATHWAY,1,0.208
REACTOME_DARPP_32_EVENTS,0.998,0.956
REACTOME_CHEMOKINE_RECEPTORS_BIND_CHEMOKINES,0.997,1
REACTOME_LOSS_OF_NLP_FROM_MITOTIC_CENTROSOMES,0.979,0.193
REACTOME_NEUROTRANSMITTER_RECEPTOR_BINDING_AND_DOWNSTREAM_TRANSMISSION_IN_THE_POSTSYNAPTIC_CELL,1,0.968
REACTOME_CELL_CYCLE_CHECKPOINTS,0.99,1
REACTOME_DIABETES_PATHWAYS,0.181,0
REACTOME_P130CAS_LINKAGE_TO_MAPK_SIGNALING_FOR_INTEGRINS,1,0.054
REACTOME_GLYCOPROTEIN_HORMONES,1,1
REACTOME_NOREPINEPHRINE_NEUROTRANSMITTER_RELEASE_CYCLE,0.931,0.002
REACTOME_PLC_BETA_MEDIATED_EVENTS,1,0.989
REACTOME_REGULATION_OF_INSULIN_LIKE_GROWTH_FACTOR_IGF_ACTIVITY_BY_INSULIN_LIKE_GROWTH_FACTOR_BINDING_PROTEINS_IGFBPS,0.665,1
REACTOME_GRB2_SOS_PROVIDES_LINKAGE_TO_MAPK_SIGNALING_FOR_INTERGRINS_,0.819,0.076
REACTOME_PEPTIDE_HORMONE_BIOSYNTHESIS,0.66,1
REACTOME_G_PROTEIN_ACTIVATION,1,1
REACTOME_ACETYLCHOLINE_BINDING_AND_DOWNSTREAM_EVENTS,0.999,1
REACTOME_ABC_FAMILY_PROTEINS_MEDIATED_TRANSPORT,1,0.042
REACTOME_TRNA_AMINOACYLATION,0.735,0.018
REACTOME_OLFACTORY_SIGNALING_PATHWAY,1,1
REACTOME_STEROID_HORMONES,0.805,0.125
REACTOME_PKA_MEDIATED_PHOSPHORYLATION_OF_CREB,1,0.3
REACTOME_RECRUITMENT_OF_NUMA_TO_MITOTIC_CENTROSOMES,0.98,1
REACTOME_AMINE_DERIVED_HORMONES,1,1
REACTOME_TRANSMEMBRANE_TRANSPORT_OF_SMALL_MOLECULES,1,1
REACTOME_INTEGRIN_ALPHAIIB_BETA3_SIGNALING,1,0
REACTOME_NUCLEAR_RECEPTOR_TRANSCRIPTION_PATHWAY,1,0.028
REACTOME_INSULIN_SYNTHESIS_AND_PROCESSING,0,0
REACTOME_CYCLIN_E_ASSOCIATED_EVENTS_DURING_G1_S_TRANSITION_,1,1
REACTOME_HOMOLOGOUS_RECOMBINATION_REPAIR_OF_REPLICATION_INDEPENDENT_DOUBLE_STRAND_BREAKS,0.644,0.992
REACTOME_G1_PHASE,0.999,1
REACTOME_ELEVATION_OF_CYTOSOLIC_CA2_LEVELS,0.991,1
REACTOME_P53_DEPENDENT_G1_DNA_DAMAGE_RESPONSE,1,1
REACTOME_TRANSCRIPTION_COUPLED_NER_TC_NER,0.763,1
REACTOME_RNA_POL_II_TRANSCRIPTION_PRE_INITIATION_AND_PROMOTER_OPENING,0.987,1
REACTOME_GLUCAGON_SIGNALING_IN_METABOLIC_REGULATION,1,1
REACTOME_MRNA_PROCESSING,0.878,1
REACTOME_SIGNALING_BY_PDGF,1,0.737
REACTOME_ASSOCIATION_OF_TRIC_CCT_WITH_TARGET_PROTEINS_DURING_BIOSYNTHESIS,0.283,1
REACTOME_PREFOLDIN_MEDIATED_TRANSFER_OF_SUBSTRATE_TO_CCT_TRIC,0.95,1
REACTOME_HORMONE_LIGAND_BINDING_RECEPTORS,1,1
REACTOME_GPVI_MEDIATED_ACTIVATION_CASCADE,1,0.8
REACTOME_PROTEIN_FOLDING,0.459,1
REACTOME_FORMATION_OF_TUBULIN_FOLDING_INTERMEDIATES_BY_CCT_TRIC,0.635,1
REACTOME_PEROXISOMAL_LIPID_METABOLISM,0.673,0.537
REACTOME_POST_CHAPERONIN_TUBULIN_FOLDING_PATHWAY,0.526,0.999
REACTOME_STRIATED_MUSCLE_CONTRACTION,0.636,0.999
REACTOME_METABOLISM_OF_NUCLEOTIDES,0.898,1
REACTOME_AMINE_LIGAND_BINDING_RECEPTORS,1,1
REACTOME_METABOLISM_OF_PROTEINS,0.641,1
REACTOME_DOWNSTREAM_SIGNAL_TRANSDUCTION,1,0.309
REACTOME_MUSCLE_CONTRACTION,0.578,0.455
REACTOME_SEROTONIN_RECEPTORS,1,1
REACTOME_CDC6_ASSOCIATION_WITH_THE_ORC_ORIGIN_COMPLEX,0.877,1
REACTOME_M_G1_TRANSITION,1,1
REACTOME_MRNA_SPLICING,0.804,1
REACTOME_MRNA_SPLICING_MINOR_PATHWAY,0.997,1
REACTOME_3_UTR_MEDIATED_TRANSLATIONAL_REGULATION,0.695,1
REACTOME_PROCESSING_OF_CAPPED_INTRONLESS_PRE_MRNA,0.666,1
REACTOME_PURINE_RIBONUCLEOSIDE_MONOPHOSPHATE_BIOSYNTHESIS,0.993,1
REACTOME_G1_S_TRANSITION,0.834,1
REACTOME_CITRIC_ACID_CYCLE_TCA_CYCLE,0.513,1
REACTOME_TRANSCRIPTION,0.999,1
REACTOME_POL_SWITCHING,0.665,1
REACTOME_NUCLEOTIDE_EXCISION_REPAIR,0.712,1
REACTOME_REGULATION_OF_THE_FANCONI_ANEMIA_PATHWAY,0.93,1
REACTOME_AXON_GUIDANCE,1,0.681
REACTOME_ACTIVATION_OF_CHAPERONE_GENES_BY_XBP1S,0.996,0
REACTOME_REGULATION_OF_INSULIN_SECRETION_BY_GLUCAGON_LIKE_PEPTIDE1,1,1
REACTOME_PERK_REGULATED_GENE_EXPRESSION,0.793,0
REACTOME_G_ALPHA_Q_SIGNALLING_EVENTS,1,1
REACTOME_P2Y_RECEPTORS,0.999,1
REACTOME_TRAFFICKING_OF_AMPA_RECEPTORS,0.989,0
REACTOME_NCAM1_INTERACTIONS,0.969,0.882
REACTOME_CLASS_C_3_METABOTROPIC_GLUTAMATE_PHEROMONE_RECEPTORS,0.997,1
REACTOME_REGULATION_OF_INSULIN_SECRETION,0.189,0.06
REACTOME_NCAM_SIGNALING_FOR_NEURITE_OUT_GROWTH,1,0.02
REACTOME_INHIBITION_OF_INSULIN_SECRETION_BY_ADRENALINE_NORADRENALINE,1,0.998
REACTOME_NUCLEOTIDE_LIKE_PURINERGIC_RECEPTORS,0.996,0.679
REACTOME_ACTIVATION_OF_CHAPERONES_BY_ATF6_ALPHA,0.11,0
REACTOME_TRANSPORT_OF_MATURE_MRNA_DERIVED_FROM_AN_INTRONLESS_TRANSCRIPT,0.826,0.984
REACTOME_EICOSANOID_LIGAND_BINDING_RECEPTORS,1,1
REACTOME_ACTIVATION_OF_GENES_BY_ATF4,0.738,0.453
REACTOME_UNFOLDED_PROTEIN_RESPONSE,0.956,0
REACTOME_CLASS_B_2_SECRETIN_FAMILY_RECEPTORS,0.062,1
REACTOME_GLUCAGON_TYPE_LIGAND_RECEPTORS,0.988,0.997
REACTOME_REGULATION_OF_INSULIN_SECRETION_BY_ACETYLCHOLINE,1,0.695
REACTOME_G_ALPHA1213_SIGNALLING_EVENTS,1,0.995
REACTOME_FANCONI_ANEMIA_PATHWAY,0.184,1
REACTOME_TRAFFICKING_OF_GLUR2_CONTAINING_AMPA_RECEPTORS,0.997,0
REACTOME_ACTIVATION_OF_CHAPERONE_GENES_BY_ATF6_ALPHA,0.09,0
REACTOME_PROSTANOID_LIGAND_RECEPTORS,1,1
REACTOME_OPSINS,1,1
REACTOME_FORMATION_OF_RNA_POL_II_ELONGATION_COMPLEX_,0.511,1
REACTOME_MRNA_3_END_PROCESSING,0.957,1
REACTOME_POST_TRANSLATIONAL_MODIFICATION_SYNTHESIS_OF_GPI_ANCHORED_PROTEINS,0.099,0.005
REACTOME_CYCLIN_A_B1_ASSOCIATED_EVENTS_DURING_G2_M_TRANSITION,0.998,0.997
REACTOME_ELONGATION_ARREST_AND_RECOVERY,0.767,1
REACTOME_SLC_MEDIATED_TRANSMEMBRANE_TRANSPORT,1,0.005
REACTOME_ADP_SIGNALLING_THROUGH_P2RY1,1,0.998
REACTOME_G_BETA_GAMMA_SIGNALLING_THROUGH_PLC_BETA,1,0.993
REACTOME_CD28_CO_STIMULATION,1,0.43
REACTOME_GPCR_DOWNSTREAM_SIGNALING,0.922,1
REACTOME_SYNTHESIS_SECRETION_AND_DEACYLATION_OF_GHRELIN,0,0.759
REACTOME_ADHERENS_JUNCTIONS_INTERACTIONS,0.998,0
REACTOME_CRMPS_IN_SEMA3A_SIGNALING,0.394,0.998
REACTOME_OTHER_SEMAPHORIN_INTERACTIONS,0.848,0.169
REACTOME_ACTIVATION_OF_RAC,1,0.265
REACTOME_PURINE_SALVAGE,0.342,1
REACTOME_G_ALPHA_I_SIGNALLING_EVENTS,0.497,1
REACTOME_SEMA3A_PAK_DEPENDENT_AXON_REPULSION,0.84,1
REACTOME_CD28_DEPENDENT_VAV1_PATHWAY,0.844,0.685
REACTOME_SEMA4D_IN_SEMAPHORIN_SIGNALING,0.956,0.987
REACTOME_SEMAPHORIN_INTERACTIONS,0.913,0.976
REACTOME_SEMA4D_INDUCED_CELL_MIGRATION_AND_GROWTH_CONE_COLLAPSE,0.948,0.997
REACTOME_SEMA3A_PLEXIN_REPULSION_SIGNALING_BY_INHIBITING_INTEGRIN_ADHESION,1,0.652
REACTOME_LYSOSOME_VESICLE_BIOGENESIS,0.94,0.479
REACTOME_G_BETA_GAMMA_SIGNALLING_THROUGH_PI3KGAMMA,1,0.999
REACTOME_TRANSPORT_OF_GLUCOSE_AND_OTHER_SUGARS_BILE_SALTS_AND_ORGANIC_ACIDS_METAL_IONS_AND_AMINE_COMPOUNDS,0.647,0.059
REACTOME_SPHINGOLIPID_METABOLISM,0.875,0.043
REACTOME_PD1_SIGNALING,1,1
REACTOME_G_ALPHA_S_SIGNALLING_EVENTS,0.991,1
REACTOME_CELL_CELL_JUNCTION_ORGANIZATION,0.991,0.244
REACTOME_G_ALPHA_Z_SIGNALLING_EVENTS,1,1
REACTOME_FACILITATIVE_NA_INDEPENDENT_GLUCOSE_TRANSPORTERS,0.921,0.769
REACTOME_COSTIMULATION_BY_THE_CD28_FAMILY,1,0.366
REACTOME_SIGNALING_BY_ROBO_RECEPTOR,1,0.999
REACTOME_CD28_DEPENDENT_PI3K_AKT_SIGNALING,1,0.23
REACTOME_TIGHT_JUNCTION_INTERACTIONS,0.096,0.746
REACTOME_G_PROTEIN_BETA_GAMMA_SIGNALLING,1,1
REACTOME_TRANSPORT_OF_INORGANIC_CATIONS_ANIONS_AND_AMINO_ACIDS_OLIGOPEPTIDES,1,0.024
REACTOME_GOLGI_ASSOCIATED_VESICLE_BIOGENESIS,1,0.76
REACTOME_CTLA4_INHIBITORY_SIGNALING,1,0.276
REACTOME_FORMATION_OF_TRANSCRIPTION_COUPLED_NER_TC_NER_REPAIR_COMPLEX,0.982,1
REACTOME_AMINO_ACID_AND_OLIGOPEPTIDE_SLC_TRANSPORTERS,0.975,0
REACTOME_CDT1_ASSOCIATION_WITH_THE_CDC6_ORC_ORIGIN_COMPLEX,1,1
REACTOME_BRANCHED_CHAIN_AMINO_ACID_CATABOLISM,0.598,0.184
REACTOME_REPAIR_SYNTHESIS_FOR_GAP_FILLING_BY_DNA_POL_IN_TC_NER,0.246,1
REACTOME_RECEPTOR_LIGAND_BINDING_INITIATES_THE_SECOND_PROTEOLYTIC_CLEAVAGE_OF_NOTCH_RECEPTOR,0.464,1
REACTOME_SYNTHESIS_OF_DNA,0.994,1
REACTOME_NA_CL_DEPENDENT_NEUROTRANSMITTER_TRANSPORTERS,1,1
REACTOME_FORMATION_OF_FIBRIN_CLOT_CLOTTING_CASCADE,0.998,1
REACTOME_DEADENYLATION_OF_MRNA,1,1
REACTOME_MRNA_DECAY_BY_5_TO_3_EXORIBONUCLEASE,0.247,1
REACTOME_SIGNAL_AMPLIFICATION,1,0.999
REACTOME_ZINC_TRANSPORTERS,0.687,0.002
REACTOME_DOUBLE_STRAND_BREAK_REPAIR,0.445,0.867
REACTOME_RAS_ACTIVATION_UOPN_CA2_INFUX_THROUGH_NMDA_RECEPTOR,0.38,0.743
REACTOME_METAL_ION_SLC_TRANSPORTERS,0.91,0.011
REACTOME_AUTODEGRADATION_OF_THE_E3_UBIQUITIN_LIGASE_COP1,1,1
REACTOME_SMOOTH_MUSCLE_CONTRACTION,0.15,0.635
REACTOME_ACTIVATION_OF_NMDA_RECEPTOR_UPON_GLUTAMATE_BINDING_AND_POSTSYNAPTIC_EVENTS,1,0.812
REACTOME_CREB_PHOSPHORYLATION_THROUGH_THE_ACTIVATION_OF_RAS,1,0.717
REACTOME_POST_NMDA_RECEPTOR_ACTIVATION_EVENTS,1,0.841
REACTOME_UNBLOCKING_OF_NMDA_RECEPTOR_GLUTAMATE_BINDING_AND_ACTIVATION,0.397,0.106
REACTOME_METABOLISM_OF_MRNA,0.613,1
REACTOME_MRNA_DECAY_BY_3_TO_5_EXORIBONUCLEASE,0.979,1
REACTOME_BILE_SALT_AND_ORGANIC_ANION_SLC_TRANSPORTERS,1,1
REACTOME_DEADENYLATION_DEPENDENT_MRNA_DECAY,0.934,1
REACTOME_CREB_PHOSPHORYLATION_THROUGH_THE_ACTIVATION_OF_CAMKII,0.469,0.221
REACTOME_THROMBOXANE_SIGNALLING_THROUGH_TP_RECEPTOR,1,0.998
REACTOME_CELL_EXTRACELLULAR_MATRIX_INTERACTIONS,0.881,0.109
REACTOME_ADP_SIGNALLING_THROUGH_P2RY12,1,0.994
REACTOME_CELL_JUNCTION_ORGANIZATION,1,0.523
REACTOME_AMINE_COMPOUND_SLC_TRANSPORTERS,0.965,0.985
REACTOME_PYRUVATE_METABOLISM,0.84,1
REACTOME_PURINE_CATABOLISM,0.997,1
REACTOME_GLUCOSE_TRANSPORT,0.642,0.43
REACTOME_FRS2_MEDIATED_CASCADE,0.999,0.771
REACTOME_METABOLISM_OF_RNA,0.544,1
REACTOME_MITOTIC_G1_G1_S_PHASES,0.942,1
REACTOME_PI_3K_CASCADE,1,0.577
REACTOME_DOWNSTREAM_SIGNALING_OF_ACTIVATED_FGFR,1,0.844
REACTOME_REGULATION_OF_MITOTIC_CELL_CYCLE,0.999,1
REACTOME_TAK1_ACTIVATES_NFKB_BY_PHOSPHORYLATION_AND_ACTIVATION_OF_IKKS_COMPLEX,1,0.516
REACTOME_REGULATION_OF_AMPK_ACTIVITY_VIA_LKB1,1,0.101
REACTOME_MITOTIC_M_M_G1_PHASES,0.546,1
REACTOME_MYOGENESIS,0.999,0.042
REACTOME_MAP_KINASE_ACTIVATION_IN_TLR_CASCADE,1,0.092
REACTOME_PHOSPHOLIPASE_C_MEDIATED_CASCADE,1,0.964
REACTOME_ACTIVATION_OF_KAINATE_RECEPTORS_UPON_GLUTAMATE_BINDING,1,0.966
REACTOME_IONOTROPIC_ACTIVITY_OF_KAINATE_RECEPTORS,0.773,0.929
REACTOME_ACTIVATION_OF_THE_AP1_FAMILY_OF_TRANSCRIPTION_FACTORS,0.996,0.75
REACTOME_MAPK_TARGETS_NUCLEAR_EVENTS_MEDIATED_BY_MAP_KINASES,1,0.303
REACTOME_SYNTHESIS_AND_INTERCONVERSION_OF_NUCLEOTIDE_DI_AND_TRIPHOSPHATES,1,1
REACTOME_GPCR_LIGAND_BINDING,0.65,1
REACTOME_RNA_POL_I_RNA_POL_III_AND_MITOCHONDRIAL_TRANSCRIPTION,0.995,1
REACTOME_JNK_C_JUN_KINASES_PHOSPHORYLATION_AND_ACTIVATION_MEDIATED_BY_ACTIVATED_HUMAN_TAK1,1,0.011
REACTOME_SHC_MEDIATED_CASCADE,0.992,0.291
REACTOME_THROMBIN_SIGNALLING_THROUGH_PROTEINASE_ACTIVATED_RECEPTORS_PARS,1,1
REACTOME_ENERGY_DEPENDENT_REGULATION_OF_MTOR_BY_LKB1_AMPK,1,0.463
REACTOME_MITOTIC_G2_G2_M_PHASES,0.998,0.472
REACTOME_REGULATION_OF_RHEB_GTPASE_ACTIVITY_BY_AMPK,0.975,0.36
REACTOME_ACTIVATED_TAK1_MEDIATES_P38_MAPK_ACTIVATION,1,0
REACTOME_DNA_REPAIR,0.598,0.811
REACTOME_EFFECTS_OF_PIP2_HYDROLYSIS,1,0.844
REACTOME_RNA_POL_II_PRE_TRANSCRIPTION_EVENTS,0.848,1
REACTOME_ROLE_OF_DCC_IN_REGULATING_APOPTOSIS,0.974,0.503
REACTOME_POST_TRANSLATIONAL_PROTEIN_MODIFICATION,0.477,0
REACTOME_CHROMOSOME_MAINTENANCE,0.99,1
REACTOME_DEPOSITION_OF_NEW_CENPA_CONTAINING_NUCLEOSOMES_AT_THE_CENTROMERE,0.883,1
REACTOME_L1CAM_INTERACTIONS,1,0.027
REACTOME_ROLE_OF_SECOND_MESSENGERS_IN_NETRIN1_SIGNALING,1,1
REACTOME_SIGNALING_BY_ILS,1,0
REACTOME_NETRIN1_SIGNALING,1,0.374
REACTOME_METABOLISM_OF_LIPIDS_AND_LIPOPROTEINS,1,0.253
REACTOME_INTERACTION_BETWEEN_L1_AND_ANKYRINS,0.908,0.025
REACTOME_SIGNAL_TRANSDUCTION_BY_L1,1,0.037
REACTOME_FATTY_ACID_TRIACYLGLYCEROL_AND_KETONE_BODY_METABOLISM,1,0.416
REACTOME_TRANSPORT_OF_VITAMINS_NUCLEOSIDES_AND_RELATED_MOLECULES,1,0.23
REACTOME_HIGHLY_CALCIUM_PERMEABLE_POSTSYNAPTIC_NICOTINIC_ACETYLCHOLINE_RECEPTORS,1,1
REACTOME_RNA_POL_I_PROMOTER_OPENING,0,0
REACTOME_PRESYNAPTIC_NICOTINIC_ACETYLCHOLINE_RECEPTORS,1,1
REACTOME_ORGANIC_CATION_ANION_ZWITTERION_TRANSPORT,1,1
REACTOME_DCC_MEDIATED_ATTRACTIVE_SIGNALING,0.997,0.719
REACTOME_RECYCLING_PATHWAY_OF_L1,1,0
REACTOME_SYNTHESIS_OF_SUBSTRATES_IN_N_GLYCAN_BIOSYTHESIS,0.287,0.21
REACTOME_RESPIRATORY_ELECTRON_TRANSPORT,1,0.914
REACTOME_ASPARAGINE_N_LINKED_GLYCOSYLATION,0.437,0
REACTOME_ASSEMBLY_OF_THE_PRE_REPLICATIVE_COMPLEX,1,1
REACTOME_BIOSYNTHESIS_OF_THE_N_GLYCAN_PRECURSOR_DOLICHOL_LIPID_LINKED_OLIGOSACCHARIDE_LLO_AND_TRANSFER_TO_A_NASCENT_PROTEIN,0.302,0.002
REACTOME_IL1_SIGNALING,1,0
REACTOME_GLOBAL_GENOMIC_NER_GG_NER,0.893,0.997
REACTOME_CGMP_EFFECTS,0.996,0.314
REACTOME_REGULATION_OF_SIGNALING_BY_CBL,1,0.858
REACTOME_AMINO_ACID_SYNTHESIS_AND_INTERCONVERSION_TRANSAMINATION,0.859,0
REACTOME_CALNEXIN_CALRETICULIN_CYCLE,0.202,0
REACTOME_SYNTHESIS_SECRETION_AND_INACTIVATION_OF_GIP,1,0.263
REACTOME_PASSIVE_TRANSPORT_BY_AQUAPORINS,1,1
REACTOME_NEPHRIN_INTERACTIONS,1,0.068
REACTOME_IL_3_5_AND_GM_CSF_SIGNALING,1,0.998
REACTOME_NITRIC_OXIDE_STIMULATES_GUANYLATE_CYCLASE,0.991,0.291
REACTOME_PLATELET_HOMEOSTASIS,1,0.971
REACTOME_N_GLYCAN_TRIMMING_IN_THE_ER_AND_CALNEXIN_CALRETICULIN_CYCLE,0.371,0
REACTOME_PLATELET_SENSITIZATION_BY_LDL,0.823,0.234
REACTOME_AQUAPORIN_MEDIATED_TRANSPORT,1,1
REACTOME_IL_RECEPTOR_SHC_SIGNALING,1,0.09
REACTOME_RAP1_SIGNALLING,0.998,0.077
REACTOME_PLATELET_CALCIUM_HOMEOSTASIS,1,0.195
REACTOME_SIGNAL_REGULATORY_PROTEIN_SIRP_FAMILY_INTERACTIONS,0.925,0.036
REACTOME_PROSTACYCLIN_SIGNALLING_THROUGH_PROSTACYCLIN_RECEPTOR,1,0.991
REACTOME_GABA_SYNTHESIS_RELEASE_REUPTAKE_AND_DEGRADATION,0.918,0.002
REACTOME_INCRETIN_SYNTHESIS_SECRETION_AND_INACTIVATION,0.99,0.363
REACTOME_TRANSPORT_OF_ORGANIC_ANIONS,0.996,1
REACTOME_SYNTHESIS_SECRETION_AND_INACTIVATION_OF_GLP1,0.993,0.619
REACTOME_REGULATION_OF_WATER_BALANCE_BY_RENAL_AQUAPORINS,1,1
REACTOME_DESTABILIZATION_OF_MRNA_BY_BRF1,0.771,0.991
REACTOME_IRAK1_RECRUITS_IKK_COMPLEX,0.998,0.003
REACTOME_TRAF6_MEDIATED_IRF7_ACTIVATION,1,0.026
REACTOME_CIRCADIAN_CLOCK,1,0.795
REACTOME_TRAF6_MEDIATED_NFKB_ACTIVATION,1,0.969
REACTOME_FACTORS_INVOLVED_IN_MEGAKARYOCYTE_DEVELOPMENT_AND_PLATELET_PRODUCTION,1,0.026
REACTOME_REGULATION_OF_IFNG_SIGNALING,0.993,0.982
REACTOME_GABA_A_RECEPTOR_ACTIVATION,0.856,1
REACTOME_REGULATION_OF_MRNA_STABILITY_BY_PROTEINS_THAT_BIND_AU_RICH_ELEMENTS,1,1
REACTOME_INHIBITION_OF_VOLTAGE_GATED_CA2_CHANNELS_VIA_GBETA_GAMMA_SUBUNITS,1,0.981
REACTOME_IRAK2_MEDIATED_ACTIVATION_OF_TAK1_COMPLEX_UPON_TLR7_8_OR_9_STIMULATION,0.857,1
REACTOME_TRAF6_MEDIATED_INDUCTION_OF_NFKB_AND_MAP_KINASES_UPON_TLR7_8_OR_9_ACTIVATION,1,0.046
REACTOME_TRAF3_DEPENDENT_IRF_ACTIVATION_PATHWAY,1,0.025
REACTOME_GABA_B_RECEPTOR_ACTIVATION,1,0.998
REACTOME_NFKB_ACTIVATION_THROUGH_FADD_RIP1_PATHWAY_MEDIATED_BY_CASPASE_8_AND10,1,0.373
REACTOME_DESTABILIZATION_OF_MRNA_BY_KSRP,0.237,1
REACTOME_TRANSPORT_TO_THE_GOLGI_AND_SUBSEQUENT_MODIFICATION,1,0
REACTOME_IRON_UPTAKE_AND_TRANSPORT,0.996,0.361
REACTOME_DESTABILIZATION_OF_MRNA_BY_TRISTETRAPROLIN_TTP,0.425,0.909
REACTOME_INTERFERON_GAMMA_SIGNALING,0.325,0.685
REACTOME_N_GLYCAN_ANTENNAE_ELONGATION,1,0.115
REACTOME_TRAF6_MEDIATED_IRF7_ACTIVATION_IN_TLR7_8_OR_9_SIGNALING,0.971,0.996
REACTOME_ACTIVATION_OF_IRF3_IRF7_MEDIATED_BY_TBK1_IKK_EPSILON,0.556,1
REACTOME_ION_TRANSPORT_BY_P_TYPE_ATPASES,1,0.004
REACTOME_INTERFERON_ALPHA_BETA_SIGNALING,0.834,0.269
REACTOME_ADVANCED_GLYCOSYLATION_ENDPRODUCT_RECEPTOR_SIGNALING,0.741,0.006
REACTOME_GABA_RECEPTOR_ACTIVATION,1,0.995
REACTOME_KINESINS,0.997,0.001
REACTOME_N_GLYCAN_ANTENNAE_ELONGATION_IN_THE_MEDIAL_TRANS_GOLGI,1,0.013
REACTOME_REGULATION_OF_IFNA_SIGNALING,0.88,0.781
REACTOME_INTERFERON_SIGNALING,0.801,1
REACTOME_NEGATIVE_REGULATORS_OF_RIG_I_MDA5_SIGNALING,0.991,0.861
REACTOME_NFKB_AND_MAP_KINASES_ACTIVATION_MEDIATED_BY_TLR4_SIGNALING_REPERTOIRE,1,0.121
REACTOME_TRANSFERRIN_ENDOCYTOSIS_AND_RECYCLING,0.58,0.888
REACTOME_DSCAM_INTERACTIONS,1,0.994
REACTOME_ION_CHANNEL_TRANSPORT,0.997,0.001
REACTOME_DESTABILIZATION_OF_MRNA_BY_AUF1_HNRNP_D0,1,1
REACTOME_TRAF6_MEDIATED_INDUCTION_OF_TAK1_COMPLEX,0.118,1
REACTOME_RIG_I_MDA5_MEDIATED_INDUCTION_OF_IFN_ALPHA_BETA_PATHWAYS,1,0
REACTOME_IKK_COMPLEX_RECRUITMENT_MEDIATED_BY_RIP1,0.904,0.956
REACTOME_LIGAND_GATED_ION_CHANNEL_TRANSPORT,0.718,0.999
REACTOME_FORMATION_OF_INCISION_COMPLEX_IN_GG_NER,0.805,0.639
REACTOME_TRANSCRIPTIONAL_REGULATION_OF_WHITE_ADIPOCYTE_DIFFERENTIATION,1,0.247
REACTOME_ENDOSOMAL_SORTING_COMPLEX_REQUIRED_FOR_TRANSPORT_ESCRT,0.972,0.06
REACTOME_MEIOTIC_RECOMBINATION,0.974,1
REACTOME_IL_2_SIGNALING,1,0
REACTOME_IL_6_SIGNALING,0.995,0.001
REACTOME_PLATELET_AGGREGATION_PLUG_FORMATION,1,0
REACTOME_SIGNALING_BY_NOTCH,1,0.875
REACTOME_LAGGING_STRAND_SYNTHESIS,0.215,1
REACTOME_INTRINSIC_PATHWAY,0.995,1
REACTOME_INHIBITION_OF_REPLICATION_INITIATION_OF_DAMAGED_DNA_BY_RB1_E2F1,1,0.42
REACTOME_ETHANOL_OXIDATION,0.899,1
REACTOME_SYNTHESIS_OF_VERY_LONG_CHAIN_FATTY_ACYL_COAS,0.107,0.574
REACTOME_DNA_REPLICATION,0.773,1
REACTOME_CLEAVAGE_OF_GROWING_TRANSCRIPT_IN_THE_TERMINATION_REGION_,0.718,1
REACTOME_PKB_MEDIATED_EVENTS,1,1
REACTOME_E2F_MEDIATED_REGULATION_OF_DNA_REPLICATION,0.949,0.992
REACTOME_METABOLISM_OF_CARBOHYDRATES,0.983,0.957
REACTOME_HORMONE_SENSITIVE_LIPASE_HSL_MEDIATED_TRIACYLGLYCEROL_HYDROLYSIS,0.506,1
REACTOME_SIGNALING_BY_INSULIN_RECEPTOR,0.975,0.987
REACTOME_SIGNAL_ATTENUATION,1,0
REACTOME_PURINE_METABOLISM,0.947,1
REACTOME_SOS_MEDIATED_SIGNALLING,0.995,0.343
REACTOME_RNA_POL_III_TRANSCRIPTION_INITIATION_FROM_TYPE_3_PROMOTER,0.455,1
REACTOME_APOPTOSIS,0.422,0.999
REACTOME_LIPID_DIGESTION_MOBILIZATION_AND_TRANSPORT,0.066,0.829
REACTOME_HEMOSTASIS,1,0.041
REACTOME_INFLUENZA_LIFE_CYCLE,0.549,1
REACTOME_INFLUENZA_VIRAL_RNA_TRANSCRIPTION_AND_REPLICATION,0.744,1
REACTOME_NEP_NS2_INTERACTS_WITH_THE_CELLULAR_EXPORT_MACHINERY,0.928,0.998
REACTOME_HIV_INFECTION,0.938,1
REACTOME_TRANSPORT_OF_RIBONUCLEOPROTEINS_INTO_THE_HOST_NUCLEUS,0.935,0.855
REACTOME_HIV_LIFE_CYCLE,0.881,0.999
REACTOME_ABORTIVE_ELONGATION_OF_HIV1_TRANSCRIPT_IN_THE_ABSENCE_OF_TAT,0.885,1
REACTOME_EARLY_PHASE_OF_HIV_LIFE_CYCLE,0.629,1
REACTOME_HOST_INTERACTIONS_OF_HIV_FACTORS,0.919,1
REACTOME_RNA_POL_III_TRANSCRIPTION_TERMINATION,0.912,1
REACTOME_RESPIRATORY_ELECTRON_TRANSPORT_ATP_SYNTHESIS_BY_CHEMIOSMOTIC_COUPLING_AND_HEAT_PRODUCTION_BY_UNCOUPLING_PROTEINS_,1,0.981
REACTOME_FORMATION_OF_THE_HIV1_EARLY_ELONGATION_COMPLEX,0.779,1
REACTOME_RAF_MAP_KINASE_CASCADE,0.999,0.778
REACTOME_VIRAL_MESSENGER_RNA_SYNTHESIS,0.979,1
REACTOME_LATE_PHASE_OF_HIV_LIFE_CYCLE,0.907,0.99
REACTOME_SHC_MEDIATED_SIGNALLING,0.99,0.701
REACTOME_INTERACTIONS_OF_VPR_WITH_HOST_CELLULAR_PROTEINS,0.998,1
REACTOME_FORMATION_OF_ATP_BY_CHEMIOSMOTIC_COUPLING,0,1
REACTOME_APC_C_CDH1_MEDIATED_DEGRADATION_OF_CDC20_AND_OTHER_APC_C_CDH1_TARGETED_PROTEINS_IN_LATE_MITOSIS_EARLY_G1,1,1
REACTOME_ACTIVATION_OF_ATR_IN_RESPONSE_TO_REPLICATION_STRESS,0.384,1
REACTOME_UNWINDING_OF_DNA,0.902,1
REACTOME_APC_C_CDC20_MEDIATED_DEGRADATION_OF_MITOTIC_PROTEINS,1,1
REACTOME_GLUCURONIDATION,0.943,1
REACTOME_AUTODEGRADATION_OF_CDH1_BY_CDH1_APC_C,1,1
REACTOME_MYD88_MAL_CASCADE_INITIATED_ON_PLASMA_MEMBRANE,1,0.054
REACTOME_INNATE_IMMUNE_SYSTEM,1,0.76
REACTOME_REGULATION_OF_GLUCOKINASE_BY_GLUCOKINASE_REGULATORY_PROTEIN,0.922,0.772
REACTOME_MITOTIC_PROMETAPHASE,0.99,0.995
REACTOME_APC_C_CDC20_MEDIATED_DEGRADATION_OF_CYCLIN_B,0.721,1
REACTOME_SCF_BETA_TRCP_MEDIATED_DEGRADATION_OF_EMI1,1,1
REACTOME_LIPOPROTEIN_METABOLISM,0.023,0.027
REACTOME_G1_S_SPECIFIC_TRANSCRIPTION,1,1
REACTOME_THE_ROLE_OF_NEF_IN_HIV1_REPLICATION_AND_DISEASE_PATHOGENESIS,0.965,1
REACTOME_CHYLOMICRON_MEDIATED_LIPID_TRANSPORT,0.082,0.031
REACTOME_SIGNALING_BY_TGF_BETA_RECEPTOR_COMPLEX,0.998,0.956
REACTOME_CONVERSION_FROM_APC_C_CDC20_TO_APC_C_CDH1_IN_LATE_ANAPHASE,0.714,0.942
REACTOME_ACTIVATED_TLR4_SIGNALLING,1,0.096
REACTOME_IMMUNE_SYSTEM,0.998,0
REACTOME_BINDING_AND_ENTRY_OF_HIV_VIRION,1,1
REACTOME_PHOSPHORYLATION_OF_THE_APC_C,0.539,0.914
REACTOME_CYTOSOLIC_SULFONATION_OF_SMALL_MOLECULES,0.821,0.426
REACTOME_INTEGRATION_OF_PROVIRUS,0.843,1
REACTOME_GLUTATHIONE_CONJUGATION,1,0.786
REACTOME_COMPLEMENT_CASCADE,0.881,0.787
REACTOME_PHASE_II_CONJUGATION,1,0.01
REACTOME_MTORC1_MEDIATED_SIGNALLING,0.868,1
REACTOME_TOLL_RECEPTOR_CASCADES,1,0.931
REACTOME_ACTIVATION_OF_BH3_ONLY_PROTEINS,0.988,0.784
REACTOME_GLUCOSE_METABOLISM,0.727,0.95
REACTOME_RNA_POL_III_CHAIN_ELONGATION,0.45,1
REACTOME_VOLTAGE_GATED_POTASSIUM_CHANNELS,0.997,0.305
REACTOME_ADAPTIVE_IMMUNE_SYSTEM,0.983,0
REACTOME_NOD1_2_SIGNALING_PATHWAY,0.917,0
REACTOME_CYTOKINE_SIGNALING_IN_IMMUNE_SYSTEM,0.924,0.109
REACTOME_MEIOTIC_SYNAPSIS,1,0.82
REACTOME_ANTIGEN_PRESENTATION_FOLDING_ASSEMBLY_AND_PEPTIDE_LOADING_OF_CLASS_I_MHC,0.515,0
REACTOME_THE_NLRP3_INFLAMMASOME,0.267,0.815
REACTOME_CLASS_I_MHC_MEDIATED_ANTIGEN_PROCESSING_PRESENTATION,0.952,0.559
REACTOME_NONSENSE_MEDIATED_DECAY_ENHANCED_BY_THE_EXON_JUNCTION_COMPLEX,0.527,1
REACTOME_PIP3_ACTIVATES_AKT_SIGNALING,1,0.367
REACTOME_ANTIGEN_PROCESSING_UBIQUITINATION_PROTEASOME_DEGRADATION,0.877,1
REACTOME_TANDEM_PORE_DOMAIN_POTASSIUM_CHANNELS,0.816,1
REACTOME_INFLAMMASOMES,0.314,0.998
REACTOME_POTASSIUM_CHANNELS,0.982,0.011
REACTOME_NUCLEOTIDE_BINDING_DOMAIN_LEUCINE_RICH_REPEAT_CONTAINING_RECEPTOR_NLR_SIGNALING_PATHWAYS,0.924,0.998
REACTOME_INWARDLY_RECTIFYING_K_CHANNELS,0.995,0.503
REACTOME_AMYLOIDS,0,0.467
REACTOME_PACKAGING_OF_TELOMERE_ENDS,0.903,0
REACTOME_TELOMERE_MAINTENANCE,0.468,1
REACTOME_PLATELET_ACTIVATION_SIGNALING_AND_AGGREGATION,1,0.027
REACTOME_REMOVAL_OF_THE_FLAP_INTERMEDIATE_FROM_THE_C_STRAND,0.51,1
REACTOME_CREATION_OF_C4_AND_C2_ACTIVATORS,1,1
REACTOME_APC_CDC20_MEDIATED_DEGRADATION_OF_NEK2A,0.776,1
REACTOME_INITIAL_TRIGGERING_OF_COMPLEMENT,0.944,0.73
REACTOME_EXTENSION_OF_TELOMERES,0.086,1
REACTOME_G2_M_CHECKPOINTS,0.313,1
REACTOME_G2_M_DNA_DAMAGE_CHECKPOINT,0.939,1
REACTOME_S_PHASE,0.822,1
REACTOME_SCFSKP2_MEDIATED_DEGRADATION_OF_P27_P21,1,1
REACTOME_TRYPTOPHAN_CATABOLISM,1,1
REACTOME_DNA_STRAND_ELONGATION,0.255,1
REACTOME_RESOLUTION_OF_AP_SITES_VIA_THE_SINGLE_NUCLEOTIDE_REPLACEMENT_PATHWAY,0.943,0.781
REACTOME_FGFR_LIGAND_BINDING_AND_ACTIVATION,0.996,1
REACTOME_CHOLESTEROL_BIOSYNTHESIS,0.919,0.963
REACTOME_APOBEC3G_MEDIATED_RESISTANCE_TO_HIV1_INFECTION,1,1
REACTOME_GAP_JUNCTION_TRAFFICKING,0.385,0.093
REACTOME_FGFR2C_LIGAND_BINDING_AND_ACTIVATION,1,1
REACTOME_METABOLISM_OF_PORPHYRINS,0.995,0.756
REACTOME_FGFR4_LIGAND_BINDING_AND_ACTIVATION,1,1
REACTOME_VIF_MEDIATED_DEGRADATION_OF_APOBEC3G,1,1
REACTOME_SIGNALING_BY_FGFR,1,0.456
REACTOME_DIGESTION_OF_DIETARY_CARBOHYDRATE,1,1
REACTOME_FGFR1_LIGAND_BINDING_AND_ACTIVATION,1,1
REACTOME_GAP_JUNCTION_ASSEMBLY,1,1
REACTOME_SYNTHESIS_OF_GLYCOSYLPHOSPHATIDYLINOSITOL_GPI,0.288,0
REACTOME_RNA_POL_I_TRANSCRIPTION_INITIATION,0.983,1
REACTOME_PYRIMIDINE_METABOLISM,0.34,1
REACTOME_INTRINSIC_PATHWAY_FOR_APOPTOSIS,0.99,0.957
REACTOME_PI3K_CASCADE,0,1
REACTOME_APOPTOTIC_EXECUTION_PHASE,0.996,0.204
REACTOME_SHC_RELATED_EVENTS,0.697,0.479
NABA_COLLAGENS,0.967,0.9
NABA_ECM_GLYCOPROTEINS,0.546,0.012
NABA_ECM_REGULATORS,0.729,0.92
NABA_ECM_AFFILIATED,0.42,0.014
NABA_PROTEOGLYCANS,0.984,0.02
NABA_SECRETED_FACTORS,0,0.211
NABA_CORE_MATRISOME,0.68,0
NABA_MATRISOME_ASSOCIATED,0,0.457
NABA_BASEMENT_MEMBRANES,1,0.906
NABA_MATRISOME,0,0.568
