,dbt_corr,nor_corr
KEGG_GLYCOLYSIS_GLUCONEOGENESIS,0.144932078,0.491295103
KEGG_CITRATE_CYCLE_TCA_CYCLE,0.02837082,0.12979401
KEGG_PENTOSE_PHOSPHATE_PATHWAY,0.123723271,0.49972247
KEGG_PENTOSE_AND_GLUCURO0TE_INTERCONVERSIONS,-0.116651205,0.15017977
KEGG_FRUCTOSE_AND_MANNOSE_METABOLISM,-0.127254286,0.344833787
KEGG_GALACTOSE_METABOLISM,0.021208917,0.357456988
KEGG_ASCORBATE_AND_ALDARATE_METABOLISM,0.056637027,0.230936167
KEGG_FATTY_ACID_METABOLISM,0.067161777,0.33469413
KEGG_STEROID_BIOSYNTHESIS,-0.053026555,0.019953502
KEGG_PRIMARY_BILE_ACID_BIOSYNTHESIS,0.056563408,0.442264722
KEGG_STEROID_HORMONE_BIOSYNTHESIS,-0.137861794,0.279273323
KEGG_OXIDATIVE_PHOSPHORYLATION,0.047421027,0.339206487
KEGG_PURINE_METABOLISM,-0.074699262,0.09643861
KEGG_PYRIMIDINE_METABOLISM,0.089222435,0.045800839
KEGG_ALANINE_ASPARTATE_AND_GLUTAMATE_METABOLISM,-0.10958008,0.196256905
KEGG_GLYCINE_SERINE_AND_THREONINE_METABOLISM,-0.070696389,0.173061677
KEGG_CYSTEINE_AND_METHIONINE_METABOLISM,-0.026691182,0.059095902
KEGG_VALINE_LEUCINE_AND_ISOLEUCINE_DEGRADATION,0.088374585,0.174293393
KEGG_VALINE_LEUCINE_AND_ISOLEUCINE_BIOSYNTHESIS,-0.08130135,0.06258129
KEGG_LYSINE_DEGRADATION,-0.053022619,0.023346139
KEGG_ARGININE_AND_PROLINE_METABOLISM,0.019467047,0.298320713
KEGG_HISTIDINE_METABOLISM,-0.091905305,-0.024718688
KEGG_TYROSINE_METABOLISM,-0.169671332,-0.057777983
KEGG_PHENYLALANINE_METABOLISM,-0.102627247,0.303987428
KEGG_TRYPTOPHAN_METABOLISM,-0.031813375,0.299130265
KEGG_BETA_ALANINE_METABOLISM,0.077767711,0.39697677
KEGG_TAURINE_AND_HYPOTAURINE_METABOLISM,0.092785362,0.225981866
KEGG_SELENOAMINO_ACID_METABOLISM,-0.077765787,0.103738756
KEGG_GLUTATHIONE_METABOLISM,0.067218545,0.337311833
KEGG_STARCH_AND_SUCROSE_METABOLISM,0.134362614,0.335630418
KEGG_N_GLYCAN_BIOSYNTHESIS,-0.114883052,0.220593218
KEGG_OTHER_GLYCAN_DEGRADATION,0.049489308,0.269592594
KEGG_O_GLYCAN_BIOSYNTHESIS,0.151998175,0.05313325
KEGG_AMINO_SUGAR_AND_NUCLEOTIDE_SUGAR_METABOLISM,0.159069334,0.26406067
KEGG_GLYCOSAMINOGLYCAN_DEGRADATION,0.019486691,0.383048205
KEGG_GLYCOSAMINOGLYCAN_BIOSYNTHESIS_CHONDROITIN_SULFATE,-0.130796408,0.445885438
KEGG_GLYCOSAMINOGLYCAN_BIOSYNTHESIS_KERATAN_SULFATE,-0.10958313,0.222892173
KEGG_GLYCOSAMINOGLYCAN_BIOSYNTHESIS_HEPARAN_SULFATE,-0.114881987,0.44176311
KEGG_GLYCEROLIPID_METABOLISM,-0.120184232,0.005664828
KEGG_INOSITOL_PHOSPHATE_METABOLISM,-0.137857958,-0.17378725
KEGG_GLYCOSYLPHOSPHATIDYLINOSITOL_GPI_ANCHOR_BIOSYNTHESIS,-0.09190701,0.14007142
KEGG_GLYCEROPHOSPHOLIPID_METABOLISM,-0.084835666,-0.056585695
KEGG_ETHER_LIPID_METABOLISM,-0.06362852,-0.25649874
KEGG_ARACHIDONIC_ACID_METABOLISM,0.014146366,0.464040696
KEGG_LINOLEIC_ACID_METABOLISM,0.053433918,0.14464486
KEGG_ALPHA_LINOLENIC_ACID_METABOLISM,0.128562907,0.35678819
KEGG_SPHINGOLIPID_METABOLISM,-0.045952653,-0.017412981
KEGG_GLYCOSPHINGOLIPID_BIOSYNTHESIS_LACTO_AND_NEOLACTO_SERIES,-0.113115971,0.224154969
KEGG_GLYCOSPHINGOLIPID_BIOSYNTHESIS_GLOBO_SERIES,0.113147114,0.308979128
KEGG_GLYCOSPHINGOLIPID_BIOSYNTHESIS_GANGLIO_SERIES,0.054790887,0.301679912
KEGG_PYRUVATE_METABOLISM,0.019457457,-0.006972866
KEGG_GLYOXYLATE_AND_DICARBOXYLATE_METABOLISM,0.067163438,0.245896767
KEGG_PROPANOATE_METABOLISM,0.030079468,-0.021497334
KEGG_BUTANOATE_METABOLISM,0.090137617,0.376728493
KEGG_ONE_CARBON_POOL_BY_FOLATE,-0.022978458,0.23226225
KEGG_RIBOFLAVIN_METABOLISM,-0.08483724,0.018908573
KEGG_NICOTI0TE_AND_NICOTI0MIDE_METABOLISM,-0.003535082,0.140473127
KEGG_PANTOTHE0TE_AND_COA_BIOSYNTHESIS,0.007069879,0.364571474
KEGG_FOLATE_BIOSYNTHESIS,0.063626946,0.249953374
KEGG_RETINOL_METABOLISM,0.091907863,0.084237701
KEGG_PORPHYRIN_AND_CHLOROPHYLL_METABOLISM,-0.067161777,0.220066176
KEGG_TERPENOID_BACKBONE_BIOSYNTHESIS,-0.120236295,-0.044061331
KEGG_LIMONENE_AND_PINENE_DEGRADATION,0.091906442,0.252147689
KEGG_NITROGEN_METABOLISM,-0.098975862,0.207758405
KEGG_SULFUR_METABOLISM,0.133507808,0.327877582
KEGG_AMINOACYL_TR0_BIOSYNTHESIS,0.035348304,0.104435351
KEGG_METABOLISM_OF_XENOBIOTICS_BY_CYTOCHROME_P450,0.084835142,0.079749932
KEGG_DRUG_METABOLISM_CYTOCHROME_P450,0.021209376,0.038649552
KEGG_DRUG_METABOLISM_OTHER_ENZYMES,-0.120184232,-0.115015588
KEGG_BIOSYNTHESIS_OF_UNSATURATED_FATTY_ACIDS,0.045955921,0.271081433
KEGG_ABC_TRANSPORTERS,0.017739107,0.414724899
KEGG_RIBOSOME,0,0.117744918
KEGG_R0_DEGRADATION,0.12849199,-0.119167218
KEGG_R0_POLYMERASE,0.075018947,0.15031877
KEGG_BASAL_TRANSCRIPTION_FACTORS,-0.130850239,-0.216686027
KEGG_D0_REPLICATION,-0.134424599,-0.255014877
KEGG_SPLICEOSOME,0.098662263,0.250467608
KEGG_PROTEASOME,0.070353815,0.192920171
KEGG_PROTEIN_EXPORT,0.149126069,0.208052942
KEGG_PPAR_SIG0LING_PATHWAY,0.007069595,0.330584261
KEGG_BASE_EXCISION_REPAIR,-0.155040207,-0.190490517
KEGG_NUCLEOTIDE_EXCISION_REPAIR,0.014166331,-0.236747232
KEGG_MISMATCH_REPAIR,-0.155669785,-0.307086418
KEGG_HOMOLOGOUS_RECOMBI0TION,-0.159071301,-0.260034727
KEGG_NON_HOMOLOGOUS_END_JOINING,0.060093603,0.142384854
KEGG_MAPK_SIG0LING_PATHWAY,-0.123732837,-0.24242684
KEGG_ERBB_SIG0LING_PATHWAY,-0.049489461,-0.107479947
KEGG_CALCIUM_SIG0LING_PATHWAY,0.174224644,0.361034889
KEGG_CYTOKINE_CYTOKINE_RECEPTOR_INTERACTION,0.045953221,0.061110713
KEGG_CHEMOKINE_SIG0LING_PATHWAY,0.07776747,0.08485835
KEGG_PHOSPHATIDYLINOSITOL_SIG0LING_SYSTEM,-0.054791734,-0.240942168
KEGG_NEUROACTIVE_LIGAND_RECEPTOR_INTERACTION,-0.104681276,0.135293968
KEGG_CELL_CYCLE,0.155611951,-0.217290904
KEGG_OOCYTE_MEIOSIS,0.148463334,0.34286557
KEGG_P53_SIG0LING_PATHWAY,0.065399013,0.068355491
KEGG_UBIQUITIN_MEDIATED_PROTEOLYSIS,0.086846991,-0.323563559
KEGG_S0RE_INTERACTIONS_IN_VESICULAR_TRANSPORT,0.037116522,0.092196653
KEGG_REGULATION_OF_AUTOPHAGY,0.184440312,0.505726806
KEGG_LYSOSOME,0.113114222,0.527195125
KEGG_ENDOCYTOSIS,0.173241511,0.275843475
KEGG_PEROXISOME,0.028282666,-0.00739895
KEGG_MTOR_SIG0LING_PATHWAY,0.169671332,0.455145027
KEGG_APOPTOSIS,-0.116649762,-0.258273596
KEGG_CARDIAC_MUSCLE_CONTRACTION,0.035569518,0.432131606
KEGG_VASCULAR_SMOOTH_MUSCLE_CONTRACTION,0.109594314,0.304209908
KEGG_WNT_SIG0LING_PATHWAY,0.030058888,0.022503541
KEGG_DORSO_VENTRAL_AXIS_FORMATION,0.148462875,0.152637576
KEGG_NOTCH_SIG0LING_PATHWAY,0.162723003,0.118417862
KEGG_HEDGEHOG_SIG0LING_PATHWAY,0.134332692,0.298643319
KEGG_TGF_BETA_SIG0LING_PATHWAY,0.067161154,-0.099208684
KEGG_AXON_GUIDANCE,0.137859237,0.124892004
KEGG_VEGF_SIG0LING_PATHWAY,-0.063627537,-0.104417997
KEGG_FOCAL_ADHESION,-0.060092116,0.374055779
KEGG_ECM_RECEPTOR_INTERACTION,-0.021209113,0.228501955
KEGG_CELL_ADHESION_MOLECULES_CAMS,0.1732174,0.413532693
KEGG_ADHERENS_JUNCTION,0.059102891,0.311153958
KEGG_TIGHT_JUNCTION,0.019444032,0.387068387
KEGG_GAP_JUNCTION,0.130788723,0.39310065
KEGG_COMPLEMENT_AND_COAGULATION_CASCADES,0.152001466,0.235020168
KEGG_ANTIGEN_PROCESSING_AND_PRESENTATION,0.15906589,0.410923696
KEGG_RENIN_ANGIOTENSIN_SYSTEM,-0.010972228,0.24149045
KEGG_TOLL_LIKE_RECEPTOR_SIG0LING_PATHWAY,0,0.048817173
KEGG_NOD_LIKE_RECEPTOR_SIG0LING_PATHWAY,0.155532055,-0.072770737
KEGG_RIG_I_LIKE_RECEPTOR_SIG0LING_PATHWAY,-0.148466089,-0.167943701
KEGG_CYTOSOLIC_D0_SENSING_PATHWAY,0.083078276,0.050654272
KEGG_JAK_STAT_SIG0LING_PATHWAY,0.116649041,-0.046221541
KEGG_HEMATOPOIETIC_CELL_LINEAGE,0.038883254,0.131515011
KEGG_0TURAL_KILLER_CELL_MEDIATED_CYTOTOXICITY,-0.014139365,0.100063145
KEGG_T_CELL_RECEPTOR_SIG0LING_PATHWAY,0.022977037,-0.149707735
KEGG_B_CELL_RECEPTOR_SIG0LING_PATHWAY,0.129034077,-0.096146334
KEGG_FC_EPSILON_RI_SIG0LING_PATHWAY,-0.137860089,-0.123013841
KEGG_FC_GAMMA_R_MEDIATED_PHAGOCYTOSIS,-0.028279255,0.165521504
KEGG_LEUKOCYTE_TRANSENDOTHELIAL_MIGRATION,0.070706009,0.413344274
KEGG_INTESTI0L_IMMUNE_NETWORK_FOR_IGA_PRODUCTION,-0.088929085,0.287081735
KEGG_CIRCADIAN_RHYTHM_MAMMAL,0.113114921,0.313573405
KEGG_LONG_TERM_POTENTIATION,0.120183861,0.046146418
KEGG_NEUROTROPHIN_SIG0LING_PATHWAY,0.113115621,0.170257811
KEGG_LONG_TERM_DEPRESSION,0.144928941,0.390816694
KEGG_OLFACTORY_TRANSDUCTION,0.126029535,0.222504103
KEGG_TASTE_TRANSDUCTION,0.150270617,0.456625146
KEGG_REGULATION_OF_ACTIN_CYTOSKELETON,0.113115271,0.520664398
KEGG_INSULIN_SIG0LING_PATHWAY,0.148463334,0.285557357
KEGG_GNRH_SIG0LING_PATHWAY,0.116652288,0.299321273
KEGG_PROGESTERONE_MEDIATED_OOCYTE_MATURATION,0.113114222,0.37782016
KEGG_MELANOGENESIS,0.159070809,0.400210958
KEGG_ADIPOCYTOKINE_SIG0LING_PATHWAY,-0.045952937,0.150707825
KEGG_TYPE_II_DIABETES_MELLITUS,0.321087531,0.630449231
KEGG_TYPE_I_DIABETES_MELLITUS,0.173277429,0.583163617
KEGG_MATURITY_ONSET_DIABETES_OF_THE_YOUNG,0,0.345432157
KEGG_ALDOSTERONE_REGULATED_SODIUM_REABSORPTION,0.178207801,0.545839273
KEGG_VASOPRESSIN_REGULATED_WATER_REABSORPTION,0.169672382,0.439284953
KEGG_PROXIMAL_TUBULE_BICARBO0TE_RECLAMATION,0.116649041,0.329767794
KEGG_ALZHEIMERS_DISEASE,-0.066030678,0.380882743
KEGG_PARKINSONS_DISEASE,0.025650936,0.266180516
KEGG_AMYOTROPHIC_LATERAL_SCLEROSIS_ALS,-0.003535049,-0.092027886
KEGG_HUNTINGTONS_DISEASE,0.025646297,0.276761332
KEGG_PRION_DISEASES,0.031813473,0.134935241
KEGG_VIBRIO_CHOLERAE_INFECTION,0.151996765,0.512307251
KEGG_EPITHELIAL_CELL_SIG0LING_IN_HELICOBACTER_PYLORI_INFECTION,-0.035348631,0.410754533
KEGG_PATHOGENIC_ESCHERICHIA_COLI_INFECTION,0.035634059,0.034463181
KEGG_LEISHMANIA_INFECTION,-0.035348413,-0.010968078
KEGG_PATHWAYS_IN_CANCER,0.171453057,0.081250251
KEGG_COLORECTAL_CANCER,0.019921364,-0.088473438
KEGG_RE0L_CELL_CARCINOMA,-0.077817538,0.075073055
KEGG_PANCREATIC_CANCER,0.152009457,0.1761225
KEGG_ENDOMETRIAL_CANCER,-0.024760203,-0.229241806
KEGG_GLIOMA,0.123718297,0.070654103
KEGG_PROSTATE_CANCER,0.173206688,0.453701561
KEGG_THYROID_CANCER,0.063630291,0.00543683
KEGG_BASAL_CELL_CARCINOMA,-0.017674097,0.213066592
KEGG_MELANOMA,0.10958008,-0.032530715
KEGG_BLADDER_CANCER,0.060093417,0.042635254
KEGG_CHRONIC_MYELOID_LEUKEMIA,0.074388018,-0.109503461
KEGG_ACUTE_MYELOID_LEUKEMIA,0.144941939,0.140563618
KEGG_SMALL_CELL_LUNG_CANCER,0.068930684,-0.118248163
KEGG_NON_SMALL_CELL_LUNG_CANCER,-0.067169462,-0.071348407
KEGG_ASTHMA,0.017854638,0.049504113
KEGG_AUTOIMMUNE_THYROID_DISEASE,0.169676055,0.437120573
KEGG_SYSTEMIC_LUPUS_ERYTHEMATOSUS,-0.060091559,0.027709211
KEGG_ALLOGRAFT_REJECTION,0.169676055,0.434681856
KEGG_GRAFT_VERSUS_HOST_DISEASE,0.141393652,0.441809565
KEGG_PRIMARY_IMMUNODEFICIENCY,0.112554429,0.253533065
KEGG_HYPERTROPHIC_CARDIOMYOPATHY_HCM,0.134323554,0.322724605
KEGG_ARRHYTHMOGENIC_RIGHT_VENTRICULAR_CARDIOMYOPATHY_ARVC,0.148461498,0.425353825
KEGG_DILATED_CARDIOMYOPATHY,0.162605213,0.460465322
KEGG_VIRAL_MYOCARDITIS,0.127253499,0.515959267
BIOCARTA_RELA_PATHWAY,0.134327292,0.389355428
BIOCARTA_NO1_PATHWAY,0.137883968,0.25907945
BIOCARTA_CSK_PATHWAY,0.162634385,0.427872153
BIOCARTA_SRCRPTP_PATHWAY,0.148719705,0.414107191
BIOCARTA_AMI_PATHWAY,0.03741274,0.092807498
BIOCARTA_GRANULOCYTES_PATHWAY,0,0
BIOCARTA_LYM_PATHWAY,0.025641659,0.060043452
BIOCARTA_ARAP_PATHWAY,0.019441447,0.481913316
BIOCARTA_AGR_PATHWAY,0.067163854,0.217446874
BIOCARTA_AKAP95_PATHWAY,0.120184604,0.113601869
BIOCARTA_AKT_PATHWAY,0.153764645,0.181810181
BIOCARTA_ALK_PATHWAY,0.084835142,-0.065327663
BIOCARTA_AT1R_PATHWAY,-0.010604393,0.056432791
BIOCARTA_ACE2_PATHWAY,0.017854638,0.048881436
BIOCARTA_ASBCELL_PATHWAY,0.010204082,-0.136664339
BIOCARTA_D0FRAGMENT_PATHWAY,0.162955303,0.022413124
BIOCARTA_CHEMICAL_PATHWAY,-0.127309412,0.005744168
BIOCARTA_SPPA_PATHWAY,0.074231438,0.138678847
BIOCARTA_ATM_PATHWAY,0.056560959,0.054933926
BIOCARTA_AGPCR_PATHWAY,0.164171228,0.42339554
BIOCARTA_BCELLSURVIVAL_PATHWAY,0.04787397,0.155902076
BIOCARTA_BLYMPHOCYTE_PATHWAY,0.010204082,0.034463181
BIOCARTA_BCR_PATHWAY,-0.067161569,0.066458011
BIOCARTA_BIOPEPTIDES_PATHWAY,0.14139234,0.254134647
BIOCARTA_NEUROTRANSMITTERS_PATHWAY,0,0
BIOCARTA_RANKL_PATHWAY,0.104281043,0.156151596
BIOCARTA_CACAM_PATHWAY,0.120207652,0.286226833
BIOCARTA_CDMAC_PATHWAY,0.167981336,0.281203768
BIOCARTA_CARM_ER_PATHWAY,0.166204366,0.188815861
BIOCARTA_CASPASE_PATHWAY,-0.091922361,0.077154103
BIOCARTA_CBL_PATHWAY,0.167909115,0.281005971
BIOCARTA_CCR3_PATHWAY,0.088372672,0.478312305
BIOCARTA_CD40_PATHWAY,0.12018609,0.352819423
BIOCARTA_MCM_PATHWAY,0.132572537,0.255982638
BIOCARTA_G1_PATHWAY,-0.015907228,0.010353391
BIOCARTA_G2_PATHWAY,0.017674425,0.052023134
BIOCARTA_CELL2CELL_PATHWAY,-0.130837686,0.283592553
BIOCARTA_LAIR_PATHWAY,0.056419302,0.129722648
BIOCARTA_CERAMIDE_PATHWAY,0.072469177,0.183941253
BIOCARTA_TID_PATHWAY,0.063630095,0.128751236
BIOCARTA_CLASSIC_PATHWAY,0,0.048881436
BIOCARTA_COMP_PATHWAY,0.031896133,0.068750266
BIOCARTA_VDR_PATHWAY,-0.109580419,0.041118664
BIOCARTA_HDAC_PATHWAY,0.187160395,0.497709112
BIOCARTA_GCR_PATHWAY,0.176277748,0.425717028
BIOCARTA_CTCF_PATHWAY,0.028278818,-0.05913994
BIOCARTA_CTL_PATHWAY,0.066639425,0.025337262
BIOCARTA_CXCR4_PATHWAY,-0.042420457,0.139540652
BIOCARTA_CELLCYCLE_PATHWAY,0.081303109,0.162730809
BIOCARTA_CFTR_PATHWAY,0.166893752,0.477800429
BIOCARTA_CYTOKINE_PATHWAY,0,0
BIOCARTA_INFLAM_PATHWAY,0.03741274,0.089543422
BIOCARTA_D4GDI_PATHWAY,0.155639414,0.198340211
BIOCARTA_DC_PATHWAY,0,0.048881436
BIOCARTA_P35ALZHEIMERS_PATHWAY,0.116651205,0.425761347
BIOCARTA_R0_PATHWAY,0.051316646,-0.100522952
BIOCARTA_MTA3_PATHWAY,0.021208982,0.468159962
BIOCARTA_SKP2E2F_PATHWAY,0.157379295,0.192702601
BIOCARTA_CALCINEURIN_PATHWAY,0.123721358,0.115627626
BIOCARTA_EGF_PATHWAY,-0.095447799,0.144214225
BIOCARTA_ETC_PATHWAY,0.044215469,0.212011007
BIOCARTA_NDKDY0MIN_PATHWAY,0.11680735,0.175570525
BIOCARTA_EPHA4_PATHWAY,0.135182792,0.219616396
BIOCARTA_EPO_PATHWAY,0.157709148,0.252560209
BIOCARTA_ECM_PATHWAY,-0.137864352,0.382059857
BIOCARTA_ERK_PATHWAY,0.15553446,0.454452915
BIOCARTA_ERYTH_PATHWAY,0,0
BIOCARTA_EPONFKB_PATHWAY,0.081305875,0.292494115
BIOCARTA_EIF_PATHWAY,0.159175195,0.415805632
BIOCARTA_EXTRINSIC_PATHWAY,0.045724785,0.025749444
BIOCARTA_FAS_PATHWAY,-0.123736664,-0.044716271
BIOCARTA_FCER1_PATHWAY,-0.141392777,-0.062038637
BIOCARTA_FEEDER_PATHWAY,0,0.24957012
BIOCARTA_FIBRINOLYSIS_PATHWAY,0,0
BIOCARTA_FMLP_PATHWAY,0.098975862,0.115276652
BIOCARTA_FREE_PATHWAY,-0.045954074,0.363274292
BIOCARTA_GABA_PATHWAY,-0.104345316,0.280603768
BIOCARTA_GATA3_PATHWAY,0.098975862,0.283769676
BIOCARTA_GLYCOLYSIS_PATHWAY,0.143172583,0.506442208
BIOCARTA_SET_PATHWAY,-0.062515591,-0.138587878
BIOCARTA_GH_PATHWAY,0.118613941,0.498236532
BIOCARTA_AHSP_PATHWAY,-0.137911274,0.256514918
BIOCARTA_TCAPOPTOSIS_PATHWAY,0,0
BIOCARTA_HIVNEF_PATHWAY,-0.021220403,0.319469055
BIOCARTA_SALMONELLA_PATHWAY,0.15255917,0.227085501
BIOCARTA_MPR_PATHWAY,0.148462416,0.40766209
BIOCARTA_HCMV_PATHWAY,0.123719063,0.218550214
BIOCARTA_P53HYPOXIA_PATHWAY,0.123769975,0.063410196
BIOCARTA_HIF_PATHWAY,0.143164171,0.375724929
BIOCARTA_IGF1_PATHWAY,-0.148562595,0.176781152
BIOCARTA_IL17_PATHWAY,0,0
BIOCARTA_IL2_PATHWAY,0.16970912,0.227511524
BIOCARTA_IL3_PATHWAY,0.171575677,0.448892493
BIOCARTA_IL4_PATHWAY,-0.088393995,0.352289389
BIOCARTA_IL5_PATHWAY,0,0
BIOCARTA_IL6_PATHWAY,-0.116666719,0.218008248
BIOCARTA_IL10_PATHWAY,0.127255073,0.270713387
BIOCARTA_IL12_PATHWAY,0.021888156,0.275717042
BIOCARTA_IL2RB_PATHWAY,-0.127260189,0.100115471
BIOCARTA_IL22BP_PATHWAY,0.144928045,0.382182796
BIOCARTA_IL7_PATHWAY,0.157380269,0.374713768
BIOCARTA_GSK3_PATHWAY,0.042418358,0.107388035
BIOCARTA_DEATH_PATHWAY,-0.137867337,-0.15834433
BIOCARTA_RACCYCD_PATHWAY,0.148467007,0.187586918
BIOCARTA_GLEEVEC_PATHWAY,0.171471089,0.233448168
BIOCARTA_INSULIN_PATHWAY,0.08133682,0.526278653
BIOCARTA_INTEGRIN_PATHWAY,-0.148485375,0.179986517
BIOCARTA_INTRINSIC_PATHWAY,0.057897759,0.078794248
BIOCARTA_KERATINOCYTE_PATHWAY,-0.077766508,-0.030722568
BIOCARTA_TCRA_PATHWAY,0,0
BIOCARTA_LECTIN_PATHWAY,0.01450419,0.060043452
BIOCARTA_PYK2_PATHWAY,-0.07069617,0.031481406
BIOCARTA_EGFR_SMRTE_PATHWAY,0.153901763,0.39650002
BIOCARTA_MAPK_PATHWAY,-0.149160509,-0.240384463
BIOCARTA_MCALPAIN_PATHWAY,-0.088371579,0.270066812
BIOCARTA_PPARA_PATHWAY,0.173207223,0.467348868
BIOCARTA_ETS_PATHWAY,0.030050705,0.371108658
BIOCARTA_MONOCYTE_PATHWAY,0.048859986,0.167651148
BIOCARTA_MTOR_PATHWAY,0.137927921,0.215690845
BIOCARTA_IGF1R_PATHWAY,-0.102510397,0.086903721
BIOCARTA_PITX2_PATHWAY,0.171496555,0.25603664
BIOCARTA_NGF_PATHWAY,0.164571765,0.270093478
BIOCARTA_VIP_PATHWAY,0.113114222,0.054777581
BIOCARTA_NFAT_PATHWAY,-0.09544101,0.106896354
BIOCARTA_NTHI_PATHWAY,0.144932975,0.098250294
BIOCARTA_NFKB_PATHWAY,0.134322723,0.379535811
BIOCARTA_NOS1_PATHWAY,0.137994143,0.037127979
BIOCARTA_NO2IL12_PATHWAY,0.017854638,0.069536619
BIOCARTA_RARRXR_PATHWAY,0.058328849,0.265964538
BIOCARTA_NUCLEARRS_PATHWAY,0.048859986,0.210045474
BIOCARTA_ARENRF2_PATHWAY,0.171440863,0.2962005
BIOCARTA_P38MAPK_PATHWAY,-0.066075183,-0.206516733
BIOCARTA_P53_PATHWAY,0.035351146,0.055832434
BIOCARTA_PDGF_PATHWAY,0,0.071253434
BIOCARTA_CCR5_PATHWAY,0.045952795,0.212686807
BIOCARTA_PTDINS_PATHWAY,-0.067162192,0.462610491
BIOCARTA_PLCE_PATHWAY,0.159903698,0.433654138
BIOCARTA_EDG1_PATHWAY,0.155532055,0.124908825
BIOCARTA_CDK5_PATHWAY,0.169690223,0.231167339
BIOCARTA_MYOSIN_PATHWAY,-0.127253499,-0.016316126
BIOCARTA_PLATELETAPP_PATHWAY,0.020722385,-0.034705209
BIOCARTA_PS1_PATHWAY,0.095911637,0.042270538
BIOCARTA_PROTEASOME_PATHWAY,0.093019953,0.277024128
BIOCARTA_AKAPCENTROSOME_PATHWAY,-0.053023439,0.046700606
BIOCARTA_PTEN_PATHWAY,-0.166176598,0.011103709
BIOCARTA_RAB_PATHWAY,0.137861368,0.174538006
BIOCARTA_RAC1_PATHWAY,-0.169671857,0.331648823
BIOCARTA_RAS_PATHWAY,0.098978923,0.270041421
BIOCARTA_NKCELLS_PATHWAY,0.127253893,0.341246407
BIOCARTA_RB_PATHWAY,0.017674589,0.159330436
BIOCARTA_CHREBP2_PATHWAY,0.134326461,0.068652902
BIOCARTA_BAD_PATHWAY,-0.028278905,0.042736939
BIOCARTA_CK1_PATHWAY,0.116650123,-0.06107734
BIOCARTA_EIF2_PATHWAY,-0.015949306,-0.079946343
BIOCARTA_EIF4_PATHWAY,0.077777332,0.078793644
BIOCARTA_STEM_PATHWAY,0,0
BIOCARTA_P27_PATHWAY,0.024755068,-0.201935661
BIOCARTA_PGC1A_PATHWAY,0.113114921,0.21881649
BIOCARTA_PML_PATHWAY,-0.08131015,0.180381778
BIOCARTA_DREAM_PATHWAY,-0.042418751,0.299677617
BIOCARTA_LEPTIN_PATHWAY,-0.045969571,0.354269322
BIOCARTA_RHO_PATHWAY,-0.060098992,0.419760113
BIOCARTA_AKAP13_PATHWAY,-0.07776723,0.239781521
BIOCARTA_ATRBRCA_PATHWAY,-0.021210097,-0.076664808
BIOCARTA_CARDIACEGF_PATHWAY,-0.045955495,0.284345436
BIOCARTA_HER2_PATHWAY,-0.088371032,0.272972525
BIOCARTA_ERK5_PATHWAY,0.171440863,0.313439901
BIOCARTA_MAL_PATHWAY,0.14493656,0.140437027
BIOCARTA_MEF2D_PATHWAY,0.151997705,0.147645634
BIOCARTA_MITOCHONDRIA_PATHWAY,-0.145022247,-0.077068218
BIOCARTA_ACH_PATHWAY,-0.031813473,0.260777994
BIOCARTA_PARKIN_PATHWAY,0.085159916,-0.16402462
BIOCARTA_CDC42RAC_PATHWAY,0.130993031,0.240561346
BIOCARTA_RANMS_PATHWAY,0.102575441,0.342382435
BIOCARTA_BARR_MAPK_PATHWAY,0.166147302,0.432936252
BIOCARTA_TOB1_PATHWAY,0.160876574,0.33756691
BIOCARTA_BARRESTIN_SRC_PATHWAY,0.159074253,0.436879646
BIOCARTA_NKT_PATHWAY,-0.098865197,0.186485482
BIOCARTA_IL1R_PATHWAY,-0.022976326,0.280369942
BIOCARTA_MET_PATHWAY,-0.06364663,-0.001544532
BIOCARTA_GPCR_PATHWAY,0.15906835,0.34579025
BIOCARTA_IGF1MTOR_PATHWAY,0.02831351,-0.23924611
BIOCARTA_SODD_PATHWAY,0.122070669,0.347043679
BIOCARTA_SHH_PATHWAY,0.164395539,0.273390145
BIOCARTA_PTC1_PATHWAY,0.15217568,0.140994605
BIOCARTA_SPRY_PATHWAY,0.167915865,0.365634818
BIOCARTA_BARRESTIN_PATHWAY,0.16286681,0.49196025
BIOCARTA_STATHMIN_PATHWAY,-0.031813375,0.322006353
BIOCARTA_HSP27_PATHWAY,-0.145214361,0.179303026
BIOCARTA_TCR_PATHWAY,-0.04595251,0.012717387
BIOCARTA_TCYTOTOXIC_PATHWAY,0.010204082,0
BIOCARTA_THELPER_PATHWAY,0,0
BIOCARTA_TALL1_PATHWAY,0.123732837,0.262607727
BIOCARTA_TEL_PATHWAY,0.152007106,0.06035848
BIOCARTA_TGFB_PATHWAY,0.144935216,0.098919126
BIOCARTA_TH1TH2_PATHWAY,-0.169724161,0.121438929
BIOCARTA_41BB_PATHWAY,0.114883052,0.304278492
BIOCARTA_KREB_PATHWAY,0.024746874,0.027389228
BIOCARTA_CTLA4_PATHWAY,0.079621477,0.17392559
BIOCARTA_LONGEVITY_PATHWAY,-0.106045567,0.29217292
BIOCARTA_SARS_PATHWAY,0.103523489,0.158520803
BIOCARTA_PAR1_PATHWAY,0.024743889,-0.032111933
BIOCARTA_STRESS_PATHWAY,0.049489461,-0.031606809
BIOCARTA_TNFR1_PATHWAY,-0.049546492,0.008763235
BIOCARTA_TNFR2_PATHWAY,0.106045239,0.214843446
BIOCARTA_TOLL_PATHWAY,-0.049487931,0.16198483
BIOCARTA_TPO_PATHWAY,0.173249551,0.240616241
BIOCARTA_CREB_PATHWAY,0.148464252,0.368073882
BIOCARTA_CARM1_PATHWAY,-0.102509763,0.136400564
BIOCARTA_TFF_PATHWAY,-0.028370643,0.176780255
BIOCARTA_TRKA_PATHWAY,0.166153982,0.339189604
BIOCARTA_ARF_PATHWAY,0.130809758,0.216675833
BIOCARTA_UCALPAIN_PATHWAY,-0.033589926,0.440742801
BIOCARTA_VEGF_PATHWAY,-0.02122566,-0.123313596
BIOCARTA_VITCB_PATHWAY,-0.040128682,0.324598709
BIOCARTA_WNT_PATHWAY,0.125501614,0.007600706
BIOCARTA_ACTINY_PATHWAY,0.140564747,0.167118014
ST_INTERFERON_GAMMA_PATHWAY,-0.060092674,0.26106495
ST_WNT_CA2_CYCLIC_GMP_PATHWAY,-0.049487472,0.369602382
ST_DIFFERENTIATION_PATHWAY_IN_PC12_CELLS,-0.106044911,-0.105517021
ST_TUMOR_NECROSIS_FACTOR_PATHWAY,-0.081320966,0.051268831
SA_B_CELL_RECEPTOR_COMPLEXES,-0.010604721,0.187729376
ST_ERK1_ERK2_MAPK_PATHWAY,0.062010815,-0.050380501
SIG_CD40PATHWAYMAP,-0.134323138,0.086211985
SIG_PIP3_SIG0LING_IN_CARDIAC_MYOCTES,-0.120218065,-0.186790593
SA_CASPASE_CASCADE,-0.127255467,0.298391237
ST_GA12_PATHWAY,-0.155532536,0.392171103
ST_G_ALPHA_S_PATHWAY,-0.024743813,0.176555199
ST_G_ALPHA_I_PATHWAY,-0.042417702,0.275701783
SIG_CHEMOTAXIS,-0.042417964,0.293735986
ST_IL_13_PATHWAY,-0.018853656,0.253046527
ST_P38_MAPK_PATHWAY,-0.127318869,-0.251521893
SIG_IL4RECEPTOR_IN_B_LYPHOCYTES,-0.134322723,0.090321101
WNT_SIG0LING,0.150233078,0.450287964
ST_JAK_STAT_PATHWAY,0.127253893,0.288457855
SIG_REGULATION_OF_THE_ACTIN_CYTOSKELETON_BY_RHO_GTPASES,0.129027293,0.439970721
ST_GRANULE_CELL_SURVIVAL_PATHWAY,-0.141398461,-0.050889703
ST_ADRENERGIC,-0.067161569,-0.122204835
ST_INTEGRIN_SIG0LING_PATHWAY,-0.081303109,0.065117535
ST_GAQ_PATHWAY,-0.162602196,0.382389874
ST_GA13_PATHWAY,-0.127255073,0.171366045
ST_STAT3_PATHWAY,0.081301098,0.437707693
SA_FAS_SIG0LING,-0.1783198,0.133880887
SA_G1_AND_S_PHASES,0.007069661,0.514376166
SIG_INSULIN_RECEPTOR_PATHWAY_IN_CARDIAC_MYOCYTES,0.107815993,-0.059260671
ST_T_CELL_SIG0L_TRANSDUCTION,-0.137860089,0.015959433
ST_TYPE_I_INTERFERON_PATHWAY,0.038883254,0.304010158
ST_PAC1_RECEPTOR_PATHWAY,0.092783057,0.249228466
SIG_PIP3_SIG0LING_IN_B_LYMPHOCYTES,-0.067161777,0.022394462
SIG_BCR_SIG0LING_PATHWAY,-0.109579063,0.017132065
SA_G2_AND_M_PHASES,0.141894292,0.198674462
ST_B_CELL_ANTIGEN_RECEPTOR,-0.063633243,0.107422688
ST_INTERLEUKIN_4_PATHWAY,-0.017674042,0.02794235
ST_WNT_BETA_CATENIN_PATHWAY,-0.024763423,0.125702723
SA_MMP_CYTOKINE_CONNECTION,0.104821101,0.268339271
ST_JNK_MAPK_PATHWAY,-0.144935664,-0.255464487
SA_PROGRAMMED_CELL_DEATH,0.162633379,0.283375077
ST_FAS_SIG0LING_PATHWAY,-0.08350109,0.004474356
ST_MYOCYTE_AD_PATHWAY,0.098974638,0.008566981
SA_PTEN_PATHWAY,-0.116650484,-0.109332989
SA_REG_CASCADE_OF_CYCLIN_EXPR,-0.046050011,0.355624933
SA_TRKA_RECEPTOR,-0.014139234,0.317966657
ST_PHOSPHOINOSITIDE_3_KI0SE_PATHWAY,0.123719063,-0.235542631
PID_FANCONI_PATHWAY,-0.033583381,-0.272349629
PID_SMAD2_3NUCLEAR_PATHWAY,-0.028285466,-0.061656861
PID_FCER1_PATHWAY,-0.113121218,0.018917739
PID_ENDOTHELIN_PATHWAY,0.155532055,0.214161142
PID_BCR_5PATHWAY,0.068938146,-0.269999789
PID_PRL_SIG0LING_EVENTS_PATHWAY,0.138535162,0.27702577
PID_RHOA_PATHWAY,-0.046349925,0.066465965
PID_ERBB4_PATHWAY,0.106046222,-0.082526663
PID_AURORA_B_PATHWAY,0.0671678,0.281635441
PID_LYSOPHOSPHOLIPID_PATHWAY,0.109579402,0.285477663
PID_INSULIN_PATHWAY,-0.010604557,0.445976065
PID_NOTCH_PATHWAY,0.171439272,0.322761598
PID_INTEGRIN1_PATHWAY,-0.120184975,0.310534258
PID_P73PATHWAY,0.056558335,0.327078666
PID_P38_MKK3_6PATHWAY,0.083071596,-0.051912215
PID_GMCSF_PATHWAY,0.035349397,0.042625853
PID_WNT_NONCANONICAL_PATHWAY,0.095445437,0.119437613
PID_NFKAPPAB_ATYPICAL_PATHWAY,0.159116083,0.27234413
PID_IL4_2PATHWAY,-0.098976168,0.194350059
PID_HDAC_CLASSII_PATHWAY,0.134429178,0.082177856
PID_BETA_CATENIN_DEG_PATHWAY,0.060115357,0.112139725
PID_HDAC_CLASSIII_PATHWAY,-0.102547187,0.038580182
PID_GLYPICAN_1PATHWAY,0.173205081,0.379208911
PID_TCR_PATHWAY,-0.070697044,-0.296516121
PID_IL27_PATHWAY,0.162602196,0.245815067
PID_NFKAPPAB_CANONICAL_PATHWAY,0.160893499,-0.247293767
PID_E2F_PATHWAY,0.031818196,-0.169177878
PID_ER_NONGENOMIC_PATHWAY,0.056557111,0.17448049
PID_D0_PK_PATHWAY,0.008844737,0.101353418
PID_HIF2PATHWAY,-0.028280304,0.259603092
PID_CD40_PATHWAY,0.038883374,0.132896573
PID_ATR_PATHWAY,0.05655851,-0.108194362
PID_INTEGRIN_CS_PATHWAY,0.157379782,0.32861018
PID_MET_PATHWAY,0.095903868,-0.035181955
PID_PTP1B_PATHWAY,0.130798835,0.527241721
PID_INTEGRIN3_PATHWAY,0.109579402,0.216015747
PID_IL12_2PATHWAY,0.173208294,0.291251784
PID_S1P_S1P3_PATHWAY,0.15906835,0.267413337
PID_LPA4_PATHWAY,0.114122135,0.338817715
PID_AR_PATHWAY,0.063688618,0.226183768
PID_NFAT_TFPATHWAY,0.159066874,0.166475626
PID_EPHB_FWD_PATHWAY,-0.058335705,-0.046442613
PID_AVB3_OPN_PATHWAY,0.003534929,0.353598627
PID_S1P_S1P4_PATHWAY,0.152000055,0.243983434
PID_FRA_PATHWAY,0.118421944,0.367021276
PID_MYC_ACTIV_PATHWAY,0.096241055,0.312574317
PID_ARF6_TRAFFICKING_PATHWAY,0.16967553,0.465713493
PID_RHOA_REG_PATHWAY,-0.155532055,0.040122972
PID_REELIN_PATHWAY,-0.010604458,-0.064908875
PID_PS1_PATHWAY,0.080152217,0.169481123
PID_ILK_PATHWAY,-0.014510282,0.137058199
PID_NECTIN_PATHWAY,0.099450584,0.127492785
PID_P38_ALPHA_BETA_PATHWAY,-0.084850885,-0.021072601
PID_WNT_SIG0LING_PATHWAY,0.152169078,0.310281712
PID_TRAIL_PATHWAY,0.010604524,0.232268093
PID_CDC42_PATHWAY,-0.10637369,0.195654273
PID_RET_PATHWAY,-0.130788723,0.107445361
PID_CDC42_REG_PATHWAY,-0.031818688,-0.082747484
PID_ATM_PATHWAY,0.127316111,-0.259855073
PID_ARF6_PATHWAY,0,0.063467052
PID_LKB1_PATHWAY,0.015907278,0.18131305
PID_CD8_TCR_PATHWAY,0.056557635,-0.018606154
PID_WNT_CANONICAL_PATHWAY,-0.123729776,0.136389014
PID_TCPTP_PATHWAY,0.16967553,0.506329553
PID_ANGIOPOIETIN_RECEPTOR_PATHWAY,-0.091911558,0.10303941
PID_FAS_PATHWAY,-0.010604557,-0.092861504
PID_CIRCADIAN_PATHWAY,0.035352567,0.162778588
PID_TXA2PATHWAY,0.144928493,0.242883034
PID_SHP2_PATHWAY,-0.007069639,-0.043638054
PID_HDAC_CLASSI_PATHWAY,0.076441202,0.009641036
PID_S1P_S1P1_PATHWAY,0.169672906,0.272931887
PID_TELOMERASE_PATHWAY,0.128013394,-0.14019284
PID_HNF3B_PATHWAY,-0.010204082,0.563506388
PID_NETRIN_PATHWAY,-0.007069639,0.158290929
PID_IL1_PATHWAY,0.113114571,0.220302536
PID_NFAT_3PATHWAY,-0.001770786,-0.143206003
PID_REG_GR_PATHWAY,0.146731308,0.014050972
PID_CONE_PATHWAY,0.0752889,0.249228733
PID_INTEGRIN_A9B1_PATHWAY,0.02827873,0.304233387
PID_ERB_GENOMIC_PATHWAY,-0.145008779,-0.046967631
PID_ARF6_DOWNSTREAM_PATHWAY,0.14142033,0.458540896
PID_MTOR_4PATHWAY,0.159250658,0.248269433
PID_IL2_1PATHWAY,-0.13432563,0.012151759
PID_CXCR4_PATHWAY,0.148466548,0.444117553
PID_IGF1_PATHWAY,-0.159070809,0.185486338
PID_ERBB1_RECEPTOR_PROXIMAL_PATHWAY,-0.084835404,0.24983432
PID_TNF_PATHWAY,0.106045567,0.19360549
PID_PLK1_PATHWAY,0.053023603,0.135498367
PID_TCR_RAS_PATHWAY,0.166264578,0.273009614
PID_IL5_PATHWAY,-0.123750062,0.269910096
PID_FOXO_PATHWAY,0.074358699,-0.113143294
PID_VEGF_VEGFR_PATHWAY,0.050399562,0.056149129
PID_THROMBIN_PAR4_PATHWAY,0.13785881,0.336270276
PID_MYC_PATHWAY,-0.141415518,-0.230654524
PID_RANBP2_PATHWAY,0.11864818,-0.16303144
PID_PI3KCI_PATHWAY,0.084835929,0.250336088
PID_AJDISS_2PATHWAY,0.171590026,0.152586969
PID_IL2_PI3K_PATHWAY,0.127255467,0.124036547
PID_CERAMIDE_PATHWAY,0.169678678,0.086523524
PID_P53_DOWNSTREAM_PATHWAY,0.155554664,-0.076280064
PID_AR_TF_PATHWAY,0.003534819,-0.061035231
PID_P75_NTR_PATHWAY,0.127253893,0.416340226
PID_S1P_META_PATHWAY,0.169671857,0.12638446
PID_ECADHERIN_0SCENT_AJ_PATHWAY,0.137728433,0.141734298
PID_INTEGRIN4_PATHWAY,0.068083288,0.176525723
PID_AMB2_NEUTROPHILS_PATHWAY,0.045952795,0.10009714
PID_AVB3_INTEGRIN_PATHWAY,0.070697263,0.301248606
PID_IFNG_PATHWAY,-0.141396275,0.109626361
PID_RXR_VDR_PATHWAY,-0.127253106,0.335177087
PID_LIS1_PATHWAY,0.145097742,0.221687411
PID_ERBB1_DOWNSTREAM_PATHWAY,0.106437294,0.238515551
PID_SYNDECAN_4_PATHWAY,-0.049488543,0.319839136
PID_ATF2_PATHWAY,0.15906589,0.441587755
PID_AP1_PATHWAY,0.146787175,0.313891759
PID_INTEGRIN2_PATHWAY,0.122070669,0.162218944
PID_UPA_UPAR_PATHWAY,0.151998645,0.220755897
PID_ERBB2_ERBB3_PATHWAY,0.173264024,0.138562094
PID_FOXM1_PATHWAY,-0.030049589,0.105308765
PID_EPHA_FWDPATHWAY,0,0.090546159
PID_HIF1A_PATHWAY,0.10251008,0.367824034
PID_BMP_PATHWAY,-0.021209376,-0.265151983
PID_IL3_PATHWAY,0.045953505,-0.202683062
PID_IL6_7_PATHWAY,0.081300595,0.375730077
PID_ECADHERIN_KERATINOCYTE_PATHWAY,0.148467925,0.307200065
PID_ALK1_PATHWAY,0.088391534,-0.063946167
PID_PDGFRB_PATHWAY,0.111468896,0.144410668
PID_TRKR_PATHWAY,-0.028278993,0.38206977
PID_TCR_JNK_PATHWAY,0.16087508,0.333705434
PID_NEPHRIN_NEPH1_PATHWAY,-0.003534972,-0.006586127
PID_CMYB_PATHWAY,0.028278555,0.182054944
PID_IL23_PATHWAY,0.169670808,0.320179721
PID_HIV_NEF_PATHWAY,-0.120517108,-0.215803149
PID_SYNDECAN_1_PATHWAY,-0.1413954,0.399243691
PID_P38_MK2_PATHWAY,0.028282491,-0.052175189
PID_ERA_GENOMIC_PATHWAY,0.063635605,0.30564935
PID_ERBB_NETWORK_PATHWAY,-0.103639933,0.158501951
PID_ALK2_PATHWAY,0.10251864,0.347955562
PID_RHODOPSIN_PATHWAY,0.092136652,0.310000194
PID_PDGFRA_PATHWAY,0.044190982,0.209390062
PID_RETINOIC_ACID_PATHWAY,-0.152004286,-0.024817211
PID_P38_GAMMA_DELTA_PATHWAY,-0.152016979,0.440248094
PID_IL8_CXCR2_PATHWAY,0.137858384,0.374827921
PID_HEDGEHOG_2PATHWAY,0.152174737,0.340453943
PID_INTEGRIN5_PATHWAY,0.097253401,0.271963224
PID_AR_NONGENOMIC_PATHWAY,0.171445634,0.321565843
PID_ERBB1_INTER0LIZATION_PATHWAY,0.155570544,-0.190934127
PID_HEDGEHOG_GLI_PATHWAY,0.139636162,0.1106376
PID_CASPASE_PATHWAY,-0.003535104,0.420518025
PID_CXCR3_PATHWAY,0.14139234,0.148105524
PID_BETA_CATENIN_NUC_PATHWAY,0.169896858,0.068461312
PID_VEGFR1_PATHWAY,-0.09544101,-0.041282985
PID_SMAD2_3PATHWAY,-0.095457246,0.057742468
PID_P38_ALPHA_BETA_DOWNSTREAM_PATHWAY,-0.159317826,0.017669634
PID_KIT_PATHWAY,-0.056557111,-0.073783884
PID_ECADHERIN_STABILIZATION_PATHWAY,0.042482118,-0.102594799
PID_EPO_PATHWAY,-0.067162192,0.072021552
PID_IL2_STAT5_PATHWAY,-0.136093073,0.233626274
PID_TCR_CALCIUM_PATHWAY,-0.081309144,0.058212272
PID_DELTA_NP63_PATHWAY,0.12725468,0.318541427
PID_VEGFR1_2_PATHWAY,0.007070185,0.233441417
PID_THROMBIN_PAR1_PATHWAY,0.084835404,0.181994761
PID_A6B1_A6B4_INTEGRIN_PATHWAY,0.107812993,0.112685868
PID_SYNDECAN_2_PATHWAY,-0.081301098,0.309640973
PID_RAC1_REG_PATHWAY,-0.123718297,0.093531901
PID_AURORA_A_PATHWAY,-0.109684594,0.163663174
PID_ARF_3PATHWAY,0.035348522,0.502998446
PID_INSULIN_GLUCOSE_PATHWAY,0.166200766,0.482479174
PID_PI3KCI_AKT_PATHWAY,0.070696826,0.005328765
PID_SYNDECAN_3_PATHWAY,-0.014140152,0.192035764
PID_IL8_CXCR1_PATHWAY,0.063626553,0.14425236
PID_MYC_REPRESS_PATHWAY,0.095446027,0.211188191
PID_HIF1_TFPATHWAY,0.166269728,0.405703533
PID_TAP63_PATHWAY,0.113115971,0.021782878
PID_EPHRINB_REV_PATHWAY,0.060092302,0.313184435
PID_BARD1_PATHWAY,0.164410796,0.022937138
PID_P53_REGULATION_PATHWAY,0.156034166,0.284615717
PID_TOLL_ENDOGENOUS_PATHWAY,0.067162815,0.189723262
PID_NCADHERIN_PATHWAY,0.049498953,0.416151801
PID_ANTHRAX_PATHWAY,0.162629857,0.316543004
PID_S1P_S1P2_PATHWAY,0.129025697,0.210907428
PID_RAS_PATHWAY,-0.116654091,0.119075527
PID_MAPK_TRK_PATHWAY,-0.145088748,-0.045468993
PID_PI3K_PLC_TRK_PATHWAY,-0.017675136,-0.037281341
PID_CD8_TCR_DOWNSTREAM_PATHWAY,0.113114222,0.079718678
PID_EPHA2_FWD_PATHWAY,-0.070699668,0.172701954
PID_LYMPH_ANGIOGENESIS_PATHWAY,0.173209901,0.233190226
PID_ALPHA_SYNUCLEIN_PATHWAY,0.017675354,0.098839212
PID_FGF_PATHWAY,-0.010604655,0.137997774
PID_INTEGRIN_A4B1_PATHWAY,-0.03889023,0.167234551
PID_RAC1_PATHWAY,0.028315353,0.31390402
PID_RB_1PATHWAY,0.164417409,0.182649377
PID_FAK_PATHWAY,-0.070715634,0.126657827
PID_HNF3A_PATHWAY,0.17294355,0.510116226
PID_TGFBR_PATHWAY,0.019610941,-0.218516468
PID_HES_HEY_PATHWAY,0.08483829,0.311306872
PID_IL12_STAT4_PATHWAY,0.162601694,0.19491974
REACTOME_GLYCOGEN_BREAKDOWN_GLYCOGENOLYSIS,0.169671332,0.240881114
REACTOME_TRANSLATION,0,0
REACTOME_PYRIMIDINE_CATABOLISM,0.027839469,0.134019783
REACTOME_R0_POL_III_TRANSCRIPTION_INITIATION_FROM_TYPE_2_PROMOTER,-0.083505004,0.08059354
REACTOME_INHIBITION_OF_THE_PROTEOLYTIC_ACTIVITY_OF_APC_C_REQUIRED_FOR_THE_ONSET_OF_A0PHASE_BY_MITOTIC_SPINDLE_CHECKPOINT_COMPONENTS,-0.144948215,-0.062655252
REACTOME_PYRUVATE_METABOLISM_AND_CITRIC_ACID_TCA_CYCLE,-0.076558647,0.146213461
REACTOME_EXTRINSIC_PATHWAY_FOR_APOPTOSIS,0.152168606,0.304576705
REACTOME_PTM_GAMMA_CARBOXYLATION_HYPUSINE_FORMATION_AND_ARYLSULFATASE_ACTIVATION,-0.155531093,0.459297197
REACTOME_APOPTOTIC_CLEAVAGE_OF_CELLULAR_PROTEINS,0.152003346,0.420745557
REACTOME_R0_POL_I_TRANSCRIPTION_TERMI0TION,0.169800019,-0.14555712
REACTOME_FORMATION_OF_THE_TER0RY_COMPLEX_AND_SUBSEQUENTLY_THE_43S_COMPLEX,0.010204082,0.242170281
REACTOME_ACTIVATION_OF_THE_PRE_REPLICATIVE_COMPLEX,0.134327707,-0.250906607
REACTOME_PROCESSING_OF_INTRONLESS_PRE_MR0S,0.106157564,0.046471913
REACTOME_GAP_JUNCTION_DEGRADATION,0.102509446,0.411472467
REACTOME_BASE_EXCISION_REPAIR,-0.16278502,-0.014085495
REACTOME_BILE_ACID_AND_BILE_SALT_METABOLISM,-0.045954074,0.445692405
REACTOME_SYNTHESIS_OF_BILE_ACIDS_AND_BILE_SALTS_VIA_7ALPHA_HYDROXYCHOLESTEROL,0.05655781,0.475755745
REACTOME_RECYCLING_OF_BILE_ACIDS_AND_SALTS,0.010204082,0.07797396
REACTOME_SIG0LING_BY_RHO_GTPASES,-0.010604622,0.107352642
REACTOME_SIG0LING_BY_WNT,0.045819054,0.069536619
REACTOME_METABOLISM_OF_NON_CODING_R0,-0.129130973,-0.308866818
REACTOME_SYNTHESIS_OF_BILE_ACIDS_AND_BILE_SALTS_VIA_24_HYDROXYCHOLESTEROL,0.094267617,0.237413636
REACTOME_SYNTHESIS_OF_BILE_ACIDS_AND_BILE_SALTS,0.028279168,0.477003418
REACTOME_METABOLISM_OF_STEROID_HORMONES_AND_VITAMINS_A_AND_D,0.035350927,0.295039982
REACTOME_ANDROGEN_BIOSYNTHESIS,0.050399562,0.134020139
REACTOME_SIG0LLING_BY_NGF,-0.024743966,0.382054397
REACTOME_CTNNB1_PHOSPHORYLATION_CASCADE,0.047816414,0.191478518
REACTOME_INSULIN_RECEPTOR_RECYCLING,0.162869842,0.526339596
REACTOME_COPI_MEDIATED_TRANSPORT,-0.053022947,0.4776139
REACTOME_NEF_MEDIATED_DOWNREGULATION_OF_MHC_CLASS_I_COMPLEX_CELL_SURFACE_EXPRESSION,0.12372021,0.321595968
REACTOME_SIG0LING_BY_SCF_KIT,0.148468843,-0.035888251
REACTOME_DEVELOPMENTAL_BIOLOGY,0.159069334,0.486893346
REACTOME_CROSS_PRESENTATION_OF_SOLUBLE_EXOGENOUS_ANTIGENS_ENDOSOMES,0.052676509,0.186273209
REACTOME_SIG0LING_BY_NODAL,0.169674481,0.249084772
REACTOME_DAG_AND_IP3_SIG0LING,-0.03715745,0.015611234
REACTOME_SPRY_REGULATION_OF_FGF_SIG0LING,-0.062234381,0.345542277
REACTOME_TCA_CYCLE_AND_RESPIRATORY_ELECTRON_TRANSPORT,0.029920705,0.279955505
REACTOME_BMAL1_CLOCK_NPAS2_ACTIVATES_CIRCADIAN_EXPRESSION,-0.017674698,-0.114779372
REACTOME_ANTIGEN_PROCESSING_CROSS_PRESENTATION,0.178751145,0.364892266
REACTOME_GROWTH_HORMONE_RECEPTOR_SIG0LING,0.173205616,0.278399221
REACTOME_TRIF_MEDIATED_TLR3_SIG0LING,-0.026546137,0.162614939
REACTOME_CELL_CELL_COMMUNICATION,-0.09544219,0.359278045
REACTOME_ABCA_TRANSPORTERS_IN_LIPID_HOMEOSTASIS,0.164388929,0.376339231
REACTOME_ENDOSOMAL_VACUOLAR_PATHWAY,0.169671332,0.444406672
REACTOME_TETRAHYDROBIOPTERIN_BH4_SYNTHESIS_RECYCLING_SALVAGE_AND_REGULATION,0.159074745,0.247680154
REACTOME_ER_PHAGOSOME_PATHWAY,0.151040336,0.310849304
REACTOME_MEIOSIS,-0.038885419,-0.189952179
REACTOME_NEGATIVE_REGULATION_OF_FGFR_SIG0LING,0.010604557,0.336637666
REACTOME_G0_AND_EARLY_G1,-0.00706977,-0.05171006
REACTOME_REGULATION_OF_KIT_SIG0LING,0.164386895,0.278020291
REACTOME_MEMBRANE_TRAFFICKING,0.14143258,0.431639005
REACTOME_NEF_MEDIATES_DOWN_MODULATION_OF_CELL_SURFACE_RECEPTORS_BY_RECRUITING_THEM_TO_CLATHRIN_ADAPTERS,0.102509446,0.494956679
REACTOME_IMMUNOREGULATORY_INTERACTIONS_BETWEEN_A_LYMPHOID_AND_A_NON_LYMPHOID_CELL,0.151998645,0.402282521
REACTOME_ACTIVATED_AMPK_STIMULATES_FATTY_ACID_OXIDATION_IN_MUSCLE,-0.10958008,0.191739915
REACTOME_VITAMIN_B5_PANTOTHE0TE_METABOLISM,-0.007070535,0.30467665
REACTOME_BOTULINUM_NEUROTOXICITY,0.106045239,0.373232925
REACTOME_METABOLISM_OF_VITAMINS_AND_COFACTORS,0.001767448,-0.105470465
REACTOME_TRANS_GOLGI_NETWORK_VESICLE_BUDDING,0.1343248,0.426228462
REACTOME_PROTEOLYTIC_CLEAVAGE_OF_S0RE_COMPLEX_PROTEINS,0.106044911,0.385089202
REACTOME_RESOLUTION_OF_AP_SITES_VIA_THE_MULTIPLE_NUCLEOTIDE_PATCH_REPLACEMENT_PATHWAY,-0.155657731,-0.01663858
REACTOME_GAMMA_CARBOXYLATION_TRANSPORT_AND_AMINO_TERMI0L_CLEAVAGE_OF_PROTEINS,0.123681708,0.226315468
REACTOME_IL_7_SIG0LING,0.123682102,0.342668918
REACTOME_CELL_CYCLE,0.036027244,0.055699091
REACTOME_SIG0LING_BY_ERBB4,-0.010615164,0.025794447
REACTOME_ORC1_REMOVAL_FROM_CHROMATIN,0.125350972,0.228427177
REACTOME_O_LINKED_GLYCOSYLATION_OF_MUCINS,0.159066382,-0.034704223
REACTOME_SULFUR_AMINO_ACID_METABOLISM,-0.003535464,-0.001215525
REACTOME_DOWNREGULATION_OF_ERBB2_ERBB3_SIG0LING,0.120552719,0.271245642
REACTOME_ANTIVIRAL_MECHANISM_BY_IFN_STIMULATED_GENES,-0.106880029,-0.073125236
REACTOME_PROLACTIN_RECEPTOR_SIG0LING,-0.049489002,0.100213484
REACTOME_SIG0LING_BY_ERBB2,0.077766027,0.007050801
REACTOME_SPHINGOLIPID_DE_NOVO_BIOSYNTHESIS,0.088372125,-0.207414087
REACTOME_TERMI0TION_OF_O_GLYCAN_BIOSYNTHESIS,0.07673192,0.238578465
REACTOME_DEFENSINS,0,0
REACTOME_SIG0LING_BY_CONSTITUTIVELY_ACTIVE_EGFR,-0.026667371,0.184995442
REACTOME_GRB2_EVENTS_IN_ERBB2_SIG0LING,0.155538307,0.197347629
REACTOME_SIG0LING_BY_EGFR_IN_CANCER,0.098976168,0.181186376
REACTOME_MEMBRANE_BINDING_AND_TARGETTING_OF_GAG_PROTEINS,0.108456471,0.247067933
REACTOME_BETA_DEFENSINS,0,0
REACTOME_SRP_DEPENDENT_COTRANSLATIO0L_PROTEIN_TARGETING_TO_MEMBRANE,0,0.034463181
REACTOME_PI3K_EVENTS_IN_ERBB4_SIG0LING,0.024743889,-0.085903855
REACTOME_SHC1_EVENTS_IN_ERBB4_SIG0LING,0.11665806,0.225617558
REACTOME_PI3K_EVENTS_IN_ERBB2_SIG0LING,0.074231208,-0.102353242
REACTOME_NUCLEAR_SIG0LING_BY_ERBB4,-0.014139409,-0.127284848
REACTOME_GLYCOSPHINGOLIPID_METABOLISM,0.063629504,0.506731875
REACTOME_PPARA_ACTIVATES_GENE_EXPRESSION,-0.148513399,-0.063943588
REACTOME_ASSOCIATION_OF_LICENSING_FACTORS_WITH_THE_PRE_REPLICATIVE_COMPLEX,0.126276533,0.237585856
REACTOME_RIP_MEDIATED_NFKB_ACTIVATION_VIA_DAI,0.113115271,0.332320751
REACTOME_PRE_NOTCH_TRANSCRIPTION_AND_TRANSLATION,0.155634113,-0.01418542
REACTOME_DEGRADATION_OF_THE_EXTRACELLULAR_MATRIX,0.164390454,0.358430343
REACTOME_MITOCHONDRIAL_PROTEIN_IMPORT,0.017902863,0.261769459
REACTOME_SIG0LING_BY_HIPPO,0.084837765,0.021403186
REACTOME_ACTIVATED_NOTCH1_TRANSMITS_SIG0L_TO_THE_NUCLEUS,0.060092859,0.329583427
REACTOME_TRAFFICKING_AND_PROCESSING_OF_ENDOSOMAL_TLR,0.11311632,0.41667048
REACTOME_SIG0LING_BY_NOTCH4,0.038883134,0.347501404
REACTOME_DOWNSTREAM_SIG0LING_EVENTS_OF_B_CELL_RECEPTOR_BCR,0.102419836,0.189797979
REACTOME_ACTIVATION_OF_NF_KAPPAB_IN_B_CELLS,0.035639983,0.092808443
REACTOME_RORA_ACTIVATES_CIRCADIAN_EXPRESSION,-0.10958618,0.020487855
REACTOME_ANTIGEN_ACTIVATES_B_CELL_RECEPTOR_LEADING_TO_GENERATION_OF_SECOND_MESSENGERS,0.012371983,0.203618371
REACTOME_REGULATION_OF_COMPLEMENT_CASCADE,0.032541277,0.047803635
REACTOME_YAP1_AND_WWTR1_TAZ_STIMULATED_GENE_EXPRESSION,-0.116653009,0.111000328
REACTOME_SIG0LING_BY_NOTCH2,0.053023111,0.326683594
REACTOME_PRE_NOTCH_EXPRESSION_AND_PROCESSING,0.173212044,0.140663188
REACTOME_SIG0LING_BY_THE_B_CELL_RECEPTOR_BCR,0.044163892,0.215032933
REACTOME_EXTRACELLULAR_MATRIX_ORGANIZATION,-0.031813965,0.530390461
REACTOME_NOTCH1_INTRACELLULAR_DOMAIN_REGULATES_TRANSCRIPTION,0.110078513,0.129415024
REACTOME_CIRCADIAN_REPRESSION_OF_EXPRESSION_BY_REV_ERBA,-0.102521811,-0.057662301
REACTOME_PRE_NOTCH_PROCESSING_IN_GOLGI,0.173206688,0.364563211
REACTOME_SIG0LING_BY_NOTCH1,0.162898145,0.166213187
REACTOME_SIG0LING_BY_NOTCH3,-0.031813572,0.341969606
REACTOME_TRIGLYCERIDE_BIOSYNTHESIS,-0.060093045,0.161334556
REACTOME_INSULIN_RECEPTOR_SIG0LLING_CASCADE,0.169671857,0.450068649
REACTOME_ARMS_MEDIATED_ACTIVATION,0.035372813,0.356281114
REACTOME_PROLONGED_ERK_ACTIVATION_EVENTS,0.049501556,0.307946734
REACTOME_SIG0LLING_TO_RAS,-0.109583469,0.172845186
REACTOME_SIG0LING_BY_BMP,0.120184975,0.025419085
REACTOME_CELL_SURFACE_INTERACTIONS_AT_THE_VASCULAR_WALL,0.02827943,0.462497255
REACTOME_NGF_SIG0LLING_VIA_TRKA_FROM_THE_PLASMA_MEMBRANE,-0.038883254,0.234603478
REACTOME_SIG0LLING_TO_ERKS,-0.15201745,0.139847094
REACTOME_P38MAPK_EVENTS,-0.169672382,0.373126535
REACTOME_ACYL_CHAIN_REMODELLING_OF_PI,0.131853082,0.323084909
REACTOME_TGF_BETA_RECEPTOR_SIG0LING_IN_EMT_EPITHELIAL_TO_MESENCHYMAL_TRANSITION,-0.155817552,0.352873346
REACTOME_DOWNREGULATION_OF_TGF_BETA_RECEPTOR_SIG0LING,0.019672064,-0.070906017
REACTOME_COLLAGEN_FORMATION,-0.010604622,0.506455282
REACTOME_SMAD2_SMAD3_SMAD4_HETEROTRIMER_REGULATES_TRANSCRIPTION,0.042466052,0.168016179
REACTOME_SIG0LING_BY_FGFR_IN_DISEASE,-0.014139365,0.147846134
REACTOME_HS_GAG_DEGRADATION,-0.003534907,0.23152558
REACTOME_SYNTHESIS_OF_PIPS_AT_THE_EARLY_ENDOSOME_MEMBRANE,-0.173216865,0.324378304
REACTOME_SIG0LLING_TO_P38_VIA_RIT_AND_RIN,0.001767623,0.285491365
REACTOME_P53_INDEPENDENT_G1_S_D0_DAMAGE_CHECKPOINT,0.083602551,0.206492314
REACTOME_REGULATION_OF_HYPOXIA_INDUCIBLE_FACTOR_HIF_BY_OXYGEN,0.068984676,0.363635262
REACTOME_ACYL_CHAIN_REMODELLING_OF_PC,-0.088371032,0.136899691
REACTOME_SYNTHESIS_OF_PIPS_AT_THE_GOLGI_MEMBRANE,-0.14139234,0.393132136
REACTOME_TGF_BETA_RECEPTOR_SIG0LING_ACTIVATES_SMADS,-0.026140379,-0.043195248
REACTOME_ACTIVATED_POINT_MUTANTS_OF_FGFR2,0.01450419,0.048881436
REACTOME_PHOSPHOLIPID_METABOLISM,-0.045952653,0.302650316
REACTOME_CS_DS_DEGRADATION,0.16968445,0.422449247
REACTOME_SYNTHESIS_OF_PA,-0.113114571,0.021773344
REACTOME_OXYGEN_DEPENDENT_PROLINE_HYDROXYLATION_OF_HYPOXIA_INDUCIBLE_FACTOR_ALPHA,0.095592771,0.367691137
REACTOME_SYNTHESIS_OF_PIPS_AT_THE_LATE_ENDOSOME_MEMBRANE,-0.159096394,0.30970993
REACTOME_SYNTHESIS_OF_PE,0.068936653,0.137629326
REACTOME_GASTRIN_CREB_SIG0LLING_PATHWAY_VIA_PKC_AND_MAPK,0.137869469,0.259386209
REACTOME_CHONDROITIN_SULFATE_BIOSYNTHESIS,0.145294219,0.392710166
REACTOME_HYALURO0N_UPTAKE_AND_DEGRADATION,0.164392488,0.365162929
REACTOME_SIG0LING_BY_FGFR1_MUTANTS,0.173206152,0.188135605
REACTOME_SYNTHESIS_OF_PIPS_AT_THE_PLASMA_MEMBRANE,-0.095440125,-0.020406863
REACTOME_THE_ACTIVATION_OF_ARYLSULFATASES,-0.134414193,0.257358276
REACTOME_TRANSCRIPTIO0L_ACTIVITY_OF_SMAD2_SMAD3_SMAD4_HETEROTRIMER,0.114971255,0.082404928
REACTOME_HYALURO0N_METABOLISM,0.169679728,0.372874037
REACTOME_DOWNREGULATION_OF_SMAD2_3_SMAD4_TRANSCRIPTIO0L_ACTIVITY,0.100851248,0.183406278
REACTOME_KERATAN_SULFATE_BIOSYNTHESIS,-0.098975556,0.150601834
REACTOME_REVERSIBLE_HYDRATION_OF_CARBON_DIOXIDE,0,0.048881436
REACTOME_SIG0LING_BY_FGFR1_FUSION_MUTANTS,0.171442453,0.212972684
REACTOME_ALPHA_LINOLENIC_ACID_ALA_METABOLISM,-0.035348194,0.232691626
REACTOME_SIG0LING_BY_ACTIVATED_POINT_MUTANTS_OF_FGFR1,0.033797159,0.111919757
REACTOME_PI_METABOLISM,-0.144929389,-0.107819557
REACTOME_ABACAVIR_TRANSPORT_AND_METABOLISM,0.059368327,0.241549572
REACTOME_CHONDROITIN_SULFATE_DERMATAN_SULFATE_METABOLISM,0.010604589,0.311818557
REACTOME_LATENT_INFECTION_OF_HOMO_SAPIENS_WITH_MYCOBACTERIUM_TUBERCULOSIS,0.074231667,0.357520138
REACTOME_SYNTHESIS_OF_PC,0.120183489,0.093919579
REACTOME_HS_GAG_BIOSYNTHESIS,0.166148844,0.326843805
REACTOME_SIG0LING_BY_FGFR3_MUTANTS,0.010204082,0.034463181
REACTOME_KERATAN_SULFATE_KERATIN_METABOLISM,0.010604622,0.300601146
REACTOME_APOPTOSIS_INDUCED_D0_FRAGMENTATION,-0.18461646,-0.084022902
REACTOME_KERATAN_SULFATE_DEGRADATION,0.056566732,0.426994704
REACTOME_HEPARAN_SULFATE_HEPARIN_HS_GAG_METABOLISM,-0.137859663,0.089476348
REACTOME_GLYCOSAMINOGLYCAN_METABOLISM,-0.093675322,0.210135538
REACTOME_ACYL_CHAIN_REMODELLING_OF_PG,0.141893409,0.301942743
REACTOME_ACYL_CHAIN_REMODELLING_OF_PE,-0.06362675,0.16921711
REACTOME_ACYL_CHAIN_REMODELLING_OF_PS,0.145295123,0.242087333
REACTOME_SIG0LING_BY_FGFR_MUTANTS,0.141392777,0.09745451
REACTOME_MHC_CLASS_II_ANTIGEN_PRESENTATION,0.068929831,0.492828864
REACTOME_GLYCEROPHOSPHOLIPID_BIOSYNTHESIS,-0.035348631,0.222234983
REACTOME_A_TETRASACCHARIDE_LINKER_SEQUENCE_IS_REQUIRED_FOR_GAG_SYNTHESIS,-0.120289915,0.427792508
REACTOME_CDK_MEDIATED_PHOSPHORYLATION_AND_REMOVAL_OF_CDC6,0.085447425,0.202408206
REACTOME_PLATELET_ADHESION_TO_EXPOSED_COLLAGEN,0.050399562,-0.005765617
REACTOME_VEGF_LIGAND_RECEPTOR_INTERACTIONS,0.050399562,0.048217793
REACTOME_ENOS_ACTIVATION_AND_REGULATION,0.151996765,0.224863678
REACTOME_MICROR0_MIR0_BIOGENESIS,-0.13532664,0.241025176
REACTOME_NUCLEAR_EVENTS_KI0SE_AND_TRANSCRIPTION_FACTOR_ACTIVATION,-0.063627143,0.100711503
REACTOME_RETROGRADE_NEUROTROPHIN_SIG0LLING,0.091905021,0.347457723
REACTOME_ERKS_ARE_I0CTIVATED,-0.026511884,0.307108708
REACTOME_NEGATIVE_REGULATION_OF_THE_PI3K_AKT_NETWORK,0.148720167,0.181296597
REACTOME_PI3K_AKT_ACTIVATION,-0.014139321,-0.052027905
REACTOME_REGULATORY_R0_PATHWAYS,0.00411723,0.20990946
REACTOME_EGFR_DOWNREGULATION,0.16189251,0.407525356
REACTOME_PROCESSING_OF_CAPPED_INTRON_CONTAINING_PRE_MR0,0.073048763,0.131689054
REACTOME_PECAM1_INTERACTIONS,0.133508227,0.320396073
REACTOME_TCR_SIG0LING,0.130796408,-0.270844639
REACTOME_REGULATION_OF_PYRUVATE_DEHYDROGE0SE_PDH_COMPLEX,-0.13079479,0.009949055
REACTOME_DOWNSTREAM_TCR_SIG0LING,0.17320883,-0.129775457
REACTOME_BASIGIN_INTERACTIONS,0.088375678,0.528372707
REACTOME_AKT_PHOSPHORYLATES_TARGETS_IN_THE_CYTOSOL,-0.049487931,0.27540187
REACTOME_GAB1_SIG0LOSOME,-0.067161777,-0.084998879
REACTOME_SHC1_EVENTS_IN_EGFR_SIG0LING,0.026513523,0.244699286
REACTOME_ACTIVATION_OF_THE_MR0_UPON_BINDING_OF_THE_CAP_BINDING_COMPLEX_AND_EIFS_AND_SUBSEQUENT_BINDING_TO_43S,0,0.222841895
REACTOME_PHOSPHORYLATION_OF_CD3_AND_TCR_ZETA_CHAINS,0.01450419,0.07797396
REACTOME_GLUTAMATE_NEUROTRANSMITTER_RELEASE_CYCLE,0.144932526,0.425451588
REACTOME_TRANSLOCATION_OF_ZAP_70_TO_IMMUNOLOGICAL_SY0PSE,0,0.048881436
REACTOME_ERK_MAPK_TARGETS,-0.021208851,0.207190816
REACTOME_TIE2_SIG0LING,-0.067162815,0.414486732
REACTOME_GENERATION_OF_SECOND_MESSENGER_MOLECULES,-0.141552192,0.271442145
REACTOME_GENERIC_TRANSCRIPTION_PATHWAY,0.088370759,-0.493155289
REACTOME_RESPONSE_TO_ELEVATED_PLATELET_CYTOSOLIC_CA2_,0.162600688,0.50823118
REACTOME_TRANSPORT_OF_MATURE_TRANSCRIPT_TO_CYTOPLASM,-0.069548959,-0.324250729
REACTOME_METABOLISM_OF_AMINO_ACIDS_AND_DERIVATIVES,0.088863994,0.348329837
REACTOME_R0_POL_I_TRANSCRIPTION,0.100793793,-0.333694608
REACTOME_FATTY_ACYL_COA_BIOSYNTHESIS,-0.01413954,0.269034101
REACTOME_E2F_E0BLED_INHIBITION_OF_PRE_REPLICATION_COMPLEX_FORMATION,0.029184785,0.173294149
REACTOME_P75NTR_RECRUITS_SIG0LLING_COMPLEXES,0.070697044,0.458657038
REACTOME_BIOLOGICAL_OXIDATIONS,0.088372125,0.127422369
REACTOME_REGULATED_PROTEOLYSIS_OF_P75NTR,-0.038883735,0.27122518
REACTOME_TRANSMISSION_ACROSS_CHEMICAL_SY0PSES,0.16261175,0.339963291
REACTOME_P75NTR_SIG0LS_VIA_NFKB,0.01060495,0.460720054
REACTOME_CASPASE_MEDIATED_CLEAVAGE_OF_CYTOSKELETAL_PROTEINS,-0.067161569,0.386354564
REACTOME_XENOBIOTICS,0.010204082,0
REACTOME_INTEGRIN_CELL_SURFACE_INTERACTIONS,-0.151997235,0.434929593
REACTOME_REGULATION_OF_ORNITHINE_DECARBOXYLASE_ODC,0.124877384,0.304696338
REACTOME_CYTOCHROME_P450_ARRANGED_BY_SUBSTRATE_TYPE,0.01980106,0.277648729
REACTOME_BASE_FREE_SUGAR_PHOSPHATE_REMOVAL_VIA_THE_SINGLE_NUCLEOTIDE_REPLACEMENT_PATHWAY,-0.15213749,0.119028223
REACTOME_APOPTOTIC_CLEAVAGE_OF_CELL_ADHESION_PROTEINS,0.166136513,0.284710449
REACTOME_HDL_MEDIATED_LIPID_TRANSPORT,-0.317693293,0.119494629
REACTOME_NRAGE_SIG0LS_DEATH_THROUGH_JNK,-0.014139278,0.276069457
REACTOME_SLBP_DEPENDENT_PROCESSING_OF_REPLICATION_DEPENDENT_HISTONE_PRE_MR0S,0.087419986,0.095094028
REACTOME_NRIF_SIG0LS_CELL_DEATH_FROM_THE_NUCLEUS,0.04949191,0.455762553
REACTOME_REGULATION_OF_APOPTOSIS,0.093504,0.265241414
REACTOME_R0_POL_II_TRANSCRIPTION,0.058215434,0.03203209
REACTOME_NEURO0L_SYSTEM,0.162651996,0.415712531
REACTOME_NFKB_IS_ACTIVATED_AND_SIG0LS_SURVIVAL,0.038885659,0.464236033
REACTOME_REGULATION_OF_BETA_CELL_DEVELOPMENT,-0.017855264,0.488188797
REACTOME_PHASE1_FUNCTIO0LIZATION_OF_COMPOUNDS,0.028773835,0.048452406
REACTOME_R0_POL_III_TRANSCRIPTION,-0.026744655,-0.033184883
REACTOME_CELL_DEATH_SIG0LLING_VIA_NRAGE_NRIF_AND_0DE,-0.017674152,0.439506426
REACTOME_NEUROTRANSMITTER_RELEASE_CYCLE,0.130800453,0.425035294
REACTOME_P75_NTR_RECEPTOR_MEDIATED_SIG0LLING,0.037119162,0.399549019
REACTOME_AMINO_ACID_TRANSPORT_ACROSS_THE_PLASMA_MEMBRANE,0.137859237,0.49780991
REACTOME_ENDOGENOUS_STEROLS,0.10944078,0.26442714
REACTOME_REGULATION_OF_GENE_EXPRESSION_IN_BETA_CELLS,0,0.321298248
REACTOME_GLYCOLYSIS,0.109594653,0.485062329
REACTOME_PROCESSIVE_SYNTHESIS_ON_THE_LAGGING_STRAND,-0.152024503,-0.044860601
REACTOME_PEPTIDE_CHAIN_ELONGATION,0,0.172291907
REACTOME_COMMON_PATHWAY,0.045724785,0.048881436
REACTOME_MR0_CAPPING,-0.039410741,0.275597244
REACTOME_MITOCHONDRIAL_FATTY_ACID_BETA_OXIDATION,0.031813276,0.427105227
REACTOME_SIG0LING_BY_GPCR,0.104708331,0.342844458
REACTOME_PEPTIDE_LIGAND_BINDING_RECEPTORS,-0.038885178,0.291608825
REACTOME_METABOLISM_OF_POLYAMINES,0.139789288,-0.0092933
REACTOME_CLASS_A1_RHODOPSIN_LIKE_RECEPTORS,-0.093773096,0.381862112
REACTOME_NOTCH_HLH_TRANSCRIPTION_PATHWAY,0.155561881,0.365118267
REACTOME_INTEGRATION_OF_ENERGY_METABOLISM,0.169839472,0.541584595
REACTOME_CELL_CYCLE_MITOTIC,0.075404528,0.133233397
REACTOME_GLUCONEOGENESIS,0.123730924,0.482023574
REACTOME_DOPAMINE_NEUROTRANSMITTER_RELEASE_CYCLE,0.14493925,0.421001283
REACTOME_OPIOID_SIG0LLING,0.120184232,0.194520664
REACTOME_RECRUITMENT_OF_MITOTIC_CENTROSOME_PROTEINS_AND_COMPLEXES,0.053052321,0.41353583
REACTOME_MITOCHONDRIAL_TR0_AMINOACYLATION,-0.056557461,-0.035022355
REACTOME_CYTOSOLIC_TR0_AMINOACYLATION,0.056558335,0.223813635
REACTOME_CA_DEPENDENT_EVENTS,0.017709068,-0.039000525
REACTOME_ACETYLCHOLINE_NEUROTRANSMITTER_RELEASE_CYCLE,0.148478945,0.443499371
REACTOME_ADENYLATE_CYCLASE_ACTIVATING_PATHWAY,0.042496382,0.134019783
REACTOME_ADENYLATE_CYCLASE_INHIBITORY_PATHWAY,0.120219181,0.247577774
REACTOME_DARPP_32_EVENTS,0.12371868,0.21484254
REACTOME_CHEMOKINE_RECEPTORS_BIND_CHEMOKINES,0.031896133,0.182599895
REACTOME_LOSS_OF_NLP_FROM_MITOTIC_CENTROSOMES,0.037132716,0.374558679
REACTOME_NEUROTRANSMITTER_RECEPTOR_BINDING_AND_DOWNSTREAM_TRANSMISSION_IN_THE_POSTSY0PTIC_CELL,0.166142164,0.084952274
REACTOME_CELL_CYCLE_CHECKPOINTS,0.105054528,0.128351552
REACTOME_DIABETES_PATHWAYS,0.155533017,0.514384571
REACTOME_P130CAS_LINKAGE_TO_MAPK_SIG0LING_FOR_INTEGRINS,-0.123721741,0.316002012
REACTOME_GLYCOPROTEIN_HORMONES,0,0.034463181
REACTOME_NOREPINEPHRINE_NEUROTRANSMITTER_RELEASE_CYCLE,0.152015569,0.431608225
REACTOME_PLC_BETA_MEDIATED_EVENTS,0.081316438,0.126918019
REACTOME_REGULATION_OF_INSULIN_LIKE_GROWTH_FACTOR_IGF_ACTIVITY_BY_INSULIN_LIKE_GROWTH_FACTOR_BINDING_PROTEINS_IGFBPS,0.056419302,0.173203023
REACTOME_GRB2_SOS_PROVIDES_LINKAGE_TO_MAPK_SIG0LING_FOR_INTERGRINS_,-0.088372945,0.337491199
REACTOME_PEPTIDE_HORMONE_BIOSYNTHESIS,-0.340305609,0.014640448
REACTOME_G_PROTEIN_ACTIVATION,0.162600688,0.289889718
REACTOME_ACETYLCHOLINE_BINDING_AND_DOWNSTREAM_EVENTS,0.020722385,0.092807498
REACTOME_ABC_FAMILY_PROTEINS_MEDIATED_TRANSPORT,-0.082523975,0.434771295
REACTOME_TR0_AMINOACYLATION,0.042418358,0.100722385
REACTOME_OLFACTORY_SIG0LING_PATHWAY,0.023287424,0.085669002
REACTOME_STEROID_HORMONES,-0.063631079,0.192944082
REACTOME_PKA_MEDIATED_PHOSPHORYLATION_OF_CREB,0.171454648,0.336794038
REACTOME_RECRUITMENT_OF_NUMA_TO_MITOTIC_CENTROSOMES,-0.127283809,0.418181027
REACTOME_AMINE_DERIVED_HORMONES,0.010204082,0
REACTOME_TRANSMEMBRANE_TRANSPORT_OF_SMALL_MOLECULES,0.130895622,0.424188893
REACTOME_INTEGRIN_ALPHAIIB_BETA3_SIG0LING,-0.159068842,0.177561271
REACTOME_NUCLEAR_RECEPTOR_TRANSCRIPTION_PATHWAY,-0.102510397,0.134219723
REACTOME_INSULIN_SYNTHESIS_AND_PROCESSING,0.295417917,0.569664362
REACTOME_CYCLIN_E_ASSOCIATED_EVENTS_DURING_G1_S_TRANSITION_,0.057974453,0.12335761
REACTOME_HOMOLOGOUS_RECOMBI0TION_REPAIR_OF_REPLICATION_INDEPENDENT_DOUBLE_STRAND_BREAKS,-0.152032968,-0.167811434
REACTOME_G1_PHASE,0.084882925,0.290426442
REACTOME_ELEVATION_OF_CYTOSOLIC_CA2_LEVELS,0.056419302,0.222033958
REACTOME_P53_DEPENDENT_G1_D0_DAMAGE_RESPONSE,0.123953312,0.252809006
REACTOME_TRANSCRIPTION_COUPLED_NER_TC_NER,-0.141162992,0.015191572
REACTOME_R0_POL_II_TRANSCRIPTION_PRE_INITIATION_AND_PROMOTER_OPENING,-0.094374323,0.06642951
REACTOME_GLUCAGON_SIG0LING_IN_METABOLIC_REGULATION,0.162609739,0.406787806
REACTOME_MR0_PROCESSING,0.090467315,0.146511762
REACTOME_SIG0LING_BY_PDGF,-0.077765787,0.122980398
REACTOME_ASSOCIATION_OF_TRIC_CCT_WITH_TARGET_PROTEINS_DURING_BIOSYNTHESIS,0.145251792,0.145226641
REACTOME_PREFOLDIN_MEDIATED_TRANSFER_OF_SUBSTRATE_TO_CCT_TRIC,0.156833752,0.352584298
REACTOME_HORMONE_LIGAND_BINDING_RECEPTORS,0,0
REACTOME_GPVI_MEDIATED_ACTIVATION_CASCADE,0.070696826,0.262169413
REACTOME_PROTEIN_FOLDING,0.109032905,0.343299864
REACTOME_FORMATION_OF_TUBULIN_FOLDING_INTERMEDIATES_BY_CCT_TRIC,0.164591154,0.262850929
REACTOME_PEROXISOMAL_LIPID_METABOLISM,0.106047534,-0.185579192
REACTOME_POST_CHAPERONIN_TUBULIN_FOLDING_PATHWAY,-0.093780652,0.285406248
REACTOME_STRIATED_MUSCLE_CONTRACTION,0.137863073,0.299101081
REACTOME_METABOLISM_OF_NUCLEOTIDES,-0.143636663,0.082979637
REACTOME_AMINE_LIGAND_BINDING_RECEPTORS,0.035632578,0.164966472
REACTOME_METABOLISM_OF_PROTEINS,0,0
REACTOME_DOWNSTREAM_SIG0L_TRANSDUCTION,-0.035348413,-0.064022824
REACTOME_MUSCLE_CONTRACTION,0.137859237,0.387045296
REACTOME_SEROTONIN_RECEPTORS,0,0
REACTOME_CDC6_ASSOCIATION_WITH_THE_ORC_ORIGIN_COMPLEX,0.018336951,0.23116002
REACTOME_M_G1_TRANSITION,0.09476947,0.141069965
REACTOME_MR0_SPLICING,0.048937252,0.210249376
REACTOME_MR0_SPLICING_MINOR_PATHWAY,-0.052448638,0.325559143
REACTOME_3_UTR_MEDIATED_TRANSLATIO0L_REGULATION,0,0.085679121
REACTOME_PROCESSING_OF_CAPPED_INTRONLESS_PRE_MR0,0.021310023,-0.221781178
REACTOME_PURINE_RIBONUCLEOSIDE_MONOPHOSPHATE_BIOSYNTHESIS,-0.144981852,0.197313349
REACTOME_G1_S_TRANSITION,0.147398601,0.185654498
REACTOME_CITRIC_ACID_CYCLE_TCA_CYCLE,-0.005312704,-0.003898926
REACTOME_TRANSCRIPTION,0.031904861,-0.275779129
REACTOME_POL_SWITCHING,0.1573905,0.258799106
REACTOME_NUCLEOTIDE_EXCISION_REPAIR,-0.150703477,-0.008318347
REACTOME_REGULATION_OF_THE_FANCONI_ANEMIA_PATHWAY,0.073857124,0.25256766
REACTOME_AXON_GUIDANCE,0.166138054,0.379675595
REACTOME_ACTIVATION_OF_CHAPERONE_GENES_BY_XBP1S,0.010604491,0.497828224
REACTOME_REGULATION_OF_INSULIN_SECRETION_BY_GLUCAGON_LIKE_PEPTIDE1,0.152006636,0.396285674
REACTOME_PERK_REGULATED_GENE_EXPRESSION,-0.017684873,-0.156907258
REACTOME_G_ALPHA_Q_SIG0LLING_EVENTS,0.123783,0.334913728
REACTOME_P2Y_RECEPTORS,0.01450419,0.060043452
REACTOME_TRAFFICKING_OF_AMPA_RECEPTORS,-0.06009193,0.160863851
REACTOME_NCAM1_INTERACTIONS,0.088416976,0.272718784
REACTOME_CLASS_C_3_METABOTROPIC_GLUTAMATE_PHEROMONE_RECEPTORS,0.065193482,0.129715895
REACTOME_REGULATION_OF_INSULIN_SECRETION,0.171744377,0.567183813
REACTOME_NCAM_SIG0LING_FOR_NEURITE_OUT_GROWTH,0.06009193,0.158035647
REACTOME_INHIBITION_OF_INSULIN_SECRETION_BY_ADRE0LINE_NORADRE0LINE,0.166137027,0.269804722
REACTOME_NUCLEOTIDE_LIKE_PURINERGIC_RECEPTORS,0.01450419,0.07797396
REACTOME_ACTIVATION_OF_CHAPERONES_BY_ATF6_ALPHA,0.123720975,0.326117231
REACTOME_TRANSPORT_OF_MATURE_MR0_DERIVED_FROM_AN_INTRONLESS_TRANSCRIPT,-0.074327571,-0.334342206
REACTOME_EICOSANOID_LIGAND_BINDING_RECEPTORS,0.010204082,0.034463181
REACTOME_ACTIVATION_OF_GENES_BY_ATF4,-0.038910094,-0.103528586
REACTOME_UNFOLDED_PROTEIN_RESPONSE,0.001767667,0.418660573
REACTOME_CLASS_B_2_SECRETIN_FAMILY_RECEPTORS,0.131804249,0.410730458
REACTOME_GLUCAGON_TYPE_LIGAND_RECEPTORS,0.16968655,0.434372302
REACTOME_REGULATION_OF_INSULIN_SECRETION_BY_ACETYLCHOLINE,0.128562501,0.279552527
REACTOME_G_ALPHA1213_SIG0LLING_EVENTS,0.081301098,0.179587141
REACTOME_FANCONI_ANEMIA_PATHWAY,0.063639739,0.126087159
REACTOME_TRAFFICKING_OF_GLUR2_CONTAINING_AMPA_RECEPTORS,-0.063626946,0.296303776
REACTOME_ACTIVATION_OF_CHAPERONE_GENES_BY_ATF6_ALPHA,0.134324384,0.339951156
REACTOME_PROSTANOID_LIGAND_RECEPTORS,0,0
REACTOME_OPSINS,0,0
REACTOME_FORMATION_OF_R0_POL_II_ELONGATION_COMPLEX_,-0.108233419,0.301184588
REACTOME_MR0_3_END_PROCESSING,0.06484175,-0.193700887
REACTOME_POST_TRANSLATIO0L_MODIFICATION_SYNTHESIS_OF_GPI_ANCHORED_PROTEINS,-0.11665373,0.187432811
REACTOME_CYCLIN_A_B1_ASSOCIATED_EVENTS_DURING_G2_M_TRANSITION,0.147009914,0.144239436
REACTOME_ELONGATION_ARREST_AND_RECOVERY,-0.163822691,0.370457641
REACTOME_SLC_MEDIATED_TRANSMEMBRANE_TRANSPORT,0.03181367,0.051820663
REACTOME_ADP_SIG0LLING_THROUGH_P2RY1,0.067161777,0.196166398
REACTOME_G_BETA_GAMMA_SIG0LLING_THROUGH_PLC_BETA,0.130788319,0.292238276
REACTOME_CD28_CO_STIMULATION,0.054797157,0.173166611
REACTOME_GPCR_DOWNSTREAM_SIG0LING,0.113712187,0.389615986
REACTOME_SYNTHESIS_SECRETION_AND_DEACYLATION_OF_GHRELIN,0.18658661,0.567588265
REACTOME_ADHERENS_JUNCTIONS_INTERACTIONS,0.042417964,0.193864472
REACTOME_CRMPS_IN_SEMA3A_SIG0LING,0.167910153,0.271493547
REACTOME_OTHER_SEMAPHORIN_INTERACTIONS,0.164386387,0.400203649
REACTOME_ACTIVATION_OF_RAC,0.070697482,0.191909853
REACTOME_PURINE_SALVAGE,-0.021210097,0.325942477
REACTOME_G_ALPHA_I_SIG0LLING_EVENTS,0.169841577,0.444760657
REACTOME_SEMA3A_PAK_DEPENDENT_AXON_REPULSION,0.063627143,0.325931266
REACTOME_CD28_DEPENDENT_VAV1_PATHWAY,0.129106371,0.327356052
REACTOME_SEMA4D_IN_SEMAPHORIN_SIG0LING,0.157305788,0.328746661
REACTOME_SEMAPHORIN_INTERACTIONS,0.106062622,0.367324322
REACTOME_SEMA4D_INDUCED_CELL_MIGRATION_AND_GROWTH_CONE_COLLAPSE,0.150240047,0.325945751
REACTOME_SEMA3A_PLEXIN_REPULSION_SIG0LING_BY_INHIBITING_INTEGRIN_ADHESION,0.162631367,0.444408475
REACTOME_LYSOSOME_VESICLE_BIOGENESIS,0.091905021,0.477982684
REACTOME_G_BETA_GAMMA_SIG0LLING_THROUGH_PI3KGAMMA,0.091905305,0.257317706
REACTOME_TRANSPORT_OF_GLUCOSE_AND_OTHER_SUGARS_BILE_SALTS_AND_ORGANIC_ACIDS_METAL_IONS_AND_AMINE_COMPOUNDS,0.099158163,-0.02824517
REACTOME_SPHINGOLIPID_METABOLISM,0.075999793,0.408634406
REACTOME_PD1_SIG0LING,0.035632578,0.123336473
REACTOME_G_ALPHA_S_SIG0LLING_EVENTS,0.167365149,0.412460758
REACTOME_CELL_CELL_JUNCTION_ORGANIZATION,-0.021209244,0.28515678
REACTOME_G_ALPHA_Z_SIG0LLING_EVENTS,0.16967553,0.406022166
REACTOME_FACILITATIVE_0_INDEPENDENT_GLUCOSE_TRANSPORTERS,0.092783057,0.297329675
REACTOME_COSTIMULATION_BY_THE_CD28_FAMILY,-0.035349615,0.14165076
REACTOME_SIG0LING_BY_ROBO_RECEPTOR,0.123745085,0.03017689
REACTOME_CD28_DEPENDENT_PI3K_AKT_SIG0LING,0.171442983,0.235333456
REACTOME_TIGHT_JUNCTION_INTERACTIONS,-0.056557111,0.419057354
REACTOME_G_PROTEIN_BETA_GAMMA_SIG0LLING,0.088370759,0.243969474
REACTOME_TRANSPORT_OF_INORGANIC_CATIONS_ANIONS_AND_AMINO_ACIDS_OLIGOPEPTIDES,0.152009927,0.281470486
REACTOME_GOLGI_ASSOCIATED_VESICLE_BIOGENESIS,0.152000055,0.430740181
REACTOME_CTLA4_INHIBITORY_SIG0LING,-0.088372125,0.181948821
REACTOME_FORMATION_OF_TRANSCRIPTION_COUPLED_NER_TC_NER_REPAIR_COMPLEX,-0.110304404,0.231024897
REACTOME_AMINO_ACID_AND_OLIGOPEPTIDE_SLC_TRANSPORTERS,0.141403271,0.447737127
REACTOME_CDT1_ASSOCIATION_WITH_THE_CDC6_ORC_ORIGIN_COMPLEX,0.081460708,0.172176947
REACTOME_BRANCHED_CHAIN_AMINO_ACID_CATABOLISM,-0.053024915,-0.086840157
REACTOME_REPAIR_SYNTHESIS_FOR_GAP_FILLING_BY_D0_POL_IN_TC_NER,-0.120239644,-0.061250664
REACTOME_RECEPTOR_LIGAND_BINDING_INITIATES_THE_SECOND_PROTEOLYTIC_CLEAVAGE_OF_NOTCH_RECEPTOR,0.064072573,0.371794814
REACTOME_SYNTHESIS_OF_D0,0.11615377,0.164713651
REACTOME_0_CL_DEPENDENT_NEUROTRANSMITTER_TRANSPORTERS,0.082521149,0.249230067
REACTOME_FORMATION_OF_FIBRIN_CLOT_CLOTTING_CASCADE,0.159124946,0.218499291
REACTOME_DEADENYLATION_OF_MR0,0.13137417,-0.045651317
REACTOME_MR0_DECAY_BY_5_TO_3_EXORIBONUCLEASE,-0.166705548,-0.09800082
REACTOME_SIG0L_AMPLIFICATION,0.144927148,0.164585749
REACTOME_ZINC_TRANSPORTERS,0.121954287,0.174686094
REACTOME_DOUBLE_STRAND_BREAK_REPAIR,0.07071454,-0.117196208
REACTOME_RAS_ACTIVATION_UOPN_CA2_INFUX_THROUGH_NMDA_RECEPTOR,0.169801597,0.29795398
REACTOME_METAL_ION_SLC_TRANSPORTERS,0.12372021,0.069378703
REACTOME_AUTODEGRADATION_OF_THE_E3_UBIQUITIN_LIGASE_COP1,0.092044497,0.21887701
REACTOME_SMOOTH_MUSCLE_CONTRACTION,0.130788319,0.35166879
REACTOME_ACTIVATION_OF_NMDA_RECEPTOR_UPON_GLUTAMATE_BINDING_AND_POSTSY0PTIC_EVENTS,0.106048846,0.075579046
REACTOME_CREB_PHOSPHORYLATION_THROUGH_THE_ACTIVATION_OF_RAS,0.118427804,0.153933525
REACTOME_POST_NMDA_RECEPTOR_ACTIVATION_EVENTS,0.123735133,0.096726803
REACTOME_UNBLOCKING_OF_NMDA_RECEPTOR_GLUTAMATE_BINDING_AND_ACTIVATION,0.091906726,0.207401659
REACTOME_METABOLISM_OF_MR0,0,0
REACTOME_MR0_DECAY_BY_3_TO_5_EXORIBONUCLEASE,-0.147005805,0.020654981
REACTOME_BILE_SALT_AND_ORGANIC_ANION_SLC_TRANSPORTERS,0,0
REACTOME_DEADENYLATION_DEPENDENT_MR0_DECAY,0.087869292,-0.325086103
REACTOME_CREB_PHOSPHORYLATION_THROUGH_THE_ACTIVATION_OF_CAMKII,0.162645958,0.302900182
REACTOME_THROMBOXANE_SIG0LLING_THROUGH_TP_RECEPTOR,0.127253499,0.228142451
REACTOME_CELL_EXTRACELLULAR_MATRIX_INTERACTIONS,-0.127262157,0.419482747
REACTOME_ADP_SIG0LLING_THROUGH_P2RY12,0.162601694,0.258529411
REACTOME_CELL_JUNCTION_ORGANIZATION,-0.058324881,0.368908815
REACTOME_AMINE_COMPOUND_SLC_TRANSPORTERS,0.049534671,0.344013336
REACTOME_PYRUVATE_METABOLISM,-0.1222347,0.226554759
REACTOME_PURINE_CATABOLISM,0.166149358,0.279023523
REACTOME_GLUCOSE_TRANSPORT,-0.102516738,-0.083469283
REACTOME_FRS2_MEDIATED_CASCADE,0.134322308,0.232858512
REACTOME_METABOLISM_OF_R0,0,0
REACTOME_MITOTIC_G1_G1_S_PHASES,0.119770711,0.145618082
REACTOME_PI_3K_CASCADE,0.007069595,-0.04967824
REACTOME_DOWNSTREAM_SIG0LING_OF_ACTIVATED_FGFR,-0.040650926,-0.092261796
REACTOME_REGULATION_OF_MITOTIC_CELL_CYCLE,0.115109822,0.208787825
REACTOME_TAK1_ACTIVATES_NFKB_BY_PHOSPHORYLATION_AND_ACTIVATION_OF_IKKS_COMPLEX,0.166139082,0.230119889
REACTOME_REGULATION_OF_AMPK_ACTIVITY_VIA_LKB1,0.024744425,0.263059226
REACTOME_MITOTIC_M_M_G1_PHASES,0.119736345,0.033524141
REACTOME_MYOGENESIS,0.092009495,-0.026190993
REACTOME_MAP_KI0SE_ACTIVATION_IN_TLR_CASCADE,-0.063629111,-0.081671254
REACTOME_PHOSPHOLIPASE_C_MEDIATED_CASCADE,-0.003657373,0.035268966
REACTOME_ACTIVATION_OF_KAI0TE_RECEPTORS_UPON_GLUTAMATE_BINDING,0.148466548,0.232005197
REACTOME_IONOTROPIC_ACTIVITY_OF_KAI0TE_RECEPTORS,0.15557632,0.282238362
REACTOME_ACTIVATION_OF_THE_AP1_FAMILY_OF_TRANSCRIPTION_FACTORS,0.160876574,0.31971167
REACTOME_MAPK_TARGETS_NUCLEAR_EVENTS_MEDIATED_BY_MAP_KI0SES,-0.065397597,0.093697226
REACTOME_SYNTHESIS_AND_INTERCONVERSION_OF_NUCLEOTIDE_DI_AND_TRIPHOSPHATES,-0.070986506,0.138673823
REACTOME_GPCR_LIGAND_BINDING,-0.053609832,0.412528968
REACTOME_R0_POL_I_R0_POL_III_AND_MITOCHONDRIAL_TRANSCRIPTION,-0.070220203,-0.320369997
REACTOME_JNK_C_JUN_KI0SES_PHOSPHORYLATION_AND_ACTIVATION_MEDIATED_BY_ACTIVATED_HUMAN_TAK1,0.010604491,0.128975033
REACTOME_SHC_MEDIATED_CASCADE,-0.067161777,0.342275263
REACTOME_THROMBIN_SIG0LLING_THROUGH_PROTEI0SE_ACTIVATED_RECEPTORS_PARS,0.123719063,0.167794357
REACTOME_ENERGY_DEPENDENT_REGULATION_OF_MTOR_BY_LKB1_AMPK,0.005302541,-0.03411593
REACTOME_MITOTIC_G2_G2_M_PHASES,0.038900098,0.374555948
REACTOME_REGULATION_OF_RHEB_GTPASE_ACTIVITY_BY_AMPK,-0.024744272,0.187103603
REACTOME_ACTIVATED_TAK1_MEDIATES_P38_MAPK_ACTIVATION,-0.08483724,0.246915707
REACTOME_D0_REPAIR,0.02784034,-0.028949334
REACTOME_EFFECTS_OF_PIP2_HYDROLYSIS,-0.088382785,0.339618673
REACTOME_R0_POL_II_PRE_TRANSCRIPTION_EVENTS,-0.097121128,0.120387462
REACTOME_ROLE_OF_DCC_IN_REGULATING_APOPTOSIS,0.164386895,0.336317692
REACTOME_POST_TRANSLATIO0L_PROTEIN_MODIFICATION,-0.120187577,0.215056566
REACTOME_CHROMOSOME_MAINTE0NCE,-0.123745468,-0.109011192
REACTOME_DEPOSITION_OF_NEW_CENPA_CONTAINING_NUCLEOSOMES_AT_THE_CENTROMERE,-0.038898774,-0.099156986
REACTOME_L1CAM_INTERACTIONS,0.150232613,0.317543132
REACTOME_ROLE_OF_SECOND_MESSENGERS_IN_NETRIN1_SIG0LING,0.03741274,0.134019783
REACTOME_SIG0LING_BY_ILS,0.060092488,-0.061540036
REACTOME_NETRIN1_SIG0LING,0.141393652,0.157648977
REACTOME_METABOLISM_OF_LIPIDS_AND_LIPOPROTEINS,-0.091905873,0.336800735
REACTOME_INTERACTION_BETWEEN_L1_AND_ANKYRINS,-0.130789532,0.371774046
REACTOME_SIG0L_TRANSDUCTION_BY_L1,0.134338924,0.40141602
REACTOME_FATTY_ACID_TRIACYLGLYCEROL_AND_KETONE_BODY_METABOLISM,-0.13788013,0.18836524
REACTOME_TRANSPORT_OF_VITAMINS_NUCLEOSIDES_AND_RELATED_MOLECULES,-0.084835929,0.334017002
REACTOME_HIGHLY_CALCIUM_PERMEABLE_POSTSY0PTIC_NICOTINIC_ACETYLCHOLINE_RECEPTORS,0.017854638,0.092807498
REACTOME_R0_POL_I_PROMOTER_OPENING,0,0
REACTOME_PRESY0PTIC_NICOTINIC_ACETYLCHOLINE_RECEPTORS,0.020722385,0.085669002
REACTOME_ORGANIC_CATION_ANION_ZWITTERION_TRANSPORT,0.020722385,-0.021348962
REACTOME_DCC_MEDIATED_ATTRACTIVE_SIG0LING,0.148470221,0.225653302
REACTOME_RECYCLING_PATHWAY_OF_L1,0.144940146,0.249639608
REACTOME_SYNTHESIS_OF_SUBSTRATES_IN_N_GLYCAN_BIOSYTHESIS,-0.162624827,0.209785699
REACTOME_RESPIRATORY_ELECTRON_TRANSPORT,0.017855264,0.222365718
REACTOME_ASPARAGINE_N_LINKED_GLYCOSYLATION,-0.102512616,0.119069305
REACTOME_ASSEMBLY_OF_THE_PRE_REPLICATIVE_COMPLEX,0.106231629,0.194102268
REACTOME_BIOSYNTHESIS_OF_THE_N_GLYCAN_PRECURSOR_DOLICHOL_LIPID_LINKED_OLIGOSACCHARIDE_LLO_AND_TRANSFER_TO_A_0SCENT_PROTEIN,-0.169693897,-0.112433267
REACTOME_IL1_SIG0LING,0.024743966,0.207316409
REACTOME_GLOBAL_GENOMIC_NER_GG_NER,-0.085760318,-0.316791043
REACTOME_CGMP_EFFECTS,0.135192108,0.229566753
REACTOME_REGULATION_OF_SIG0LING_BY_CBL,0.167910153,0.340295401
REACTOME_AMINO_ACID_SYNTHESIS_AND_INTERCONVERSION_TRANSAMI0TION,-0.056567082,0.190582411
REACTOME_CALNEXIN_CALRETICULIN_CYCLE,0.063627143,0.077608711
REACTOME_SYNTHESIS_SECRETION_AND_I0CTIVATION_OF_GIP,0.148471598,0.413464849
REACTOME_PASSIVE_TRANSPORT_BY_AQUAPORINS,0,0.048881436
REACTOME_NEPHRIN_INTERACTIONS,-0.067165515,0.254919654
REACTOME_IL_3_5_AND_GM_CSF_SIG0LING,-0.070695951,0.047350385
REACTOME_NITRIC_OXIDE_STIMULATES_GUANYLATE_CYCLASE,0.116723778,0.303639096
REACTOME_PLATELET_HOMEOSTASIS,0.162654009,0.419214268
REACTOME_N_GLYCAN_TRIMMING_IN_THE_ER_AND_CALNEXIN_CALRETICULIN_CYCLE,0.042417964,0.070034838
REACTOME_PLATELET_SENSITIZATION_BY_LDL,-0.014139321,0.194004968
REACTOME_AQUAPORIN_MEDIATED_TRANSPORT,0.159123961,0.367852683
REACTOME_IL_RECEPTOR_SHC_SIG0LING,-0.017674152,0.353209272
REACTOME_RAP1_SIG0LLING,0.127254286,0.254915105
REACTOME_PLATELET_CALCIUM_HOMEOSTASIS,0.170063028,0.389322664
REACTOME_SIG0L_REGULATORY_PROTEIN_SIRP_FAMILY_INTERACTIONS,0.160877569,0.296423048
REACTOME_PROSTACYCLIN_SIG0LLING_THROUGH_PROSTACYCLIN_RECEPTOR,0.162605213,0.451692299
REACTOME_GABA_SYNTHESIS_RELEASE_REUPTAKE_AND_DEGRADATION,0.144941043,0.448737741
REACTOME_INCRETIN_SYNTHESIS_SECRETION_AND_I0CTIVATION,0.141396275,0.406554844
REACTOME_TRANSPORT_OF_ORGANIC_ANIONS,0.017854638,0.123336473
REACTOME_SYNTHESIS_SECRETION_AND_I0CTIVATION_OF_GLP1,0.141397149,0.386580423
REACTOME_REGULATION_OF_WATER_BALANCE_BY_RE0L_AQUAPORINS,0.159077696,0.372645221
REACTOME_DESTABILIZATION_OF_MR0_BY_BRF1,-0.121822047,-0.122516825
REACTOME_IRAK1_RECRUITS_IKK_COMPLEX,0.09723159,0.300109972
REACTOME_TRAF6_MEDIATED_IRF7_ACTIVATION,0.049488696,0.013085683
REACTOME_CIRCADIAN_CLOCK,-0.019463306,0.148871496
REACTOME_TRAF6_MEDIATED_NFKB_ACTIVATION,0.153767498,0.128355996
REACTOME_FACTORS_INVOLVED_IN_MEGAKARYOCYTE_DEVELOPMENT_AND_PLATELET_PRODUCTION,0.148463793,-0.40723003
REACTOME_REGULATION_OF_IFNG_SIG0LING,0.081306378,-0.094627102
REACTOME_GABA_A_RECEPTOR_ACTIVATION,0.023287424,0.111919757
REACTOME_REGULATION_OF_MR0_STABILITY_BY_PROTEINS_THAT_BIND_AU_RICH_ELEMENTS,0.020724588,0.060046239
REACTOME_INHIBITION_OF_VOLTAGE_GATED_CA2_CHANNELS_VIA_GBETA_GAMMA_SUBUNITS,0.151997235,0.239656736
REACTOME_IRAK2_MEDIATED_ACTIVATION_OF_TAK1_COMPLEX_UPON_TLR7_8_OR_9_STIMULATION,0.051735277,0.271475315
REACTOME_TRAF6_MEDIATED_INDUCTION_OF_NFKB_AND_MAP_KI0SES_UPON_TLR7_8_OR_9_ACTIVATION,-0.051654624,0.136306677
REACTOME_TRAF3_DEPENDENT_IRF_ACTIVATION_PATHWAY,0.060093417,0.288654426
REACTOME_GABA_B_RECEPTOR_ACTIVATION,0.162602196,0.181171363
REACTOME_NFKB_ACTIVATION_THROUGH_FADD_RIP1_PATHWAY_MEDIATED_BY_CASPASE_8_AND10,0.116661668,0.312267676
REACTOME_DESTABILIZATION_OF_MR0_BY_KSRP,-0.143973176,-0.348333749
REACTOME_TRANSPORT_TO_THE_GOLGI_AND_SUBSEQUENT_MODIFICATION,0,-0.121202261
REACTOME_IRON_UPTAKE_AND_TRANSPORT,0.06009193,0.407517713
REACTOME_DESTABILIZATION_OF_MR0_BY_TRISTETRAPROLIN_TTP,-0.092763197,-0.229858587
REACTOME_INTERFERON_GAMMA_SIG0LING,0.12371868,0.335753037
REACTOME_N_GLYCAN_ANTEN0E_ELONGATION,0.017674261,0.260589476
REACTOME_TRAF6_MEDIATED_IRF7_ACTIVATION_IN_TLR7_8_OR_9_SIG0LING,-0.042597216,0.300637201
REACTOME_ACTIVATION_OF_IRF3_IRF7_MEDIATED_BY_TBK1_IKK_EPSILON,-0.145481524,0.31014203
REACTOME_ION_TRANSPORT_BY_P_TYPE_ATPASES,0.152243173,0.455136222
REACTOME_INTERFERON_ALPHA_BETA_SIG0LING,0.070697263,0.433202629
REACTOME_ADVANCED_GLYCOSYLATION_ENDPRODUCT_RECEPTOR_SIG0LING,0.136144866,0.028206614
REACTOME_GABA_RECEPTOR_ACTIVATION,0.173220079,0.147064235
REACTOME_KINESINS,-0.028278993,0.07493432
REACTOME_N_GLYCAN_ANTEN0E_ELONGATION_IN_THE_MEDIAL_TRANS_GOLGI,0.012371868,0.189982408
REACTOME_REGULATION_OF_IF0_SIG0LING,0.051254723,0.287036385
REACTOME_INTERFERON_SIG0LING,-0.010959392,0.315806274
REACTOME_NEGATIVE_REGULATORS_OF_RIG_I_MDA5_SIG0LING,0.109726415,0.153330493
REACTOME_NFKB_AND_MAP_KI0SES_ACTIVATION_MEDIATED_BY_TLR4_SIG0LING_REPERTOIRE,-0.03185102,0.204446496
REACTOME_TRANSFERRIN_ENDOCYTOSIS_AND_RECYCLING,0.053022291,0.362346569
REACTOME_DSCAM_INTERACTIONS,-0.10256274,0.355473625
REACTOME_ION_CHANNEL_TRANSPORT,0.17324044,0.400863073
REACTOME_DESTABILIZATION_OF_MR0_BY_AUF1_HNRNP_D0,0.031904861,0.07797451
REACTOME_TRAF6_MEDIATED_INDUCTION_OF_TAK1_COMPLEX,0.028313159,0.259749307
REACTOME_RIG_I_MDA5_MEDIATED_INDUCTION_OF_IFN_ALPHA_BETA_PATHWAYS,0.128609189,0.174237525
REACTOME_IKK_COMPLEX_RECRUITMENT_MEDIATED_BY_RIP1,0.115697077,0.290670178
REACTOME_LIGAND_GATED_ION_CHANNEL_TRANSPORT,0.050522112,0.368770911
REACTOME_FORMATION_OF_INCISION_COMPLEX_IN_GG_NER,-0.071385096,-0.244208625
REACTOME_TRANSCRIPTIO0L_REGULATION_OF_WHITE_ADIPOCYTE_DIFFERENTIATION,-0.070734019,-0.053752489
REACTOME_ENDOSOMAL_SORTING_COMPLEX_REQUIRED_FOR_TRANSPORT_ESCRT,0.159095388,0.043453495
REACTOME_MEIOTIC_RECOMBI0TION,-0.11311667,-0.319448476
REACTOME_IL_2_SIG0LING,0.024743889,0.055968391
REACTOME_IL_6_SIG0LING,0.123717915,0.349691069
REACTOME_PLATELET_AGGREGATION_PLUG_FORMATION,-0.162603202,0.182142154
REACTOME_SIG0LING_BY_NOTCH,0.173379943,0.250199921
REACTOME_LAGGING_STRAND_SYNTHESIS,-0.1696855,-0.082214558
REACTOME_INTRINSIC_PATHWAY,0.114121764,0.148347773
REACTOME_INHIBITION_OF_REPLICATION_INITIATION_OF_DAMAGED_D0_BY_RB1_E2F1,0.053022127,0.289989237
REACTOME_ETHANOL_OXIDATION,0.062291433,0.246190728
REACTOME_SYNTHESIS_OF_VERY_LONG_CHAIN_FATTY_ACYL_COAS,0.012371945,0.115727676
REACTOME_D0_REPLICATION,0.062975705,-0.00892654
REACTOME_CLEAVAGE_OF_GROWING_TRANSCRIPT_IN_THE_TERMI0TION_REGION_,0.106019708,-0.112783033
REACTOME_PKB_MEDIATED_EVENTS,0.061948286,0.035721627
REACTOME_E2F_MEDIATED_REGULATION_OF_D0_REPLICATION,0.116650123,-0.017568241
REACTOME_METABOLISM_OF_CARBOHYDRATES,0.021209048,0.471339075
REACTOME_HORMONE_SENSITIVE_LIPASE_HSL_MEDIATED_TRIACYLGLYCEROL_HYDROLYSIS,0.056557286,-0.009966683
REACTOME_SIG0LING_BY_INSULIN_RECEPTOR,0.155532055,0.445845327
REACTOME_SIG0L_ATTENUATION,0.304208828,0.508589008
REACTOME_PURINE_METABOLISM,-0.123805996,0.03693289
REACTOME_SOS_MEDIATED_SIG0LLING,0.070705353,0.2172852
REACTOME_R0_POL_III_TRANSCRIPTION_INITIATION_FROM_TYPE_3_PROMOTER,-0.098467306,-0.039937515
REACTOME_APOPTOSIS,-0.068598969,0.308197792
REACTOME_LIPID_DIGESTION_MOBILIZATION_AND_TRANSPORT,0.141395838,0.202074591
REACTOME_HEMOSTASIS,0.166136513,0.483765265
REACTOME_INFLUENZA_LIFE_CYCLE,0,0.048881436
REACTOME_INFLUENZA_VIRAL_R0_TRANSCRIPTION_AND_REPLICATION,0,0.099525783
REACTOME_NEP_NS2_INTERACTS_WITH_THE_CELLULAR_EXPORT_MACHINERY,-0.14166639,-0.388290317
REACTOME_HIV_INFECTION,0.017857143,0.077976157
REACTOME_TRANSPORT_OF_RIBONUCLEOPROTEINS_INTO_THE_HOST_NUCLEUS,-0.145071665,-0.345354317
REACTOME_HIV_LIFE_CYCLE,0.044311033,0.044815122
REACTOME_ABORTIVE_ELONGATION_OF_HIV1_TRANSCRIPT_IN_THE_ABSENCE_OF_TAT,-0.156450089,0.328951227
REACTOME_EARLY_PHASE_OF_HIV_LIFE_CYCLE,0.088703773,0.124888757
REACTOME_HOST_INTERACTIONS_OF_HIV_FACTORS,-0.087755102,0.300387488
REACTOME_R0_POL_III_TRANSCRIPTION_TERMI0TION,-0.124528225,0.082630471
REACTOME_RESPIRATORY_ELECTRON_TRANSPORT_ATP_SYNTHESIS_BY_CHEMIOSMOTIC_COUPLING_AND_HEAT_PRODUCTION_BY_UNCOUPLING_PROTEINS_,0.023288424,0.279748491
REACTOME_FORMATION_OF_THE_HIV1_EARLY_ELONGATION_COMPLEX,-0.094328838,0.263330501
REACTOME_RAF_MAP_KI0SE_CASCADE,0.097214148,0.361949055
REACTOME_VIRAL_MESSENGER_R0_SYNTHESIS,-0.156679218,0.309507171
REACTOME_LATE_PHASE_OF_HIV_LIFE_CYCLE,-0.053607377,0.002282734
REACTOME_SHC_MEDIATED_SIG0LLING,0.070708634,0.244068225
REACTOME_INTERACTIONS_OF_VPR_WITH_HOST_CELLULAR_PROTEINS,-0.173300191,-0.203825737
REACTOME_FORMATION_OF_ATP_BY_CHEMIOSMOTIC_COUPLING,0,0
REACTOME_APC_C_CDH1_MEDIATED_DEGRADATION_OF_CDC20_AND_OTHER_APC_C_CDH1_TARGETED_PROTEINS_IN_LATE_MITOSIS_EARLY_G1,-0.011206733,0.237762891
REACTOME_ACTIVATION_OF_ATR_IN_RESPONSE_TO_REPLICATION_STRESS,0.063634424,-0.451995868
REACTOME_UNWINDING_OF_D0,0.073847894,0.197544588
REACTOME_APC_C_CDC20_MEDIATED_DEGRADATION_OF_MITOTIC_PROTEINS,0.088972291,0.187646971
REACTOME_GLUCURONIDATION,0.048860306,0.134019783
REACTOME_AUTODEGRADATION_OF_CDH1_BY_CDH1_APC_C,0.096576772,0.193551537
REACTOME_MYD88_MAL_CASCADE_INITIATED_ON_PLASMA_MEMBRANE,-0.079818771,0.126618129
REACTOME_IN0TE_IMMUNE_SYSTEM,0.083085729,0.148755442
REACTOME_REGULATION_OF_GLUCOKI0SE_BY_GLUCOKI0SE_REGULATORY_PROTEIN,-0.159526787,-0.318509609
REACTOME_MITOTIC_PROMETAPHASE,0.072516962,-0.201091946
REACTOME_APC_C_CDC20_MEDIATED_DEGRADATION_OF_CYCLIN_B,-0.156255587,0.240274693
REACTOME_SCF_BETA_TRCP_MEDIATED_DEGRADATION_OF_EMI1,0.088559802,0.166007228
REACTOME_LIPOPROTEIN_METABOLISM,0.153814118,0.44659445
REACTOME_G1_S_SPECIFIC_TRANSCRIPTION,0.109440059,0.291982762
REACTOME_THE_ROLE_OF_NEF_IN_HIV1_REPLICATION_AND_DISEASE_PATHOGENESIS,0.10958008,0.502374983
REACTOME_CHYLOMICRON_MEDIATED_LIPID_TRANSPORT,0.13788013,0.434405528
REACTOME_SIG0LING_BY_TGF_BETA_RECEPTOR_COMPLEX,0.072625219,-0.018940722
REACTOME_CONVERSION_FROM_APC_C_CDC20_TO_APC_C_CDH1_IN_LATE_A0PHASE,-0.130803285,0.092429226
REACTOME_ACTIVATED_TLR4_SIG0LLING,-0.120508864,0.083922551
REACTOME_IMMUNE_SYSTEM,0.132423671,0.17475305
REACTOME_BINDING_AND_ENTRY_OF_HIV_VIRION,0,0
REACTOME_PHOSPHORYLATION_OF_THE_APC_C,-0.166146275,0.08390333
REACTOME_CYTOSOLIC_SULFO0TION_OF_SMALL_MOLECULES,0.104822505,0.282384602
REACTOME_INTEGRATION_OF_PROVIRUS,0.067364354,0.160480417
REACTOME_GLUTATHIONE_CONJUGATION,0.033582654,0.102585658
REACTOME_COMPLEMENT_CASCADE,0.088616071,0.129979617
REACTOME_PHASE_II_CONJUGATION,0.07776723,0.142158941
REACTOME_MTORC1_MEDIATED_SIG0LLING,0.116887109,0.227280106
REACTOME_TOLL_RECEPTOR_CASCADES,-0.084846161,0.20898884
REACTOME_ACTIVATION_OF_BH3_ONLY_PROTEINS,0.093680536,0.171807694
REACTOME_GLUCOSE_METABOLISM,0.148469762,0.457813293
REACTOME_R0_POL_III_CHAIN_ELONGATION,-0.117827392,0.101155024
REACTOME_VOLTAGE_GATED_POTASSIUM_CHANNELS,-0.067205224,0.331897684
REACTOME_ADAPTIVE_IMMUNE_SYSTEM,0.15095099,0.3031506
REACTOME_NOD1_2_SIG0LING_PATHWAY,-0.005302393,-0.019036275
REACTOME_CYTOKINE_SIG0LING_IN_IMMUNE_SYSTEM,-0.031844013,0.272331441
REACTOME_MEIOTIC_SY0PSIS,-0.098975556,0.08983247
REACTOME_ANTIGEN_PRESENTATION_FOLDING_ASSEMBLY_AND_PEPTIDE_LOADING_OF_CLASS_I_MHC,0.134322308,0.401998789
REACTOME_THE_NLRP3_INFLAMMASOME,0.151997235,0.349467806
REACTOME_CLASS_I_MHC_MEDIATED_ANTIGEN_PROCESSING_PRESENTATION,0.151391833,0.159959447
REACTOME_NONSENSE_MEDIATED_DECAY_ENHANCED_BY_THE_EXON_JUNCTION_COMPLEX,0,0.117747263
REACTOME_PIP3_ACTIVATES_AKT_SIG0LING,-0.038884216,-0.046922572
REACTOME_ANTIGEN_PROCESSING_UBIQUITI0TION_PROTEASOME_DEGRADATION,0.072986566,-0.171280049
REACTOME_TANDEM_PORE_DOMAIN_POTASSIUM_CHANNELS,0.067863784,0.394312598
REACTOME_INFLAMMASOMES,0.148462875,0.365187292
REACTOME_POTASSIUM_CHANNELS,0.163197341,0.408768296
REACTOME_NUCLEOTIDE_BINDING_DOMAIN_LEUCINE_RICH_REPEAT_CONTAINING_RECEPTOR_NLR_SIG0LING_PATHWAYS,0.141392777,0.054378458
REACTOME_INWARDLY_RECTIFYING_K_CHANNELS,0.162681193,0.455304023
REACTOME_AMYLOIDS,0.476614861,0.560216699
REACTOME_PACKAGING_OF_TELOMERE_ENDS,-0.11311702,0.156258309
REACTOME_TELOMERE_MAINTE0NCE,-0.173250087,-0.167120401
REACTOME_PLATELET_ACTIVATION_SIG0LING_AND_AGGREGATION,0.130788723,0.503857212
REACTOME_REMOVAL_OF_THE_FLAP_INTERMEDIATE_FROM_THE_C_STRAND,-0.148527647,-0.004258477
REACTOME_CREATION_OF_C4_AND_C2_ACTIVATORS,0,0.060043452
REACTOME_APC_CDC20_MEDIATED_DEGRADATION_OF_NEK2A,-0.146755057,0.213111801
REACTOME_INITIAL_TRIGGERING_OF_COMPLEMENT,0.020722385,0.002367715
REACTOME_EXTENSION_OF_TELOMERES,-0.166170943,-0.154859642
REACTOME_G2_M_CHECKPOINTS,0.068934308,-0.47182564
REACTOME_G2_M_D0_DAMAGE_CHECKPOINT,0.044123828,0.139141347
REACTOME_S_PHASE,0.11057888,0.12157608
REACTOME_SCFSKP2_MEDIATED_DEGRADATION_OF_P27_P21,0.065499471,0.167793378
REACTOME_TRYPTOPHAN_CATABOLISM,0.023287424,0.067467641
REACTOME_D0_STRAND_ELONGATION,-0.162618288,-0.13712617
REACTOME_RESOLUTION_OF_AP_SITES_VIA_THE_SINGLE_NUCLEOTIDE_REPLACEMENT_PATHWAY,-0.173385315,0.072489224
REACTOME_FGFR_LIGAND_BINDING_AND_ACTIVATION,0.042496382,0.15380788
REACTOME_CHOLESTEROL_BIOSYNTHESIS,-0.113250177,0.045386481
REACTOME_APOBEC3G_MEDIATED_RESISTANCE_TO_HIV1_INFECTION,0,0
REACTOME_GAP_JUNCTION_TRAFFICKING,0.088370759,0.423903097
REACTOME_FGFR2C_LIGAND_BINDING_AND_ACTIVATION,0.01450419,0.034463181
REACTOME_METABOLISM_OF_PORPHYRINS,-0.155546966,0.232114218
REACTOME_FGFR4_LIGAND_BINDING_AND_ACTIVATION,0.010204082,0.048881436
REACTOME_VIF_MEDIATED_DEGRADATION_OF_APOBEC3G,0.109457064,0.256939791
REACTOME_SIG0LING_BY_FGFR,-0.053022619,0.149332923
REACTOME_DIGESTION_OF_DIETARY_CARBOHYDRATE,0,0
REACTOME_FGFR1_LIGAND_BINDING_AND_ACTIVATION,0.033797159,0.111919757
REACTOME_GAP_JUNCTION_ASSEMBLY,0,0
REACTOME_SYNTHESIS_OF_GLYCOSYLPHOSPHATIDYLINOSITOL_GPI,-0.056558685,0.060939023
REACTOME_R0_POL_I_TRANSCRIPTION_INITIATION,0.169907921,-0.302042406
REACTOME_PYRIMIDINE_METABOLISM,0.171442453,0.052573569
REACTOME_INTRINSIC_PATHWAY_FOR_APOPTOSIS,-0.028284591,0.04852525
REACTOME_PI3K_CASCADE,0.162603202,0.471760074
REACTOME_APOPTOTIC_EXECUTION_PHASE,0.061882306,0.38619165
REACTOME_SHC_RELATED_EVENTS,0.166376943,0.507384517
0BA_COLLAGENS,0.044123828,-0.021362978
0BA_ECM_GLYCOPROTEINS,-0.060093045,0.139783622
0BA_ECM_REGULATORS,0.053035577,0.500718604
0BA_ECM_AFFILIATED,-0.121958436,0.310033903
0BA_PROTEOGLYCANS,0.023287424,0.111919757
0BA_SECRETED_FACTORS,0.173291373,0.379463216
0BA_CORE_MATRISOME,0.003534896,0.14460921
0BA_MATRISOME_ASSOCIATED,0.137941158,0.488226915
0BA_BASEMENT_MEMBRANES,0.131853497,0.264446569
0BA_MATRISOME,0.10252403,0.476792275
