,adult,old
KEGG_GLYCOLYSIS_GLUCONEOGENESIS,0.012311902,0.048563611
KEGG_CITRATE_CYCLE_TCA_CYCLE,0.272229822,0.52120383
KEGG_PENTOSE_PHOSPHATE_PATHWAY,0.105335157,0.376880985
KEGG_PENTOSE_AND_GLUCURONATE_INTERCONVERSIONS,0.181942544,0.086183311
KEGG_FRUCTOSE_AND_MANNOSE_METABOLISM,0.205198358,0.382352941
KEGG_GALACTOSE_METABOLISM,0.031463748,0.09370725
KEGG_ASCORBATE_AND_ALDARATE_METABOLISM,1,1
KEGG_FATTY_ACID_METABOLISM,0.627222982,0.058823529
KEGG_STEROID_BIOSYNTHESIS,0.16005472,0.279069767
KEGG_PRIMARY_BILE_ACID_BIOSYNTHESIS,0.201094391,0.010259918
KEGG_STEROID_HORMONE_BIOSYNTHESIS,0.135430917,0.075923393
KEGG_OXIDATIVE_PHOSPHORYLATION,0.180574555,0.055403557
KEGG_PURINE_METABOLISM,0.59370725,0.389192886
KEGG_PYRIMIDINE_METABOLISM,0.662106703,0.777017784
KEGG_ALANINE_ASPARTATE_AND_GLUTAMATE_METABOLISM,0.704514364,0.609439124
KEGG_GLYCINE_SERINE_AND_THREONINE_METABOLISM,0.464432285,0.112859097
KEGG_CYSTEINE_AND_METHIONINE_METABOLISM,0.543091655,0.726402189
KEGG_VALINE_LEUCINE_AND_ISOLEUCINE_DEGRADATION,0.237346101,0.106019152
KEGG_VALINE_LEUCINE_AND_ISOLEUCINE_BIOSYNTHESIS,0.18125855,0.080711354
KEGG_LYSINE_DEGRADATION,0.770177839,0.068399453
KEGG_ARGININE_AND_PROLINE_METABOLISM,0.848153215,0.829685363
KEGG_HISTIDINE_METABOLISM,0.582763338,0.454172367
KEGG_TYROSINE_METABOLISM,0.487004104,0.735294118
KEGG_PHENYLALANINE_METABOLISM,0.585499316,0.378248974
KEGG_TRYPTOPHAN_METABOLISM,0.165526676,0.142954856
KEGG_BETA_ALANINE_METABOLISM,0.614911081,0.246922025
KEGG_TAURINE_AND_HYPOTAURINE_METABOLISM,1,1
KEGG_SELENOAMINO_ACID_METABOLISM,0.365937073,0.175102599
KEGG_GLUTATHIONE_METABOLISM,0.296169631,0.473324213
KEGG_STARCH_AND_SUCROSE_METABOLISM,0.069083447,0.050615595
KEGG_N_GLYCAN_BIOSYNTHESIS,0.266073871,0.066347469
KEGG_OTHER_GLYCAN_DEGRADATION,0.172366621,0.053351573
KEGG_O_GLYCAN_BIOSYNTHESIS,0.380300958,0.183994528
KEGG_AMINO_SUGAR_AND_NUCLEOTIDE_SUGAR_METABOLISM,0.826949384,0.046511628
KEGG_GLYCOSAMINOGLYCAN_DEGRADATION,0.425444596,0.068399453
KEGG_GLYCOSAMINOGLYCAN_BIOSYNTHESIS_CHONDROITIN_SULFATE,0.255813953,0.20246238
KEGG_GLYCOSAMINOGLYCAN_BIOSYNTHESIS_KERATAN_SULFATE,0.050615595,0.037619699
KEGG_GLYCOSAMINOGLYCAN_BIOSYNTHESIS_HEPARAN_SULFATE,0.060875513,0.031463748
KEGG_GLYCEROLIPID_METABOLISM,0.700410397,0.388508892
KEGG_INOSITOL_PHOSPHATE_METABOLISM,0.222982216,0.744186047
KEGG_GLYCOSYLPHOSPHATIDYLINOSITOL_GPI_ANCHOR_BIOSYNTHESIS,0.069767442,0.273597811
KEGG_GLYCEROPHOSPHOLIPID_METABOLISM,0.632010944,0.410396717
KEGG_ETHER_LIPID_METABOLISM,0.108071135,0.126538988
KEGG_ARACHIDONIC_ACID_METABOLISM,0.253077975,0.495212038
KEGG_LINOLEIC_ACID_METABOLISM,0.090287278,0.096443228
KEGG_ALPHA_LINOLENIC_ACID_METABOLISM,0.006839945,0.07250342
KEGG_SPHINGOLIPID_METABOLISM,0.502735978,0.281121751
KEGG_GLYCOSPHINGOLIPID_BIOSYNTHESIS_LACTO_AND_NEOLACTO_SERIES,0.156634747,0.045143639
KEGG_GLYCOSPHINGOLIPID_BIOSYNTHESIS_GLOBO_SERIES,0.1374829,0.261969904
KEGG_GLYCOSPHINGOLIPID_BIOSYNTHESIS_GANGLIO_SERIES,0.249658003,0.201778386
KEGG_PYRUVATE_METABOLISM,0.673050616,0.663474692
KEGG_GLYOXYLATE_AND_DICARBOXYLATE_METABOLISM,0.308481532,0.093023256
KEGG_PROPANOATE_METABOLISM,0.381668947,0.759233926
KEGG_BUTANOATE_METABOLISM,0.084815321,0.077975376
KEGG_ONE_CARBON_POOL_BY_FOLATE,0.37004104,0.08002736
KEGG_RIBOFLAVIN_METABOLISM,0.155266758,0.136114911
KEGG_NICOTINATE_AND_NICOTINAMIDE_METABOLISM,0.276333789,0.538303694
KEGG_PANTOTHENATE_AND_COA_BIOSYNTHESIS,0.298221614,0.028043776
KEGG_FOLATE_BIOSYNTHESIS,0.055403557,0.037619699
KEGG_RETINOL_METABOLISM,0.34746922,0.114227086
KEGG_PORPHYRIN_AND_CHLOROPHYLL_METABOLISM,0.69630643,0.757865937
KEGG_TERPENOID_BACKBONE_BIOSYNTHESIS,0.186046512,0.677838577
KEGG_LIMONENE_AND_PINENE_DEGRADATION,0.201778386,0.112859097
KEGG_NITROGEN_METABOLISM,0.240082079,0.392612859
KEGG_SULFUR_METABOLISM,1,1
KEGG_AMINOACYL_TRNA_BIOSYNTHESIS,0.780437756,0.237346101
KEGG_METABOLISM_OF_XENOBIOTICS_BY_CYTOCHROME_P450,0.469220246,0.790697674
KEGG_DRUG_METABOLISM_CYTOCHROME_P450,0.46374829,0.822845417
KEGG_DRUG_METABOLISM_OTHER_ENZYMES,0.457592339,0.415184679
KEGG_BIOSYNTHESIS_OF_UNSATURATED_FATTY_ACIDS,0.44254446,0.113543092
KEGG_ABC_TRANSPORTERS,0.0875513,0.027359781
KEGG_RIBOSOME,0.619699042,0.350205198
KEGG_RNA_DEGRADATION,0.638166895,0.793433653
KEGG_RNA_POLYMERASE,0.705882353,0.757181943
KEGG_BASAL_TRANSCRIPTION_FACTORS,0.364569083,0.138850889
KEGG_DNA_REPLICATION,0.168946648,0.709302326
KEGG_SPLICEOSOME,0.125170999,0.690834473
KEGG_PROTEASOME,0.095075239,0.054719562
KEGG_PROTEIN_EXPORT,0.26128591,0.009575923
KEGG_PPAR_SIGNALING_PATHWAY,0.838577291,0.53625171
KEGG_BASE_EXCISION_REPAIR,0.432968536,0.170998632
KEGG_NUCLEOTIDE_EXCISION_REPAIR,0.837893297,0.826949384
KEGG_MISMATCH_REPAIR,0.48495212,0.213406293
KEGG_HOMOLOGOUS_RECOMBINATION,0.785909713,0.186046512
KEGG_NON_HOMOLOGOUS_END_JOINING,0.274281806,0.078659371
KEGG_MAPK_SIGNALING_PATHWAY,0.603283174,0.658002736
KEGG_ERBB_SIGNALING_PATHWAY,0.826949384,0.634746922
KEGG_CALCIUM_SIGNALING_PATHWAY,0.512995896,0.238030096
KEGG_CYTOKINE_CYTOKINE_RECEPTOR_INTERACTION,0.182626539,0.626538988
KEGG_CHEMOKINE_SIGNALING_PATHWAY,0.378932969,0.380984952
KEGG_PHOSPHATIDYLINOSITOL_SIGNALING_SYSTEM,0.678522572,0.775649795
KEGG_NEUROACTIVE_LIGAND_RECEPTOR_INTERACTION,0.553351573,0.777701778
KEGG_CELL_CYCLE,0.300957592,0.408344733
KEGG_OOCYTE_MEIOSIS,0.011627907,0.00752394
KEGG_P53_SIGNALING_PATHWAY,0.268125855,0.486320109
KEGG_UBIQUITIN_MEDIATED_PROTEOLYSIS,0.834473324,0.701094391
KEGG_SNARE_INTERACTIONS_IN_VESICULAR_TRANSPORT,0.149110807,0.539671683
KEGG_REGULATION_OF_AUTOPHAGY,0.03625171,0.009575923
KEGG_LYSOSOME,0.163474692,0.138850889
KEGG_ENDOCYTOSIS,0.820109439,0.441176471
KEGG_PEROXISOME,0.372093023,0.534199726
KEGG_MTOR_SIGNALING_PATHWAY,0.047195622,0.02872777
KEGG_APOPTOSIS,0.695622435,0.722982216
KEGG_CARDIAC_MUSCLE_CONTRACTION,0.469220246,0.614227086
KEGG_VASCULAR_SMOOTH_MUSCLE_CONTRACTION,0.710670315,0.62995896
KEGG_WNT_SIGNALING_PATHWAY,0.813953488,0.83994528
KEGG_DORSO_VENTRAL_AXIS_FORMATION,0.569767442,0.142270862
KEGG_NOTCH_SIGNALING_PATHWAY,0.835157319,0.235294118
KEGG_HEDGEHOG_SIGNALING_PATHWAY,0.094391245,0.434336525
KEGG_TGF_BETA_SIGNALING_PATHWAY,0.845417237,0.801641587
KEGG_AXON_GUIDANCE,0.465800274,0.577975376
KEGG_VEGF_SIGNALING_PATHWAY,0.683310534,0.756497948
KEGG_FOCAL_ADHESION,0.555403557,0.719562244
KEGG_ECM_RECEPTOR_INTERACTION,0.404240766,0.209302326
KEGG_CELL_ADHESION_MOLECULES_CAMS,0.432968536,0.763337893
KEGG_ADHERENS_JUNCTION,0.662790698,0.796853625
KEGG_TIGHT_JUNCTION,0.349521204,0.798905609
KEGG_GAP_JUNCTION,0.658002736,0.03625171
KEGG_COMPLEMENT_AND_COAGULATION_CASCADES,0.320109439,0.775649795
KEGG_ANTIGEN_PROCESSING_AND_PRESENTATION,0.662106703,0.315321477
KEGG_RENIN_ANGIOTENSIN_SYSTEM,0.250341997,0.08002736
KEGG_TOLL_LIKE_RECEPTOR_SIGNALING_PATHWAY,0.122435021,0.753077975
KEGG_NOD_LIKE_RECEPTOR_SIGNALING_PATHWAY,0.790697674,0.577291382
KEGG_RIG_I_LIKE_RECEPTOR_SIGNALING_PATHWAY,0.760601915,0.819425445
KEGG_CYTOSOLIC_DNA_SENSING_PATHWAY,0.177154583,0.714090287
KEGG_JAK_STAT_SIGNALING_PATHWAY,0.60875513,0.689466484
KEGG_HEMATOPOIETIC_CELL_LINEAGE,0.624487004,0.195622435
KEGG_NATURAL_KILLER_CELL_MEDIATED_CYTOTOXICITY,0.183994528,0.03625171
KEGG_T_CELL_RECEPTOR_SIGNALING_PATHWAY,0.129274966,0.804377565
KEGG_B_CELL_RECEPTOR_SIGNALING_PATHWAY,0.114911081,0.711354309
KEGG_FC_EPSILON_RI_SIGNALING_PATHWAY,0.722982216,0.748290014
KEGG_FC_GAMMA_R_MEDIATED_PHAGOCYTOSIS,0.588919289,0.059507524
KEGG_LEUKOCYTE_TRANSENDOTHELIAL_MIGRATION,0.759233926,0.621751026
KEGG_INTESTINAL_IMMUNE_NETWORK_FOR_IGA_PRODUCTION,1,0.363885089
KEGG_CIRCADIAN_RHYTHM_MAMMAL,0.157318741,0.17373461
KEGG_LONG_TERM_POTENTIATION,0.525991792,0.84746922
KEGG_NEUROTROPHIN_SIGNALING_PATHWAY,0.294801642,0.774281806
KEGG_LONG_TERM_DEPRESSION,0.836525308,0.785225718
KEGG_OLFACTORY_TRANSDUCTION,0.224350205,0.739398085
KEGG_TASTE_TRANSDUCTION,0.265389877,0.461696306
KEGG_REGULATION_OF_ACTIN_CYTOSKELETON,0.015731874,0.015731874
KEGG_INSULIN_SIGNALING_PATHWAY,0.014363885,0.005471956
KEGG_GNRH_SIGNALING_PATHWAY,0.402188782,0.188098495
KEGG_PROGESTERONE_MEDIATED_OOCYTE_MATURATION,0.008891929,0.019835841
KEGG_MELANOGENESIS,0.599179207,0.23119015
KEGG_ADIPOCYTOKINE_SIGNALING_PATHWAY,0.285225718,0.226402189
KEGG_TYPE_II_DIABETES_MELLITUS,0.46374829,0.012311902
KEGG_TYPE_I_DIABETES_MELLITUS,0.02120383,0.017099863
KEGG_MATURITY_ONSET_DIABETES_OF_THE_YOUNG,0.017783858,0.054035568
KEGG_ALDOSTERONE_REGULATED_SODIUM_REABSORPTION,0.00752394,0.004787962
KEGG_VASOPRESSIN_REGULATED_WATER_REABSORPTION,0.755129959,0.80369357
KEGG_PROXIMAL_TUBULE_BICARBONATE_RECLAMATION,0.311901505,0.295485636
KEGG_ALZHEIMERS_DISEASE,0.263337893,0.568399453
KEGG_PARKINSONS_DISEASE,0.158002736,0.149794802
KEGG_AMYOTROPHIC_LATERAL_SCLEROSIS_ALS,0.222982216,0.833105335
KEGG_HUNTINGTONS_DISEASE,0.318057456,0.171682627
KEGG_PRION_DISEASES,0.592339261,0.100547196
KEGG_VIBRIO_CHOLERAE_INFECTION,0.111491108,0.10123119
KEGG_EPITHELIAL_CELL_SIGNALING_IN_HELICOBACTER_PYLORI_INFECTION,0.183994528,0.161422709
KEGG_PATHOGENIC_ESCHERICHIA_COLI_INFECTION,0.477428181,0.104651163
KEGG_LEISHMANIA_INFECTION,0.040355677,0.687414501
KEGG_PATHWAYS_IN_CANCER,0.665526676,0.166894665
KEGG_COLORECTAL_CANCER,0.451436389,0.841313269
KEGG_RENAL_CELL_CARCINOMA,0.044459644,0.655266758
KEGG_PANCREATIC_CANCER,0.089603283,0.659370725
KEGG_ENDOMETRIAL_CANCER,0.757865937,0.820793434
KEGG_GLIOMA,0.755129959,0.506839945
KEGG_PROSTATE_CANCER,0.013679891,0.008207934
KEGG_THYROID_CANCER,0.525307798,0.661422709
KEGG_BASAL_CELL_CARCINOMA,0.119699042,0.337209302
KEGG_MELANOMA,0.727770178,0.201778386
KEGG_BLADDER_CANCER,0.172366621,0.082763338
KEGG_CHRONIC_MYELOID_LEUKEMIA,0.820109439,0.60123119
KEGG_ACUTE_MYELOID_LEUKEMIA,0.663474692,0.807797538
KEGG_SMALL_CELL_LUNG_CANCER,0.844733242,0.830369357
KEGG_NON_SMALL_CELL_LUNG_CANCER,0.713406293,0.331053352
KEGG_ASTHMA,1,1
KEGG_AUTOIMMUNE_THYROID_DISEASE,0.718878249,0.3625171
KEGG_SYSTEMIC_LUPUS_ERYTHEMATOSUS,0.846101231,0.807797538
KEGG_ALLOGRAFT_REJECTION,0.719562244,0.39876881
KEGG_GRAFT_VERSUS_HOST_DISEASE,0.722982216,0.371409029
KEGG_PRIMARY_IMMUNODEFICIENCY,1,1
KEGG_HYPERTROPHIC_CARDIOMYOPATHY_HCM,0.808481532,0.742134063
KEGG_ARRHYTHMOGENIC_RIGHT_VENTRICULAR_CARDIOMYOPATHY_ARVC,0.84746922,0.627222982
KEGG_DILATED_CARDIOMYOPATHY,0.84746922,0.582763338
KEGG_VIRAL_MYOCARDITIS,0.846785226,0.534883721
BIOCARTA_RELA_PATHWAY,0.42749658,0.489056088
BIOCARTA_NO1_PATHWAY,0.420656635,0.712038304
BIOCARTA_CSK_PATHWAY,0.23871409,0.241450068
BIOCARTA_SRCRPTP_PATHWAY,1,1
BIOCARTA_AMI_PATHWAY,1,1
BIOCARTA_GRANULOCYTES_PATHWAY,1,1
BIOCARTA_LYM_PATHWAY,1,1
BIOCARTA_ARAP_PATHWAY,0.088919289,0.084131327
BIOCARTA_AGR_PATHWAY,0.128590971,0.546511628
BIOCARTA_AKAP95_PATHWAY,0.211354309,0.109439124
BIOCARTA_AKT_PATHWAY,0.335157319,0.454856361
BIOCARTA_ALK_PATHWAY,0.364569083,0.583447332
BIOCARTA_AT1R_PATHWAY,0.784541724,0.505471956
BIOCARTA_ACE2_PATHWAY,1,1
BIOCARTA_ASBCELL_PATHWAY,1,1
BIOCARTA_DNAFRAGMENT_PATHWAY,0.258549932,0.433652531
BIOCARTA_CHEMICAL_PATHWAY,0.474008208,0.73871409
BIOCARTA_SPPA_PATHWAY,0.586867305,0.600547196
BIOCARTA_ATM_PATHWAY,0.47127223,0.472640219
BIOCARTA_AGPCR_PATHWAY,0.083447332,0.079343365
BIOCARTA_BCELLSURVIVAL_PATHWAY,0.053351573,0.639534884
BIOCARTA_BLYMPHOCYTE_PATHWAY,1,1
BIOCARTA_BCR_PATHWAY,0.05745554,0.842681259
BIOCARTA_BIOPEPTIDES_PATHWAY,0.26128591,0.76128591
BIOCARTA_NEUROTRANSMITTERS_PATHWAY,1,1
BIOCARTA_RANKL_PATHWAY,0.295485636,0.47127223
BIOCARTA_CACAM_PATHWAY,0.26744186,0.743502052
BIOCARTA_CDMAC_PATHWAY,0.082079343,0.581395349
BIOCARTA_CARM_ER_PATHWAY,0.58002736,0.642270862
BIOCARTA_CASPASE_PATHWAY,0.411764706,0.800957592
BIOCARTA_CBL_PATHWAY,1,1
BIOCARTA_CCR3_PATHWAY,0.243502052,0.433652531
BIOCARTA_CD40_PATHWAY,0.281121751,0.43502052
BIOCARTA_MCM_PATHWAY,0.177838577,0.11627907
BIOCARTA_G1_PATHWAY,0.622435021,0.192202462
BIOCARTA_G2_PATHWAY,0.142270862,0.606703146
BIOCARTA_CELL2CELL_PATHWAY,0.389876881,0.494528044
BIOCARTA_LAIR_PATHWAY,1,1
BIOCARTA_CERAMIDE_PATHWAY,0.742134063,0.14500684
BIOCARTA_TID_PATHWAY,0.748974008,0.184678523
BIOCARTA_CLASSIC_PATHWAY,1,1
BIOCARTA_COMP_PATHWAY,1,1
BIOCARTA_VDR_PATHWAY,0.119015048,0.198358413
BIOCARTA_HDAC_PATHWAY,0.001367989,0.000683995
BIOCARTA_GCR_PATHWAY,0.119015048,0.497264022
BIOCARTA_CTCF_PATHWAY,0.564295486,0.1374829
BIOCARTA_CTL_PATHWAY,1,1
BIOCARTA_CXCR4_PATHWAY,0.737346101,0.257865937
BIOCARTA_CELLCYCLE_PATHWAY,0.099863201,0.324897401
BIOCARTA_CFTR_PATHWAY,0.375512996,0.12995896
BIOCARTA_CYTOKINE_PATHWAY,1,1
BIOCARTA_INFLAM_PATHWAY,1,1
BIOCARTA_D4GDI_PATHWAY,0.512995896,0.73871409
BIOCARTA_DC_PATHWAY,1,1
BIOCARTA_P35ALZHEIMERS_PATHWAY,0.426812585,0.11627907
BIOCARTA_RNA_PATHWAY,0.545143639,0.056771546
BIOCARTA_MTA3_PATHWAY,0.219562244,0.355677155
BIOCARTA_SKP2E2F_PATHWAY,0.240766074,0.106019152
BIOCARTA_CALCINEURIN_PATHWAY,0.570451436,0.781805746
BIOCARTA_EGF_PATHWAY,0.281121751,0.822161423
BIOCARTA_ETC_PATHWAY,0.686046512,0.811901505
BIOCARTA_NDKDYNAMIN_PATHWAY,0.402872777,0.80506156
BIOCARTA_EPHA4_PATHWAY,1,1
BIOCARTA_EPO_PATHWAY,0.069767442,0.720246238
BIOCARTA_ECM_PATHWAY,0.541039672,0.193570451
BIOCARTA_ERK_PATHWAY,0.278385773,0.10875513
BIOCARTA_ERYTH_PATHWAY,1,1
BIOCARTA_EPONFKB_PATHWAY,0.529411765,0.567715458
BIOCARTA_EIF_PATHWAY,0.796169631,0.086867305
BIOCARTA_EXTRINSIC_PATHWAY,1,1
BIOCARTA_FAS_PATHWAY,0.766757866,0.632694938
BIOCARTA_FCER1_PATHWAY,0.054719562,0.774281806
BIOCARTA_FEEDER_PATHWAY,1,1
BIOCARTA_FIBRINOLYSIS_PATHWAY,1,1
BIOCARTA_FMLP_PATHWAY,0.265389877,0.703830369
BIOCARTA_FREE_PATHWAY,0.281121751,0.332421341
BIOCARTA_GABA_PATHWAY,1,1
BIOCARTA_GATA3_PATHWAY,0.372093023,0.438440492
BIOCARTA_GLYCOLYSIS_PATHWAY,0.160738714,0.177838577
BIOCARTA_SET_PATHWAY,0.229138167,0.155266758
BIOCARTA_GH_PATHWAY,0.008891929,0.008891929
BIOCARTA_AHSP_PATHWAY,0.14500684,0.090287278
BIOCARTA_TCAPOPTOSIS_PATHWAY,1,1
BIOCARTA_HIVNEF_PATHWAY,0.586183311,0.397400821
BIOCARTA_SALMONELLA_PATHWAY,0.527359781,0.127222982
BIOCARTA_MPR_PATHWAY,0.096443228,0.041039672
BIOCARTA_HCMV_PATHWAY,0.285909713,0.032147743
BIOCARTA_P53HYPOXIA_PATHWAY,0.47127223,0.559507524
BIOCARTA_HIF_PATHWAY,0.783857729,0.606703146
BIOCARTA_IGF1_PATHWAY,0.069083447,0.713406293
BIOCARTA_IL17_PATHWAY,1,1
BIOCARTA_IL2_PATHWAY,0.042407661,0.799589603
BIOCARTA_IL3_PATHWAY,0.16621067,0.305745554
BIOCARTA_IL4_PATHWAY,0.14500684,0.071819425
BIOCARTA_IL5_PATHWAY,1,1
BIOCARTA_IL6_PATHWAY,0.119015048,0.80506156
BIOCARTA_IL10_PATHWAY,0.326949384,0.610807114
BIOCARTA_IL12_PATHWAY,0.324897401,0.23255814
BIOCARTA_IL2RB_PATHWAY,0.131326949,0.776333789
BIOCARTA_IL22BP_PATHWAY,0.28248974,0.479480164
BIOCARTA_IL7_PATHWAY,0.132694938,0.239398085
BIOCARTA_GSK3_PATHWAY,0.132694938,0.719562244
BIOCARTA_DEATH_PATHWAY,0.458960328,0.441860465
BIOCARTA_RACCYCD_PATHWAY,0.639534884,0.329685363
BIOCARTA_GLEEVEC_PATHWAY,0.089603283,0.730506156
BIOCARTA_INSULIN_PATHWAY,0.002735978,0.010943912
BIOCARTA_INTEGRIN_PATHWAY,0.835841313,0.584815321
BIOCARTA_INTRINSIC_PATHWAY,0.350889193,0.266757866
BIOCARTA_KERATINOCYTE_PATHWAY,0.03625171,0.633378933
BIOCARTA_TCRA_PATHWAY,1,1
BIOCARTA_LECTIN_PATHWAY,1,1
BIOCARTA_PYK2_PATHWAY,0.846101231,0.846101231
BIOCARTA_EGFR_SMRTE_PATHWAY,0.029411765,0.058139535
BIOCARTA_MAPK_PATHWAY,0.339261286,0.766757866
BIOCARTA_MCALPAIN_PATHWAY,0.614911081,0.166894665
BIOCARTA_PPARA_PATHWAY,0.003419973,0.004103967
BIOCARTA_ETS_PATHWAY,0.03625171,0.369357045
BIOCARTA_MONOCYTE_PATHWAY,1,1
BIOCARTA_MTOR_PATHWAY,0.785909713,0.216142271
BIOCARTA_IGF1R_PATHWAY,0.521887825,0.575239398
BIOCARTA_PITX2_PATHWAY,0.038303694,0.333105335
BIOCARTA_NGF_PATHWAY,0.095759234,0.751709986
BIOCARTA_VIP_PATHWAY,0.450752394,0.80369357
BIOCARTA_NFAT_PATHWAY,0.497948016,0.750341997
BIOCARTA_NTHI_PATHWAY,0.695622435,0.556771546
BIOCARTA_NFKB_PATHWAY,0.603967168,0.622435021
BIOCARTA_NOS1_PATHWAY,0.563611491,0.688098495
BIOCARTA_NO2IL12_PATHWAY,1,1
BIOCARTA_RARRXR_PATHWAY,0.451436389,0.452120383
BIOCARTA_NUCLEARRS_PATHWAY,1,1
BIOCARTA_ARENRF2_PATHWAY,0.07250342,0.404240766
BIOCARTA_P38MAPK_PATHWAY,0.772229822,0.494528044
BIOCARTA_P53_PATHWAY,0.261969904,0.193570451
BIOCARTA_PDGF_PATHWAY,0.277017784,0.821477428
BIOCARTA_CCR5_PATHWAY,0.086867305,0.742134063
BIOCARTA_PTDINS_PATHWAY,0.084131327,0.558139535
BIOCARTA_PLCE_PATHWAY,0.134062927,0.100547196
BIOCARTA_EDG1_PATHWAY,0.762653899,0.73119015
BIOCARTA_CDK5_PATHWAY,0.258549932,0.156634747
BIOCARTA_MYOSIN_PATHWAY,0.426128591,0.190834473
BIOCARTA_PLATELETAPP_PATHWAY,1,1
BIOCARTA_PS1_PATHWAY,0.10875513,0.019151847
BIOCARTA_PROTEASOME_PATHWAY,0.050615595,0.034199726
BIOCARTA_AKAPCENTROSOME_PATHWAY,0.420656635,0.549931601
BIOCARTA_PTEN_PATHWAY,0.649110807,0.646374829
BIOCARTA_RAB_PATHWAY,0.558139535,0.582763338
BIOCARTA_RAC1_PATHWAY,0.666894665,0.781121751
BIOCARTA_RAS_PATHWAY,0.7749658,0.690834473
BIOCARTA_NKCELLS_PATHWAY,0.794117647,0.714090287
BIOCARTA_RB_PATHWAY,0.31874145,0.162790698
BIOCARTA_CHREBP2_PATHWAY,0.195622435,0.692886457
BIOCARTA_BAD_PATHWAY,0.37619699,0.500683995
BIOCARTA_CK1_PATHWAY,0.632010944,0.198358413
BIOCARTA_EIF2_PATHWAY,0.718194254,0.466484268
BIOCARTA_EIF4_PATHWAY,0.809849521,0.658002736
BIOCARTA_STEM_PATHWAY,1,1
BIOCARTA_P27_PATHWAY,0.655266758,0.3625171
BIOCARTA_PGC1A_PATHWAY,0.415184679,0.804377565
BIOCARTA_PML_PATHWAY,0.558823529,0.083447332
BIOCARTA_DREAM_PATHWAY,0.042407661,0.506155951
BIOCARTA_LEPTIN_PATHWAY,0.035567715,0.025991792
BIOCARTA_RHO_PATHWAY,0.480164159,0.125170999
BIOCARTA_AKAP13_PATHWAY,0.549931601,0.189466484
BIOCARTA_ATRBRCA_PATHWAY,0.106019152,0.036935705
BIOCARTA_CARDIACEGF_PATHWAY,0.110807114,0.67373461
BIOCARTA_HER2_PATHWAY,0.405608755,0.352257182
BIOCARTA_ERK5_PATHWAY,0.212038304,0.447332421
BIOCARTA_MAL_PATHWAY,0.743502052,0.762653899
BIOCARTA_MEF2D_PATHWAY,0.593023256,0.683310534
BIOCARTA_MITOCHONDRIA_PATHWAY,0.292749658,0.432968536
BIOCARTA_ACH_PATHWAY,0.122435021,0.030095759
BIOCARTA_PARKIN_PATHWAY,0.093023256,0.554035568
BIOCARTA_CDC42RAC_PATHWAY,0.753077975,0.149110807
BIOCARTA_RANMS_PATHWAY,0.447332421,0.673050616
BIOCARTA_BARR_MAPK_PATHWAY,0.257181943,0.56497948
BIOCARTA_TOB1_PATHWAY,1,1
BIOCARTA_BARRESTIN_SRC_PATHWAY,0.186730506,0.597811218
BIOCARTA_NKT_PATHWAY,1,1
BIOCARTA_IL1R_PATHWAY,0.733242134,0.321477428
BIOCARTA_MET_PATHWAY,0.280437756,0.721614227
BIOCARTA_GPCR_PATHWAY,0.035567715,0.402188782
BIOCARTA_IGF1MTOR_PATHWAY,0.382352941,0.799589603
BIOCARTA_SODD_PATHWAY,0.017783858,0.041039672
BIOCARTA_SHH_PATHWAY,0.1374829,0.029411765
BIOCARTA_PTC1_PATHWAY,0.351573187,0.400136799
BIOCARTA_SPRY_PATHWAY,0.325581395,0.390560876
BIOCARTA_BARRESTIN_PATHWAY,0.11627907,0.201094391
BIOCARTA_STATHMIN_PATHWAY,0.368673051,0.183310534
BIOCARTA_HSP27_PATHWAY,0.342681259,0.317373461
BIOCARTA_TCR_PATHWAY,0.058823529,0.751709986
BIOCARTA_TCYTOTOXIC_PATHWAY,1,1
BIOCARTA_THELPER_PATHWAY,1,1
BIOCARTA_TALL1_PATHWAY,0.044459644,0.046511628
BIOCARTA_TEL_PATHWAY,0.545143639,0.759917921
BIOCARTA_TGFB_PATHWAY,0.073187415,0.332421341
BIOCARTA_TH1TH2_PATHWAY,1,1
BIOCARTA_41BB_PATHWAY,0.214090287,0.331053352
BIOCARTA_KREB_PATHWAY,0.521887825,0.041039672
BIOCARTA_CTLA4_PATHWAY,1,1
BIOCARTA_LONGEVITY_PATHWAY,0.096443228,0.681942544
BIOCARTA_SARS_PATHWAY,0.365937073,0.576607387
BIOCARTA_PAR1_PATHWAY,0.69493844,0.741450068
BIOCARTA_STRESS_PATHWAY,0.619699042,0.709302326
BIOCARTA_TNFR1_PATHWAY,0.644322845,0.817373461
BIOCARTA_TNFR2_PATHWAY,0.326949384,0.586183311
BIOCARTA_TOLL_PATHWAY,0.085499316,0.76744186
BIOCARTA_TPO_PATHWAY,0.193570451,0.727770178
BIOCARTA_CREB_PATHWAY,0.160738714,0.105335157
BIOCARTA_CARM1_PATHWAY,0.122435021,0.021887825
BIOCARTA_TFF_PATHWAY,0.440492476,0.17373461
BIOCARTA_TRKA_PATHWAY,0.055403557,0.052667579
BIOCARTA_ARF_PATHWAY,0.160738714,0.158686731
BIOCARTA_UCALPAIN_PATHWAY,0.446648427,0.175102599
BIOCARTA_VEGF_PATHWAY,0.712038304,0.798221614
BIOCARTA_VITCB_PATHWAY,1,1
BIOCARTA_WNT_PATHWAY,0.540355677,0.179890561
BIOCARTA_ACTINY_PATHWAY,0.328317373,0.437756498
ST_INTERFERON_GAMMA_PATHWAY,0.294117647,0.010943912
ST_WNT_CA2_CYCLIC_GMP_PATHWAY,0.02872777,0.164842681
ST_DIFFERENTIATION_PATHWAY_IN_PC12_CELLS,0.704514364,0.056771546
ST_TUMOR_NECROSIS_FACTOR_PATHWAY,0.175786594,0.223666211
SA_B_CELL_RECEPTOR_COMPLEXES,0.107387141,0.532147743
ST_ERK1_ERK2_MAPK_PATHWAY,0.780437756,0.400820793
SIG_CD40PATHWAYMAP,0.110123119,0.44254446
SIG_PIP3_SIGNALING_IN_CARDIAC_MYOCTES,0.805745554,0.838577291
SA_CASPASE_CASCADE,0.189466484,0.207934337
ST_GA12_PATHWAY,0.476060192,0.253077975
ST_G_ALPHA_S_PATHWAY,0.29001368,0.221614227
ST_G_ALPHA_I_PATHWAY,0.655266758,0.277701778
SIG_CHEMOTAXIS,0.728454172,0.325581395
ST_IL_13_PATHWAY,1,1
ST_P38_MAPK_PATHWAY,0.777701778,0.73119015
SIG_IL4RECEPTOR_IN_B_LYPHOCYTES,0.663474692,0.680574555
WNT_SIGNALING,0.556771546,0.846785226
ST_JAK_STAT_PATHWAY,0.021887825,0.038987688
SIG_REGULATION_OF_THE_ACTIN_CYTOSKELETON_BY_RHO_GTPASES,0.790697674,0.610807114
ST_GRANULE_CELL_SURVIVAL_PATHWAY,0.324897401,0.825581395
ST_ADRENERGIC,0.218194254,0.379616963
ST_INTEGRIN_SIGNALING_PATHWAY,0.821477428,0.495212038
ST_GAQ_PATHWAY,0.144322845,0.456908345
ST_GA13_PATHWAY,0.787961696,0.794801642
ST_STAT3_PATHWAY,0.192886457,0.164158687
SA_FAS_SIGNALING,1,1
SA_G1_AND_S_PHASES,0.10875513,0.241450068
SIG_INSULIN_RECEPTOR_PATHWAY_IN_CARDIAC_MYOCYTES,0.656634747,0.309849521
ST_T_CELL_SIGNAL_TRANSDUCTION,0.699726402,0.825581395
ST_TYPE_I_INTERFERON_PATHWAY,0.041723666,0.027359781
ST_PAC1_RECEPTOR_PATHWAY,1,1
SIG_PIP3_SIGNALING_IN_B_LYMPHOCYTES,0.663474692,0.703830369
SIG_BCR_SIGNALING_PATHWAY,0.802325581,0.438440492
SA_G2_AND_M_PHASES,0.0875513,0.280437756
ST_B_CELL_ANTIGEN_RECEPTOR,0.399452804,0.751709986
ST_INTERLEUKIN_4_PATHWAY,0.496580027,0.334473324
ST_WNT_BETA_CATENIN_PATHWAY,0.200410397,0.788645691
SA_MMP_CYTOKINE_CONNECTION,1,1
ST_JNK_MAPK_PATHWAY,0.083447332,0.699726402
SA_PROGRAMMED_CELL_DEATH,0.113543092,0.101915185
ST_FAS_SIGNALING_PATHWAY,0.512995896,0.734610123
ST_MYOCYTE_AD_PATHWAY,0.20246238,0.234610123
SA_PTEN_PATHWAY,0.394664843,0.604651163
SA_REG_CASCADE_OF_CYCLIN_EXPR,1,1
SA_TRKA_RECEPTOR,0.700410397,0.622435021
ST_PHOSPHOINOSITIDE_3_KINASE_PATHWAY,0.525991792,0.580711354
PID_FANCONI_PATHWAY,0.714090287,0.770177839
PID_SMAD2_3NUCLEAR_PATHWAY,0.060875513,0.831737346
PID_FCER1_PATHWAY,0.060191518,0.7749658
PID_ENDOTHELIN_PATHWAY,0.143638851,0.519151847
PID_BCR_5PATHWAY,0.159370725,0.724350205
PID_PRL_SIGNALING_EVENTS_PATHWAY,0.542407661,0.354309166
PID_RHOA_PATHWAY,0.727086183,0.190150479
PID_ERBB4_PATHWAY,0.238030096,0.294801642
PID_AURORA_B_PATHWAY,0.23871409,0.57250342
PID_LYSOPHOSPHOLIPID_PATHWAY,0.02120383,0.788645691
PID_INSULIN_PATHWAY,0.071135431,0.043091655
PID_NOTCH_PATHWAY,0.722982216,0.71751026
PID_INTEGRIN1_PATHWAY,0.736662107,0.595759234
PID_P73PATHWAY,0.849521204,0.832421341
PID_P38_MKK3_6PATHWAY,0.73119015,0.802325581
PID_GMCSF_PATHWAY,0.183310534,0.794801642
PID_WNT_NONCANONICAL_PATHWAY,0.191518468,0.399452804
PID_NFKAPPAB_ATYPICAL_PATHWAY,0.700410397,0.66005472
PID_IL4_2PATHWAY,0.145690834,0.554035568
PID_HDAC_CLASSII_PATHWAY,0.654582763,0.796853625
PID_BETA_CATENIN_DEG_PATHWAY,0.138850889,0.479480164
PID_HDAC_CLASSIII_PATHWAY,0.285225718,0.798905609
PID_GLYPICAN_1PATHWAY,0.685362517,0.531463748
PID_TCR_PATHWAY,0.032831737,0.804377565
PID_IL27_PATHWAY,0.514363885,0.5
PID_NFKAPPAB_CANONICAL_PATHWAY,0.711354309,0.170998632
PID_E2F_PATHWAY,0.73119015,0.188098495
PID_ER_NONGENOMIC_PATHWAY,0.837209302,0.837209302
PID_DNA_PK_PATHWAY,0.647742818,0.663474692
PID_HIF2PATHWAY,0.24623803,0.156634747
PID_CD40_PATHWAY,0.590287278,0.266757866
PID_ATR_PATHWAY,0.356361149,0.785909713
PID_INTEGRIN_CS_PATHWAY,0.134746922,0.506839945
PID_MET_PATHWAY,0.334473324,0.813953488
PID_PTP1B_PATHWAY,0.033515732,0.027359781
PID_INTEGRIN3_PATHWAY,0.816689466,0.733926129
PID_IL12_2PATHWAY,0.186046512,0.488372093
PID_S1P_S1P3_PATHWAY,0.649794802,0.803009576
PID_LPA4_PATHWAY,0.015731874,0.058823529
PID_AR_PATHWAY,0.363885089,0.248974008
PID_NFAT_TFPATHWAY,0.133378933,0.814637483
PID_EPHB_FWD_PATHWAY,0.038303694,0.828317373
PID_AVB3_OPN_PATHWAY,0.058139535,0.466484268
PID_S1P_S1P4_PATHWAY,0.649794802,0.517099863
PID_FRA_PATHWAY,0.755129959,0.385772914
PID_MYC_ACTIV_PATHWAY,0.710670315,0.693570451
PID_ARF6_TRAFFICKING_PATHWAY,0.023939808,0.014363885
PID_RHOA_REG_PATHWAY,0.316005472,0.545143639
PID_REELIN_PATHWAY,0.715458276,0.241450068
PID_PS1_PATHWAY,0.067715458,0.701778386
PID_ILK_PATHWAY,0.787277702,0.531463748
PID_NECTIN_PATHWAY,0.026675787,0.685362517
PID_P38_ALPHA_BETA_PATHWAY,0.824897401,0.81874145
PID_WNT_SIGNALING_PATHWAY,0.136114911,0.040355677
PID_TRAIL_PATHWAY,0.575239398,0.603967168
PID_CDC42_PATHWAY,0.76128591,0.664158687
PID_RET_PATHWAY,0.19493844,0.658686731
PID_CDC42_REG_PATHWAY,0.294801642,0.68878249
PID_ATM_PATHWAY,0.567715458,0.135430917
PID_ARF6_PATHWAY,0.5875513,0.214774282
PID_LKB1_PATHWAY,0.545143639,0.616963064
PID_CD8_TCR_PATHWAY,0.777017784,0.141586867
PID_WNT_CANONICAL_PATHWAY,0.424760602,0.329685363
PID_TCPTP_PATHWAY,0.095075239,0.030095759
PID_ANGIOPOIETIN_RECEPTOR_PATHWAY,0.355677155,0.639534884
PID_FAS_PATHWAY,0.510259918,0.15253078
PID_CIRCADIAN_PATHWAY,0.302325581,0.086867305
PID_TXA2PATHWAY,0.768125855,0.724350205
PID_SHP2_PATHWAY,0.830369357,0.458960328
PID_HDAC_CLASSI_PATHWAY,0.815321477,0.195622435
PID_S1P_S1P1_PATHWAY,0.594391245,0.618331053
PID_TELOMERASE_PATHWAY,0.234610123,0.590971272
PID_HNF3B_PATHWAY,1,0.056087551
PID_NETRIN_PATHWAY,0.081395349,0.729822161
PID_IL1_PATHWAY,0.415868673,0.777701778
PID_NFAT_3PATHWAY,0.313269494,0.254445964
PID_REG_GR_PATHWAY,0.197674419,0.551983584
PID_CONE_PATHWAY,0,0
PID_INTEGRIN_A9B1_PATHWAY,0.481532148,0.738030096
PID_ERB_GENOMIC_PATHWAY,0.508891929,0.068399453
PID_ARF6_DOWNSTREAM_PATHWAY,0.34746922,0.740766074
PID_MTOR_4PATHWAY,0.647742818,0.199042408
PID_IL2_1PATHWAY,0.149794802,0.841997264
PID_CXCR4_PATHWAY,0.532831737,0.324213406
PID_IGF1_PATHWAY,0.620383037,0.673050616
PID_ERBB1_RECEPTOR_PROXIMAL_PATHWAY,0.799589603,0.445280438
PID_TNF_PATHWAY,0.136114911,0.766757866
PID_PLK1_PATHWAY,0.567031464,0.586183311
PID_TCR_RAS_PATHWAY,0.103283174,0.218194254
PID_IL5_PATHWAY,0.541723666,0.175786594
PID_FOXO_PATHWAY,0.295485636,0.545827633
PID_VEGF_VEGFR_PATHWAY,1,1
PID_THROMBIN_PAR4_PATHWAY,0.631326949,0.642270862
PID_MYC_PATHWAY,0.607387141,0.497948016
PID_RANBP2_PATHWAY,0.207934337,0.62380301
PID_PI3KCI_PATHWAY,0.086183311,0.512995896
PID_AJDISS_2PATHWAY,0.619015048,0.685362517
PID_IL2_PI3K_PATHWAY,0.568399453,0.820793434
PID_CERAMIDE_PATHWAY,0.792749658,0.819425445
PID_P53_DOWNSTREAM_PATHWAY,0.179890561,0.216826265
PID_AR_TF_PATHWAY,0.822161423,0.685362517
PID_P75_NTR_PATHWAY,0.330369357,0.76744186
PID_S1P_META_PATHWAY,0.479480164,0.118331053
PID_ECADHERIN_NASCENT_AJ_PATHWAY,0.68125855,0.641586867
PID_INTEGRIN4_PATHWAY,1,1
PID_AMB2_NEUTROPHILS_PATHWAY,0.586867305,0.762653899
PID_AVB3_INTEGRIN_PATHWAY,0.80506156,0.831053352
PID_IFNG_PATHWAY,0.819425445,0.765389877
PID_RXR_VDR_PATHWAY,0.436388509,0.222982216
PID_LIS1_PATHWAY,0.050615595,0.134746922
PID_ERBB1_DOWNSTREAM_PATHWAY,0.01504788,0.233926129
PID_SYNDECAN_4_PATHWAY,0.68878249,0.762653899
PID_ATF2_PATHWAY,0.004787962,0.010943912
PID_AP1_PATHWAY,0.418604651,0.520519836
PID_INTEGRIN2_PATHWAY,0.20998632,0.103283174
PID_UPA_UPAR_PATHWAY,0.519835841,0.663474692
PID_ERBB2_ERBB3_PATHWAY,0.582763338,0.846785226
PID_FOXM1_PATHWAY,0.092339261,0.800957592
PID_EPHA_FWDPATHWAY,0.7250342,0.149110807
PID_HIF1A_PATHWAY,0.785909713,0.687414501
PID_BMP_PATHWAY,0.165526676,0.780437756
PID_IL3_PATHWAY,0.716142271,0.7749658
PID_IL6_7_PATHWAY,0.060191518,0.422708618
PID_ECADHERIN_KERATINOCYTE_PATHWAY,0.43502052,0.690834473
PID_ALK1_PATHWAY,0.168262654,0.529411765
PID_PDGFRB_PATHWAY,0.112859097,0.740766074
PID_TRKR_PATHWAY,0.040355677,0.720246238
PID_TCR_JNK_PATHWAY,0.091655267,0.580711354
PID_NEPHRIN_NEPH1_PATHWAY,0.564295486,0.756497948
PID_CMYB_PATHWAY,0.840629275,0.716142271
PID_IL23_PATHWAY,0.638850889,0.097811218
PID_HIV_NEF_PATHWAY,0.591655267,0.421340629
PID_SYNDECAN_1_PATHWAY,0.177154583,0.649794802
PID_P38_MK2_PATHWAY,0.299589603,0.614227086
PID_ERA_GENOMIC_PATHWAY,0.191518468,0.584815321
PID_ERBB_NETWORK_PATHWAY,1,1
PID_ALK2_PATHWAY,0.017099863,0.027359781
PID_RHODOPSIN_PATHWAY,1,1
PID_PDGFRA_PATHWAY,0.157318741,0.765389877
PID_RETINOIC_ACID_PATHWAY,0.230506156,0.465800274
PID_P38_GAMMA_DELTA_PATHWAY,0.056087551,0.044459644
PID_IL8_CXCR2_PATHWAY,0.74623803,0.727086183
PID_HEDGEHOG_2PATHWAY,0.278385773,0.28248974
PID_INTEGRIN5_PATHWAY,0.340629275,0.464432285
PID_AR_NONGENOMIC_PATHWAY,0.174418605,0.742818057
PID_ERBB1_INTERNALIZATION_PATHWAY,0.058823529,0.675102599
PID_HEDGEHOG_GLI_PATHWAY,0.677838577,0.831737346
PID_CASPASE_PATHWAY,0.592339261,0.849521204
PID_CXCR3_PATHWAY,0.565663475,0.638850889
PID_BETA_CATENIN_NUC_PATHWAY,0.400820793,0.413132695
PID_VEGFR1_PATHWAY,0.718878249,0.7250342
PID_SMAD2_3PATHWAY,0.575923393,0.114227086
PID_P38_ALPHA_BETA_DOWNSTREAM_PATHWAY,0.846785226,0.800957592
PID_KIT_PATHWAY,0.804377565,0.712722298
PID_ECADHERIN_STABILIZATION_PATHWAY,0.765389877,0.493160055
PID_EPO_PATHWAY,0.742818057,0.521887825
PID_IL2_STAT5_PATHWAY,0.208618331,0.180574555
PID_TCR_CALCIUM_PATHWAY,0.066347469,0.596443228
PID_DELTA_NP63_PATHWAY,0.673050616,0.311901505
PID_VEGFR1_2_PATHWAY,0.448016416,0.15253078
PID_THROMBIN_PAR1_PATHWAY,0.764021888,0.79001368
PID_A6B1_A6B4_INTEGRIN_PATHWAY,0.545143639,0.23871409
PID_SYNDECAN_2_PATHWAY,0.808481532,0.588919289
PID_RAC1_REG_PATHWAY,0.567031464,0.269493844
PID_AURORA_A_PATHWAY,0.619699042,0.134062927
PID_ARF_3PATHWAY,0.151162791,0.640218878
PID_INSULIN_GLUCOSE_PATHWAY,0.020519836,0.009575923
PID_PI3KCI_AKT_PATHWAY,0.525991792,0.624487004
PID_SYNDECAN_3_PATHWAY,0.516415869,0.419288646
PID_IL8_CXCR1_PATHWAY,0.314637483,0.657318741
PID_MYC_REPRESS_PATHWAY,0.407660739,0.845417237
PID_HIF1_TFPATHWAY,0.041039672,0.168946648
PID_TAP63_PATHWAY,0.766073871,0.426812585
PID_EPHRINB_REV_PATHWAY,0.604651163,0.642954856
PID_BARD1_PATHWAY,0.272913817,0.532831737
PID_P53_REGULATION_PATHWAY,0.791381669,0.579343365
PID_TOLL_ENDOGENOUS_PATHWAY,0.645690834,0.504787962
PID_NCADHERIN_PATHWAY,0.389192886,0.058823529
PID_ANTHRAX_PATHWAY,0.091655267,0.018467852
PID_S1P_S1P2_PATHWAY,0.172366621,0.838577291
PID_RAS_PATHWAY,0.183310534,0.749658003
PID_MAPK_TRK_PATHWAY,0.278385773,0.764705882
PID_PI3K_PLC_TRK_PATHWAY,0.779069767,0.698358413
PID_CD8_TCR_DOWNSTREAM_PATHWAY,0.262653899,0.246922025
PID_EPHA2_FWD_PATHWAY,0.615595075,0.764705882
PID_LYMPH_ANGIOGENESIS_PATHWAY,0.465116279,0.530779754
PID_ALPHA_SYNUCLEIN_PATHWAY,0.079343365,0.140218878
PID_FGF_PATHWAY,0.374145007,0.83378933
PID_INTEGRIN_A4B1_PATHWAY,0.839261286,0.772229822
PID_RAC1_PATHWAY,0.614227086,0.632694938
PID_RB_1PATHWAY,0.589603283,0.795485636
PID_FAK_PATHWAY,0.207250342,0.645690834
PID_HNF3A_PATHWAY,0.000683995,0.829685363
PID_TGFBR_PATHWAY,0.79001368,0.409028728
PID_HES_HEY_PATHWAY,0.792065663,0.828317373
PID_IL12_STAT4_PATHWAY,0.154582763,0.76128591
REACTOME_GLYCOGEN_BREAKDOWN_GLYCOGENOLYSIS,0.473324213,0.5875513
REACTOME_TRANSLATION,0.651162791,0.530095759
REACTOME_PYRIMIDINE_CATABOLISM,1,1
REACTOME_RNA_POL_III_TRANSCRIPTION_INITIATION_FROM_TYPE_2_PROMOTER,0.639534884,0.784541724
REACTOME_INHIBITION_OF_THE_PROTEOLYTIC_ACTIVITY_OF_APC_C_REQUIRED_FOR_THE_ONSET_OF_ANAPHASE_BY_MITOTIC_SPINDLE_CHECKPOINT_COMPONENTS,0.140902873,0.110807114
REACTOME_PYRUVATE_METABOLISM_AND_CITRIC_ACID_TCA_CYCLE,0.804377565,0.773597811
REACTOME_EXTRINSIC_PATHWAY_FOR_APOPTOSIS,0.003419973,0.337209302
REACTOME_PTM_GAMMA_CARBOXYLATION_HYPUSINE_FORMATION_AND_ARYLSULFATASE_ACTIVATION,0.103967168,0.522571819
REACTOME_APOPTOTIC_CLEAVAGE_OF_CELLULAR_PROTEINS,0.366621067,0.697674419
REACTOME_RNA_POL_I_TRANSCRIPTION_TERMINATION,0.085499316,0.471956224
REACTOME_FORMATION_OF_THE_TERNARY_COMPLEX_AND_SUBSEQUENTLY_THE_43S_COMPLEX,0.805745554,0.489056088
REACTOME_ACTIVATION_OF_THE_PRE_REPLICATIVE_COMPLEX,0.495896033,0.075239398
REACTOME_PROCESSING_OF_INTRONLESS_PRE_MRNAS,0.122435021,0.617647059
REACTOME_GAP_JUNCTION_DEGRADATION,0.320109439,0.162790698
REACTOME_BASE_EXCISION_REPAIR,0.606703146,0.063611491
REACTOME_BILE_ACID_AND_BILE_SALT_METABOLISM,0.316689466,0.018467852
REACTOME_SYNTHESIS_OF_BILE_ACIDS_AND_BILE_SALTS_VIA_7ALPHA_HYDROXYCHOLESTEROL,0.221614227,0.017783858
REACTOME_RECYCLING_OF_BILE_ACIDS_AND_SALTS,1,1
REACTOME_SIGNALING_BY_RHO_GTPASES,0.1374829,0.754445964
REACTOME_SIGNALING_BY_WNT,0.025991792,0.010943912
REACTOME_METABOLISM_OF_NON_CODING_RNA,0.584131327,0.835157319
REACTOME_SYNTHESIS_OF_BILE_ACIDS_AND_BILE_SALTS_VIA_24_HYDROXYCHOLESTEROL,0.008891929,0.005471956
REACTOME_SYNTHESIS_OF_BILE_ACIDS_AND_BILE_SALTS,0.277017784,0.016415869
REACTOME_METABOLISM_OF_STEROID_HORMONES_AND_VITAMINS_A_AND_D,0.3625171,0.422024624
REACTOME_ANDROGEN_BIOSYNTHESIS,1,1
REACTOME_SIGNALLING_BY_NGF,0.133378933,0.149794802
REACTOME_CTNNB1_PHOSPHORYLATION_CASCADE,0.013679891,0.103283174
REACTOME_INSULIN_RECEPTOR_RECYCLING,0.017099863,0.008891929
REACTOME_COPI_MEDIATED_TRANSPORT,0.213406293,0.097127223
REACTOME_NEF_MEDIATED_DOWNREGULATION_OF_MHC_CLASS_I_COMPLEX_CELL_SURFACE_EXPRESSION,0.670998632,0.093023256
REACTOME_SIGNALING_BY_SCF_KIT,0.794801642,0.719562244
REACTOME_DEVELOPMENTAL_BIOLOGY,0.077975376,0.008207934
REACTOME_CROSS_PRESENTATION_OF_SOLUBLE_EXOGENOUS_ANTIGENS_ENDOSOMES,0.048563611,0.045827633
REACTOME_SIGNALING_BY_NODAL,0.054035568,0.029411765
REACTOME_DAG_AND_IP3_SIGNALING,0.703830369,0.739398085
REACTOME_SPRY_REGULATION_OF_FGF_SIGNALING,0.305745554,0.803009576
REACTOME_TCA_CYCLE_AND_RESPIRATORY_ELECTRON_TRANSPORT,0.201778386,0.37004104
REACTOME_BMAL1_CLOCK_NPAS2_ACTIVATES_CIRCADIAN_EXPRESSION,0.709302326,0.562927497
REACTOME_ANTIGEN_PROCESSING_CROSS_PRESENTATION,0.090971272,0.512995896
REACTOME_GROWTH_HORMONE_RECEPTOR_SIGNALING,0.363201094,0.39124487
REACTOME_TRIF_MEDIATED_TLR3_SIGNALING,0.005471956,0.760601915
REACTOME_CELL_CELL_COMMUNICATION,0.833105335,0.061559508
REACTOME_ABCA_TRANSPORTERS_IN_LIPID_HOMEOSTASIS,0.013679891,0.015731874
REACTOME_ENDOSOMAL_VACUOLAR_PATHWAY,0.688098495,0.264021888
REACTOME_TETRAHYDROBIOPTERIN_BH4_SYNTHESIS_RECYCLING_SALVAGE_AND_REGULATION,0.105335157,0.762653899
REACTOME_ER_PHAGOSOME_PATHWAY,0.054035568,0.33994528
REACTOME_MEIOSIS,0.821477428,0.560875513
REACTOME_NEGATIVE_REGULATION_OF_FGFR_SIGNALING,0.268125855,0.813953488
REACTOME_G0_AND_EARLY_G1,0.227770178,0.156634747
REACTOME_REGULATION_OF_KIT_SIGNALING,0.138850889,0.382352941
REACTOME_MEMBRANE_TRAFFICKING,0.371409029,0.125854993
REACTOME_NEF_MEDIATES_DOWN_MODULATION_OF_CELL_SURFACE_RECEPTORS_BY_RECRUITING_THEM_TO_CLATHRIN_ADAPTERS,0.350205198,0.518467852
REACTOME_IMMUNOREGULATORY_INTERACTIONS_BETWEEN_A_LYMPHOID_AND_A_NON_LYMPHOID_CELL,0.832421341,0.548563611
REACTOME_ACTIVATED_AMPK_STIMULATES_FATTY_ACID_OXIDATION_IN_MUSCLE,0.067715458,0.044459644
REACTOME_VITAMIN_B5_PANTOTHENATE_METABOLISM,0.192886457,0.02120383
REACTOME_BOTULINUM_NEUROTOXICITY,0.093023256,0.034199726
REACTOME_METABOLISM_OF_VITAMINS_AND_COFACTORS,0.720930233,0.324897401
REACTOME_TRANS_GOLGI_NETWORK_VESICLE_BUDDING,0.205882353,0.525991792
REACTOME_PROTEOLYTIC_CLEAVAGE_OF_SNARE_COMPLEX_PROTEINS,0.088235294,0.032147743
REACTOME_RESOLUTION_OF_AP_SITES_VIA_THE_MULTIPLE_NUCLEOTIDE_PATCH_REPLACEMENT_PATHWAY,0.3625171,0.020519836
REACTOME_GAMMA_CARBOXYLATION_TRANSPORT_AND_AMINO_TERMINAL_CLEAVAGE_OF_PROTEINS,0.012995896,0.067031464
REACTOME_IL_7_SIGNALING,0.053351573,0.036935705
REACTOME_CELL_CYCLE,0.198358413,0.423392613
REACTOME_SIGNALING_BY_ERBB4,0.603967168,0.219562244
REACTOME_ORC1_REMOVAL_FROM_CHROMATIN,0.058823529,0.027359781
REACTOME_O_LINKED_GLYCOSYLATION_OF_MUCINS,0.200410397,0.58002736
REACTOME_SULFUR_AMINO_ACID_METABOLISM,0.194254446,0.538303694
REACTOME_DOWNREGULATION_OF_ERBB2_ERBB3_SIGNALING,0.726402189,0.491792066
REACTOME_ANTIVIRAL_MECHANISM_BY_IFN_STIMULATED_GENES,0.257181943,0.683994528
REACTOME_PROLACTIN_RECEPTOR_SIGNALING,0.353625171,0.524623803
REACTOME_SIGNALING_BY_ERBB2,0.842681259,0.846785226
REACTOME_SPHINGOLIPID_DE_NOVO_BIOSYNTHESIS,0.653898769,0.530095759
REACTOME_TERMINATION_OF_O_GLYCAN_BIOSYNTHESIS,1,0.046511628
REACTOME_DEFENSINS,1,1
REACTOME_SIGNALING_BY_CONSTITUTIVELY_ACTIVE_EGFR,0.67373461,0.770861833
REACTOME_GRB2_EVENTS_IN_ERBB2_SIGNALING,0.733926129,0.510943912
REACTOME_SIGNALING_BY_EGFR_IN_CANCER,0.679206566,0.826949384
REACTOME_MEMBRANE_BINDING_AND_TARGETTING_OF_GAG_PROTEINS,0.744870041,0.779069767
REACTOME_BETA_DEFENSINS,1,1
REACTOME_SRP_DEPENDENT_COTRANSLATIONAL_PROTEIN_TARGETING_TO_MEMBRANE,0.584131327,0.458276334
REACTOME_PI3K_EVENTS_IN_ERBB4_SIGNALING,0.345417237,0.283857729
REACTOME_SHC1_EVENTS_IN_ERBB4_SIGNALING,0.737346101,0.588235294
REACTOME_PI3K_EVENTS_IN_ERBB2_SIGNALING,0.450068399,0.445964432
REACTOME_NUCLEAR_SIGNALING_BY_ERBB4,0.408344733,0.391928865
REACTOME_GLYCOSPHINGOLIPID_METABOLISM,0.763337893,0.041039672
REACTOME_PPARA_ACTIVATES_GENE_EXPRESSION,0.614227086,0.065663475
REACTOME_ASSOCIATION_OF_LICENSING_FACTORS_WITH_THE_PRE_REPLICATIVE_COMPLEX,0.729138167,0.032147743
REACTOME_RIP_MEDIATED_NFKB_ACTIVATION_VIA_DAI,0.662790698,0.21751026
REACTOME_PRE_NOTCH_TRANSCRIPTION_AND_TRANSLATION,0.139534884,0.497264022
REACTOME_DEGRADATION_OF_THE_EXTRACELLULAR_MATRIX,0.121751026,0.060191518
REACTOME_MITOCHONDRIAL_PROTEIN_IMPORT,0.558823529,0.740766074
REACTOME_SIGNALING_BY_HIPPO,0.207934337,0.757865937
REACTOME_ACTIVATED_NOTCH1_TRANSMITS_SIGNAL_TO_THE_NUCLEUS,0.301641587,0.561559508
REACTOME_TRAFFICKING_AND_PROCESSING_OF_ENDOSOMAL_TLR,1,1
REACTOME_SIGNALING_BY_NOTCH4,0.199042408,0.028043776
REACTOME_DOWNSTREAM_SIGNALING_EVENTS_OF_B_CELL_RECEPTOR_BCR,0.043091655,0.230506156
REACTOME_ACTIVATION_OF_NF_KAPPAB_IN_B_CELLS,0.056771546,0.025307798
REACTOME_RORA_ACTIVATES_CIRCADIAN_EXPRESSION,0.201778386,0.468536252
REACTOME_ANTIGEN_ACTIVATES_B_CELL_RECEPTOR_LEADING_TO_GENERATION_OF_SECOND_MESSENGERS,0.640902873,0.755813953
REACTOME_REGULATION_OF_COMPLEMENT_CASCADE,1,1
REACTOME_YAP1_AND_WWTR1_TAZ_STIMULATED_GENE_EXPRESSION,0.16005472,0.233242134
REACTOME_SIGNALING_BY_NOTCH2,0.23255814,0.037619699
REACTOME_PRE_NOTCH_EXPRESSION_AND_PROCESSING,0.632694938,0.348837209
REACTOME_SIGNALING_BY_THE_B_CELL_RECEPTOR_BCR,0.056087551,0.221614227
REACTOME_EXTRACELLULAR_MATRIX_ORGANIZATION,0.287961696,0.089603283
REACTOME_NOTCH1_INTRACELLULAR_DOMAIN_REGULATES_TRANSCRIPTION,0.103967168,0.530779754
REACTOME_CIRCADIAN_REPRESSION_OF_EXPRESSION_BY_REV_ERBA,0.149794802,0.134062927
REACTOME_PRE_NOTCH_PROCESSING_IN_GOLGI,0.512311902,0.023939808
REACTOME_SIGNALING_BY_NOTCH1,0.644322845,0.292065663
REACTOME_SIGNALING_BY_NOTCH3,0.203830369,0.030779754
REACTOME_TRIGLYCERIDE_BIOSYNTHESIS,0.350889193,0.725718194
REACTOME_INSULIN_RECEPTOR_SIGNALLING_CASCADE,0.056771546,0.019835841
REACTOME_ARMS_MEDIATED_ACTIVATION,0.305745554,0.12380301
REACTOME_PROLONGED_ERK_ACTIVATION_EVENTS,0.396716826,0.12995896
REACTOME_SIGNALLING_TO_RAS,0.757865937,0.142954856
REACTOME_SIGNALING_BY_BMP,0.056771546,0.151162791
REACTOME_CELL_SURFACE_INTERACTIONS_AT_THE_VASCULAR_WALL,0.76880985,0.162790698
REACTOME_NGF_SIGNALLING_VIA_TRKA_FROM_THE_PLASMA_MEMBRANE,0.078659371,0.514363885
REACTOME_SIGNALLING_TO_ERKS,0.654582763,0.376880985
REACTOME_P38MAPK_EVENTS,0.251709986,0.073187415
REACTOME_ACYL_CHAIN_REMODELLING_OF_PI,0.004103967,0.032147743
REACTOME_TGF_BETA_RECEPTOR_SIGNALING_IN_EMT_EPITHELIAL_TO_MESENCHYMAL_TRANSITION,0.81121751,0.817373461
REACTOME_DOWNREGULATION_OF_TGF_BETA_RECEPTOR_SIGNALING,0.793433653,0.677154583
REACTOME_COLLAGEN_FORMATION,0.346785226,0.210670315
REACTOME_SMAD2_SMAD3_SMAD4_HETEROTRIMER_REGULATES_TRANSCRIPTION,0.799589603,0.822845417
REACTOME_SIGNALING_BY_FGFR_IN_DISEASE,0.287277702,0.837893297
REACTOME_HS_GAG_DEGRADATION,0.224350205,0.258549932
REACTOME_SYNTHESIS_OF_PIPS_AT_THE_EARLY_ENDOSOME_MEMBRANE,0.030095759,0.010259918
REACTOME_SIGNALLING_TO_P38_VIA_RIT_AND_RIN,0.473324213,0.222298222
REACTOME_P53_INDEPENDENT_G1_S_DNA_DAMAGE_CHECKPOINT,0.019835841,0.021887825
REACTOME_REGULATION_OF_HYPOXIA_INDUCIBLE_FACTOR_HIF_BY_OXYGEN,0.787961696,0.785909713
REACTOME_ACYL_CHAIN_REMODELLING_OF_PC,0.310533516,0.158686731
REACTOME_SYNTHESIS_OF_PIPS_AT_THE_GOLGI_MEMBRANE,0.071135431,0.193570451
REACTOME_TGF_BETA_RECEPTOR_SIGNALING_ACTIVATES_SMADS,0.766073871,0.588919289
REACTOME_ACTIVATED_POINT_MUTANTS_OF_FGFR2,1,1
REACTOME_PHOSPHOLIPID_METABOLISM,0.371409029,0.024623803
REACTOME_CS_DS_DEGRADATION,1,1
REACTOME_SYNTHESIS_OF_PA,0.235978112,0.080711354
REACTOME_OXYGEN_DEPENDENT_PROLINE_HYDROXYLATION_OF_HYPOXIA_INDUCIBLE_FACTOR_ALPHA,0.816005472,0.724350205
REACTOME_SYNTHESIS_OF_PIPS_AT_THE_LATE_ENDOSOME_MEMBRANE,0.013679891,0.00752394
REACTOME_SYNTHESIS_OF_PE,0.04377565,0.069083447
REACTOME_GASTRIN_CREB_SIGNALLING_PATHWAY_VIA_PKC_AND_MAPK,0.264705882,0.008891929
REACTOME_CHONDROITIN_SULFATE_BIOSYNTHESIS,0.182626539,0.097811218
REACTOME_HYALURONAN_UPTAKE_AND_DEGRADATION,0.110807114,0.179890561
REACTOME_SIGNALING_BY_FGFR1_MUTANTS,0.299589603,0.410396717
REACTOME_SYNTHESIS_OF_PIPS_AT_THE_PLASMA_MEMBRANE,0.153898769,0.128590971
REACTOME_THE_ACTIVATION_OF_ARYLSULFATASES,0.010259918,0.047195622
REACTOME_TRANSCRIPTIONAL_ACTIVITY_OF_SMAD2_SMAD3_SMAD4_HETEROTRIMER,0.610123119,0.770861833
REACTOME_HYALURONAN_METABOLISM,0.33994528,0.132694938
REACTOME_DOWNREGULATION_OF_SMAD2_3_SMAD4_TRANSCRIPTIONAL_ACTIVITY,0.715458276,0.831737346
REACTOME_KERATAN_SULFATE_BIOSYNTHESIS,0.149794802,0.20998632
REACTOME_REVERSIBLE_HYDRATION_OF_CARBON_DIOXIDE,1,1
REACTOME_SIGNALING_BY_FGFR1_FUSION_MUTANTS,0.191518468,0.280437756
REACTOME_ALPHA_LINOLENIC_ACID_ALA_METABOLISM,0.540355677,0.090287278
REACTOME_SIGNALING_BY_ACTIVATED_POINT_MUTANTS_OF_FGFR1,1,1
REACTOME_PI_METABOLISM,0.551983584,0.735978112
REACTOME_ABACAVIR_TRANSPORT_AND_METABOLISM,1,1
REACTOME_CHONDROITIN_SULFATE_DERMATAN_SULFATE_METABOLISM,0.279069767,0.115595075
REACTOME_LATENT_INFECTION_OF_HOMO_SAPIENS_WITH_MYCOBACTERIUM_TUBERCULOSIS,0.175102599,0.171682627
REACTOME_SYNTHESIS_OF_PC,0.233242134,0.209302326
REACTOME_HS_GAG_BIOSYNTHESIS,0.006155951,0.250341997
REACTOME_SIGNALING_BY_FGFR3_MUTANTS,1,1
REACTOME_KERATAN_SULFATE_KERATIN_METABOLISM,0.549931601,0.368673051
REACTOME_APOPTOSIS_INDUCED_DNA_FRAGMENTATION,0.060191518,0.339261286
REACTOME_KERATAN_SULFATE_DEGRADATION,1,1
REACTOME_HEPARAN_SULFATE_HEPARIN_HS_GAG_METABOLISM,0.714090287,0.240082079
REACTOME_GLYCOSAMINOGLYCAN_METABOLISM,0.836525308,0.085499316
REACTOME_ACYL_CHAIN_REMODELLING_OF_PG,1,1
REACTOME_ACYL_CHAIN_REMODELLING_OF_PE,0.257181943,0.114911081
REACTOME_ACYL_CHAIN_REMODELLING_OF_PS,1,1
REACTOME_SIGNALING_BY_FGFR_MUTANTS,0.481532148,0.698358413
REACTOME_MHC_CLASS_II_ANTIGEN_PRESENTATION,0.800273598,0.100547196
REACTOME_GLYCEROPHOSPHOLIPID_BIOSYNTHESIS,0.772913817,0.459644323
REACTOME_A_TETRASACCHARIDE_LINKER_SEQUENCE_IS_REQUIRED_FOR_GAG_SYNTHESIS,0.047879617,0.372093023
REACTOME_CDK_MEDIATED_PHOSPHORYLATION_AND_REMOVAL_OF_CDC6,0.02120383,0.025307798
REACTOME_PLATELET_ADHESION_TO_EXPOSED_COLLAGEN,1,1
REACTOME_VEGF_LIGAND_RECEPTOR_INTERACTIONS,1,1
REACTOME_ENOS_ACTIVATION_AND_REGULATION,0.133378933,0.823529412
REACTOME_MICRORNA_MIRNA_BIOGENESIS,0.727770178,0.589603283
REACTOME_NUCLEAR_EVENTS_KINASE_AND_TRANSCRIPTION_FACTOR_ACTIVATION,0.140218878,0.683310534
REACTOME_RETROGRADE_NEUROTROPHIN_SIGNALLING,0.209302326,0.510943912
REACTOME_ERKS_ARE_INACTIVATED,0.128590971,0.387140903
REACTOME_NEGATIVE_REGULATION_OF_THE_PI3K_AKT_NETWORK,1,1
REACTOME_PI3K_AKT_ACTIVATION,0.822845417,0.785909713
REACTOME_REGULATORY_RNA_PATHWAYS,0.779753762,0.530779754
REACTOME_EGFR_DOWNREGULATION,0.516415869,0.841997264
REACTOME_PROCESSING_OF_CAPPED_INTRON_CONTAINING_PRE_MRNA,0.029411765,0.15253078
REACTOME_PECAM1_INTERACTIONS,0.048563611,0.063611491
REACTOME_TCR_SIGNALING,0.603283174,0.196990424
REACTOME_REGULATION_OF_PYRUVATE_DEHYDROGENASE_PDH_COMPLEX,0.413132695,0.482216142
REACTOME_DOWNSTREAM_TCR_SIGNALING,0.461696306,0.429548564
REACTOME_BASIGIN_INTERACTIONS,0.532147743,0.253077975
REACTOME_AKT_PHOSPHORYLATES_TARGETS_IN_THE_CYTOSOL,0.140218878,0.083447332
REACTOME_GAB1_SIGNALOSOME,0.461696306,0.490424077
REACTOME_SHC1_EVENTS_IN_EGFR_SIGNALING,0.69630643,0.459644323
REACTOME_ACTIVATION_OF_THE_MRNA_UPON_BINDING_OF_THE_CAP_BINDING_COMPLEX_AND_EIFS_AND_SUBSEQUENT_BINDING_TO_43S,0.575923393,0.162790698
REACTOME_PHOSPHORYLATION_OF_CD3_AND_TCR_ZETA_CHAINS,1,1
REACTOME_GLUTAMATE_NEUROTRANSMITTER_RELEASE_CYCLE,0.012311902,0.025991792
REACTOME_TRANSLOCATION_OF_ZAP_70_TO_IMMUNOLOGICAL_SYNAPSE,1,1
REACTOME_ERK_MAPK_TARGETS,0.095759234,0.569083447
REACTOME_TIE2_SIGNALING,0.256497948,0.129274966
REACTOME_GENERATION_OF_SECOND_MESSENGER_MOLECULES,0.342681259,0.430232558
REACTOME_GENERIC_TRANSCRIPTION_PATHWAY,0.023255814,0.111491108
REACTOME_RESPONSE_TO_ELEVATED_PLATELET_CYTOSOLIC_CA2_,0.537619699,0.227770178
REACTOME_TRANSPORT_OF_MATURE_TRANSCRIPT_TO_CYTOPLASM,0.146374829,0.844733242
REACTOME_METABOLISM_OF_AMINO_ACIDS_AND_DERIVATIVES,0.332421341,0.285225718
REACTOME_RNA_POL_I_TRANSCRIPTION,0.420656635,0.603967168
REACTOME_FATTY_ACYL_COA_BIOSYNTHESIS,0.251025992,0.428864569
REACTOME_E2F_ENABLED_INHIBITION_OF_PRE_REPLICATION_COMPLEX_FORMATION,1,1
REACTOME_P75NTR_RECRUITS_SIGNALLING_COMPLEXES,0.785225718,0.664158687
REACTOME_BIOLOGICAL_OXIDATIONS,0.593023256,0.848153215
REACTOME_REGULATED_PROTEOLYSIS_OF_P75NTR,0.363885089,0.010943912
REACTOME_TRANSMISSION_ACROSS_CHEMICAL_SYNAPSES,0.834473324,0.642954856
REACTOME_P75NTR_SIGNALS_VIA_NFKB,0.779753762,0.816689466
REACTOME_CASPASE_MEDIATED_CLEAVAGE_OF_CYTOSKELETAL_PROTEINS,0.614227086,0.114911081
REACTOME_XENOBIOTICS,1,1
REACTOME_INTEGRIN_CELL_SURFACE_INTERACTIONS,0.345417237,0.586183311
REACTOME_REGULATION_OF_ORNITHINE_DECARBOXYLASE_ODC,0.116963064,0.030779754
REACTOME_CYTOCHROME_P450_ARRANGED_BY_SUBSTRATE_TYPE,0.063611491,0.041039672
REACTOME_BASE_FREE_SUGAR_PHOSPHATE_REMOVAL_VIA_THE_SINGLE_NUCLEOTIDE_REPLACEMENT_PATHWAY,0.05745554,0.032831737
REACTOME_APOPTOTIC_CLEAVAGE_OF_CELL_ADHESION_PROTEINS,0.108071135,0.214090287
REACTOME_HDL_MEDIATED_LIPID_TRANSPORT,1,1
REACTOME_NRAGE_SIGNALS_DEATH_THROUGH_JNK,0.335157319,0.26128591
REACTOME_SLBP_DEPENDENT_PROCESSING_OF_REPLICATION_DEPENDENT_HISTONE_PRE_MRNAS,0.583447332,0.576607387
REACTOME_NRIF_SIGNALS_CELL_DEATH_FROM_THE_NUCLEUS,0.428864569,0.777017784
REACTOME_REGULATION_OF_APOPTOSIS,0.024623803,0.025307798
REACTOME_RNA_POL_II_TRANSCRIPTION,0.156634747,0.330369357
REACTOME_NEURONAL_SYSTEM,0.841997264,0.410396717
REACTOME_NFKB_IS_ACTIVATED_AND_SIGNALS_SURVIVAL,0.810533516,0.80506156
REACTOME_REGULATION_OF_BETA_CELL_DEVELOPMENT,0.004787962,0.025991792
REACTOME_PHASE1_FUNCTIONALIZATION_OF_COMPOUNDS,0.591655267,0.498632011
REACTOME_RNA_POL_III_TRANSCRIPTION,0.766757866,0.816689466
REACTOME_CELL_DEATH_SIGNALLING_VIA_NRAGE_NRIF_AND_NADE,0.839261286,0.709302326
REACTOME_NEUROTRANSMITTER_RELEASE_CYCLE,0.051983584,0.105335157
REACTOME_P75_NTR_RECEPTOR_MEDIATED_SIGNALLING,0.667578659,0.560875513
REACTOME_AMINO_ACID_TRANSPORT_ACROSS_THE_PLASMA_MEMBRANE,0.212722298,0.175102599
REACTOME_ENDOGENOUS_STEROLS,1,1
REACTOME_REGULATION_OF_GENE_EXPRESSION_IN_BETA_CELLS,0.096443228,0.018467852
REACTOME_GLYCOLYSIS,0.045827633,0.117647059
REACTOME_PROCESSIVE_SYNTHESIS_ON_THE_LAGGING_STRAND,0.33994528,0.067031464
REACTOME_PEPTIDE_CHAIN_ELONGATION,0.638166895,0.322845417
REACTOME_COMMON_PATHWAY,1,1
REACTOME_MRNA_CAPPING,0.728454172,0.432968536
REACTOME_MITOCHONDRIAL_FATTY_ACID_BETA_OXIDATION,0.138166895,0.045143639
REACTOME_SIGNALING_BY_GPCR,0.103967168,0.02872777
REACTOME_PEPTIDE_LIGAND_BINDING_RECEPTORS,0.38372093,0.10875513
REACTOME_METABOLISM_OF_POLYAMINES,0.385772914,0.35499316
REACTOME_CLASS_A1_RHODOPSIN_LIKE_RECEPTORS,0.68125855,0.094391245
REACTOME_NOTCH_HLH_TRANSCRIPTION_PATHWAY,0.023939808,0.324897401
REACTOME_INTEGRATION_OF_ENERGY_METABOLISM,0.39124487,0.483584131
REACTOME_CELL_CYCLE_MITOTIC,0.212722298,0.23119015
REACTOME_GLUCONEOGENESIS,0.059507524,0.078659371
REACTOME_DOPAMINE_NEUROTRANSMITTER_RELEASE_CYCLE,0.003419973,0.002051984
REACTOME_OPIOID_SIGNALLING,0.61627907,0.586867305
REACTOME_RECRUITMENT_OF_MITOTIC_CENTROSOME_PROTEINS_AND_COMPLEXES,0.383036936,0.23255814
REACTOME_MITOCHONDRIAL_TRNA_AMINOACYLATION,0.263337893,0.34746922
REACTOME_CYTOSOLIC_TRNA_AMINOACYLATION,0.76128591,0.255129959
REACTOME_CA_DEPENDENT_EVENTS,0.650478796,0.619699042
REACTOME_ACETYLCHOLINE_NEUROTRANSMITTER_RELEASE_CYCLE,1,1
REACTOME_ADENYLATE_CYCLASE_ACTIVATING_PATHWAY,1,1
REACTOME_ADENYLATE_CYCLASE_INHIBITORY_PATHWAY,1,1
REACTOME_DARPP_32_EVENTS,0.525307798,0.812585499
REACTOME_CHEMOKINE_RECEPTORS_BIND_CHEMOKINES,1,1
REACTOME_LOSS_OF_NLP_FROM_MITOTIC_CENTROSOMES,0.59370725,0.181942544
REACTOME_NEUROTRANSMITTER_RECEPTOR_BINDING_AND_DOWNSTREAM_TRANSMISSION_IN_THE_POSTSYNAPTIC_CELL,0.817373461,0.05129959
REACTOME_CELL_CYCLE_CHECKPOINTS,0.025307798,0.052667579
REACTOME_DIABETES_PATHWAYS,0.685362517,0.02120383
REACTOME_P130CAS_LINKAGE_TO_MAPK_SIGNALING_FOR_INTEGRINS,0.548563611,0.512995896
REACTOME_GLYCOPROTEIN_HORMONES,1,1
REACTOME_NOREPINEPHRINE_NEUROTRANSMITTER_RELEASE_CYCLE,0.006155951,0.003419973
REACTOME_PLC_BETA_MEDIATED_EVENTS,0.532831737,0.841313269
REACTOME_REGULATION_OF_INSULIN_LIKE_GROWTH_FACTOR_IGF_ACTIVITY_BY_INSULIN_LIKE_GROWTH_FACTOR_BINDING_PROTEINS_IGFBPS,0.261969904,0.141586867
REACTOME_GRB2_SOS_PROVIDES_LINKAGE_TO_MAPK_SIGNALING_FOR_INTERGRINS_,0.482900137,0.597811218
REACTOME_PEPTIDE_HORMONE_BIOSYNTHESIS,1,1
REACTOME_G_PROTEIN_ACTIVATION,0.792749658,0.554719562
REACTOME_ACETYLCHOLINE_BINDING_AND_DOWNSTREAM_EVENTS,1,1
REACTOME_ABC_FAMILY_PROTEINS_MEDIATED_TRANSPORT,0.012995896,0.026675787
REACTOME_TRNA_AMINOACYLATION,0.829685363,0.272229822
REACTOME_OLFACTORY_SIGNALING_PATHWAY,1,1
REACTOME_STEROID_HORMONES,0.097811218,0.054719562
REACTOME_PKA_MEDIATED_PHOSPHORYLATION_OF_CREB,0.103967168,0.053351573
REACTOME_RECRUITMENT_OF_NUMA_TO_MITOTIC_CENTROSOMES,0.316689466,0.255813953
REACTOME_AMINE_DERIVED_HORMONES,1,1
REACTOME_TRANSMEMBRANE_TRANSPORT_OF_SMALL_MOLECULES,0,0.023255814
REACTOME_INTEGRIN_ALPHAIIB_BETA3_SIGNALING,0.734610123,0.35499316
REACTOME_NUCLEAR_RECEPTOR_TRANSCRIPTION_PATHWAY,0.299589603,0.416552668
REACTOME_INSULIN_SYNTHESIS_AND_PROCESSING,0.004103967,0.000683995
REACTOME_CYCLIN_E_ASSOCIATED_EVENTS_DURING_G1_S_TRANSITION_,0.036935705,0.108071135
REACTOME_HOMOLOGOUS_RECOMBINATION_REPAIR_OF_REPLICATION_INDEPENDENT_DOUBLE_STRAND_BREAKS,0.14500684,0.084815321
REACTOME_G1_PHASE,0.117647059,0.846101231
REACTOME_ELEVATION_OF_CYTOSOLIC_CA2_LEVELS,1,1
REACTOME_P53_DEPENDENT_G1_DNA_DAMAGE_RESPONSE,0.011627907,0.009575923
REACTOME_TRANSCRIPTION_COUPLED_NER_TC_NER,0.759233926,0.840629275
REACTOME_RNA_POL_II_TRANSCRIPTION_PRE_INITIATION_AND_PROMOTER_OPENING,0.768125855,0.461012312
REACTOME_GLUCAGON_SIGNALING_IN_METABOLIC_REGULATION,0.811901505,0.034883721
REACTOME_MRNA_PROCESSING,0.075239398,0.430232558
REACTOME_SIGNALING_BY_PDGF,0.785909713,0.846101231
REACTOME_ASSOCIATION_OF_TRIC_CCT_WITH_TARGET_PROTEINS_DURING_BIOSYNTHESIS,0.369357045,0.164842681
REACTOME_PREFOLDIN_MEDIATED_TRANSFER_OF_SUBSTRATE_TO_CCT_TRIC,0.365253078,0.25376197
REACTOME_HORMONE_LIGAND_BINDING_RECEPTORS,1,1
REACTOME_GPVI_MEDIATED_ACTIVATION_CASCADE,0.277701778,0.707250342
REACTOME_PROTEIN_FOLDING,0.110123119,0.329001368
REACTOME_FORMATION_OF_TUBULIN_FOLDING_INTERMEDIATES_BY_CCT_TRIC,0.342681259,0.093023256
REACTOME_PEROXISOMAL_LIPID_METABOLISM,0.276333789,0.357729138
REACTOME_POST_CHAPERONIN_TUBULIN_FOLDING_PATHWAY,0.26128591,0.370725034
REACTOME_STRIATED_MUSCLE_CONTRACTION,0.450752394,0.452804378
REACTOME_METABOLISM_OF_NUCLEOTIDES,0.211354309,0.70998632
REACTOME_AMINE_LIGAND_BINDING_RECEPTORS,1,1
REACTOME_METABOLISM_OF_PROTEINS,0.638850889,0.531463748
REACTOME_DOWNSTREAM_SIGNAL_TRANSDUCTION,0.850205198,0.81874145
REACTOME_MUSCLE_CONTRACTION,0.766073871,0.757865937
REACTOME_SEROTONIN_RECEPTORS,1,1
REACTOME_CDC6_ASSOCIATION_WITH_THE_ORC_ORIGIN_COMPLEX,1,1
REACTOME_M_G1_TRANSITION,0.068399453,0.045143639
REACTOME_MRNA_SPLICING,0.44870041,0.205198358
REACTOME_MRNA_SPLICING_MINOR_PATHWAY,0.404240766,0.493160055
REACTOME_3_UTR_MEDIATED_TRANSLATIONAL_REGULATION,0.677154583,0.489056088
REACTOME_PROCESSING_OF_CAPPED_INTRONLESS_PRE_MRNA,0.662790698,0.705198358
REACTOME_PURINE_RIBONUCLEOSIDE_MONOPHOSPHATE_BIOSYNTHESIS,0.255129959,0.029411765
REACTOME_G1_S_TRANSITION,0.024623803,0.024623803
REACTOME_CITRIC_ACID_CYCLE_TCA_CYCLE,0.329001368,0.391928865
REACTOME_TRANSCRIPTION,0.457592339,0.060875513
REACTOME_POL_SWITCHING,0.207250342,0.082763338
REACTOME_NUCLEOTIDE_EXCISION_REPAIR,0.718878249,0.82626539
REACTOME_REGULATION_OF_THE_FANCONI_ANEMIA_PATHWAY,1,1
REACTOME_AXON_GUIDANCE,0.649794802,0.619015048
REACTOME_ACTIVATION_OF_CHAPERONE_GENES_BY_XBP1S,0.228454172,0.029411765
REACTOME_REGULATION_OF_INSULIN_SECRETION_BY_GLUCAGON_LIKE_PEPTIDE1,0.772229822,0.025991792
REACTOME_PERK_REGULATED_GENE_EXPRESSION,0.73871409,0.081395349
REACTOME_G_ALPHA_Q_SIGNALLING_EVENTS,0.374829001,0.017783858
REACTOME_P2Y_RECEPTORS,1,1
REACTOME_TRAFFICKING_OF_AMPA_RECEPTORS,0.248974008,0.476744186
REACTOME_NCAM1_INTERACTIONS,1,1
REACTOME_CLASS_C_3_METABOTROPIC_GLUTAMATE_PHEROMONE_RECEPTORS,1,1
REACTOME_REGULATION_OF_INSULIN_SECRETION,0.533515732,0.632010944
REACTOME_NCAM_SIGNALING_FOR_NEURITE_OUT_GROWTH,0.411080711,0.833105335
REACTOME_INHIBITION_OF_INSULIN_SECRETION_BY_ADRENALINE_NORADRENALINE,0.777701778,0.372093023
REACTOME_NUCLEOTIDE_LIKE_PURINERGIC_RECEPTORS,1,1
REACTOME_ACTIVATION_OF_CHAPERONES_BY_ATF6_ALPHA,0.352941176,0.093023256
REACTOME_TRANSPORT_OF_MATURE_MRNA_DERIVED_FROM_AN_INTRONLESS_TRANSCRIPT,0.423392613,0.461696306
REACTOME_EICOSANOID_LIGAND_BINDING_RECEPTORS,1,1
REACTOME_ACTIVATION_OF_GENES_BY_ATF4,0.708618331,0.119015048
REACTOME_UNFOLDED_PROTEIN_RESPONSE,0.218194254,0.008207934
REACTOME_CLASS_B_2_SECRETIN_FAMILY_RECEPTORS,0.838577291,0.122435021
REACTOME_GLUCAGON_TYPE_LIGAND_RECEPTORS,0.800273598,0.022571819
REACTOME_REGULATION_OF_INSULIN_SECRETION_BY_ACETYLCHOLINE,1,1
REACTOME_G_ALPHA1213_SIGNALLING_EVENTS,0.155950752,0.634062927
REACTOME_FANCONI_ANEMIA_PATHWAY,0.270861833,0.705882353
REACTOME_TRAFFICKING_OF_GLUR2_CONTAINING_AMPA_RECEPTORS,0.469904241,0.140218878
REACTOME_ACTIVATION_OF_CHAPERONE_GENES_BY_ATF6_ALPHA,0.28248974,0.079343365
REACTOME_PROSTANOID_LIGAND_RECEPTORS,1,1
REACTOME_OPSINS,1,1
REACTOME_FORMATION_OF_RNA_POL_II_ELONGATION_COMPLEX_,0.54377565,0.50752394
REACTOME_MRNA_3_END_PROCESSING,0.35499316,0.790697674
REACTOME_POST_TRANSLATIONAL_MODIFICATION_SYNTHESIS_OF_GPI_ANCHORED_PROTEINS,0.151846785,0.270177839
REACTOME_CYCLIN_A_B1_ASSOCIATED_EVENTS_DURING_G2_M_TRANSITION,0.461012312,0.235294118
REACTOME_ELONGATION_ARREST_AND_RECOVERY,0.395348837,0.692886457
REACTOME_SLC_MEDIATED_TRANSMEMBRANE_TRANSPORT,0.074555404,0.049931601
REACTOME_ADP_SIGNALLING_THROUGH_P2RY1,0.73871409,0.675102599
REACTOME_G_BETA_GAMMA_SIGNALLING_THROUGH_PLC_BETA,0.708618331,0.693570451
REACTOME_CD28_CO_STIMULATION,0.190150479,0.801641587
REACTOME_GPCR_DOWNSTREAM_SIGNALING,0.330369357,0.060191518
REACTOME_SYNTHESIS_SECRETION_AND_DEACYLATION_OF_GHRELIN,0.644322845,0.053351573
REACTOME_ADHERENS_JUNCTIONS_INTERACTIONS,0.155266758,0.175102599
REACTOME_CRMPS_IN_SEMA3A_SIGNALING,0.103967168,0.145690834
REACTOME_OTHER_SEMAPHORIN_INTERACTIONS,0.176470588,0.045827633
REACTOME_ACTIVATION_OF_RAC,0.199726402,0.177838577
REACTOME_PURINE_SALVAGE,0.359097127,0.178522572
REACTOME_G_ALPHA_I_SIGNALLING_EVENTS,0.180574555,0.085499316
REACTOME_SEMA3A_PAK_DEPENDENT_AXON_REPULSION,0.798221614,0.265389877
REACTOME_CD28_DEPENDENT_VAV1_PATHWAY,0.090971272,0.138166895
REACTOME_SEMA4D_IN_SEMAPHORIN_SIGNALING,0.515731874,0.7250342
REACTOME_SEMAPHORIN_INTERACTIONS,0.831053352,0.350205198
REACTOME_SEMA4D_INDUCED_CELL_MIGRATION_AND_GROWTH_CONE_COLLAPSE,0.610807114,0.68878249
REACTOME_SEMA3A_PLEXIN_REPULSION_SIGNALING_BY_INHIBITING_INTEGRIN_ADHESION,0.304377565,0.109439124
REACTOME_LYSOSOME_VESICLE_BIOGENESIS,0.114227086,0.822845417
REACTOME_G_BETA_GAMMA_SIGNALLING_THROUGH_PI3KGAMMA,0.799589603,0.824897401
REACTOME_TRANSPORT_OF_GLUCOSE_AND_OTHER_SUGARS_BILE_SALTS_AND_ORGANIC_ACIDS_METAL_IONS_AND_AMINE_COMPOUNDS,0.058823529,0.134062927
REACTOME_SPHINGOLIPID_METABOLISM,0.804377565,0.052667579
REACTOME_PD1_SIGNALING,1,1
REACTOME_G_ALPHA_S_SIGNALLING_EVENTS,0.705198358,0.373461012
REACTOME_CELL_CELL_JUNCTION_ORGANIZATION,0.240766074,0.09370725
REACTOME_G_ALPHA_Z_SIGNALLING_EVENTS,0.323529412,0.272229822
REACTOME_FACILITATIVE_NA_INDEPENDENT_GLUCOSE_TRANSPORTERS,0.036935705,0.020519836
REACTOME_COSTIMULATION_BY_THE_CD28_FAMILY,0.81121751,0.675786594
REACTOME_SIGNALING_BY_ROBO_RECEPTOR,0.541039672,0.785909713
REACTOME_CD28_DEPENDENT_PI3K_AKT_SIGNALING,0.431600547,0.418604651
REACTOME_TIGHT_JUNCTION_INTERACTIONS,0.131326949,0.090971272
REACTOME_G_PROTEIN_BETA_GAMMA_SIGNALLING,0.828317373,0.820793434
REACTOME_TRANSPORT_OF_INORGANIC_CATIONS_ANIONS_AND_AMINO_ACIDS_OLIGOPEPTIDES,0.520519836,0.474008208
REACTOME_GOLGI_ASSOCIATED_VESICLE_BIOGENESIS,0.214090287,0.511627907
REACTOME_CTLA4_INHIBITORY_SIGNALING,0.109439124,0.397400821
REACTOME_FORMATION_OF_TRANSCRIPTION_COUPLED_NER_TC_NER_REPAIR_COMPLEX,0.742818057,0.742818057
REACTOME_AMINO_ACID_AND_OLIGOPEPTIDE_SLC_TRANSPORTERS,0.335841313,0.288645691
REACTOME_CDT1_ASSOCIATION_WITH_THE_CDC6_ORC_ORIGIN_COMPLEX,0.019835841,0.019835841
REACTOME_BRANCHED_CHAIN_AMINO_ACID_CATABOLISM,0.130642955,0.196990424
REACTOME_REPAIR_SYNTHESIS_FOR_GAP_FILLING_BY_DNA_POL_IN_TC_NER,0.38372093,0.09370725
REACTOME_RECEPTOR_LIGAND_BINDING_INITIATES_THE_SECOND_PROTEOLYTIC_CLEAVAGE_OF_NOTCH_RECEPTOR,0.718878249,0.220246238
REACTOME_SYNTHESIS_OF_DNA,0.064295486,0.075923393
REACTOME_NA_CL_DEPENDENT_NEUROTRANSMITTER_TRANSPORTERS,1,1
REACTOME_FORMATION_OF_FIBRIN_CLOT_CLOTTING_CASCADE,0.162790698,0.417236662
REACTOME_DEADENYLATION_OF_MRNA,0.441860465,0.599863201
REACTOME_MRNA_DECAY_BY_5_TO_3_EXORIBONUCLEASE,0.454172367,0.33378933
REACTOME_SIGNAL_AMPLIFICATION,0.822161423,0.664842681
REACTOME_ZINC_TRANSPORTERS,0.040355677,0.024623803
REACTOME_DOUBLE_STRAND_BREAK_REPAIR,0.562927497,0.686730506
REACTOME_RAS_ACTIVATION_UOPN_CA2_INFUX_THROUGH_NMDA_RECEPTOR,0.265389877,0.519835841
REACTOME_METAL_ION_SLC_TRANSPORTERS,0.042407661,0.091655267
REACTOME_AUTODEGRADATION_OF_THE_E3_UBIQUITIN_LIGASE_COP1,0.019151847,0.019151847
REACTOME_SMOOTH_MUSCLE_CONTRACTION,0.720246238,0.834473324
REACTOME_ACTIVATION_OF_NMDA_RECEPTOR_UPON_GLUTAMATE_BINDING_AND_POSTSYNAPTIC_EVENTS,0.337209302,0.828317373
REACTOME_CREB_PHOSPHORYLATION_THROUGH_THE_ACTIVATION_OF_RAS,0.683994528,0.758549932
REACTOME_POST_NMDA_RECEPTOR_ACTIVATION_EVENTS,0.43502052,0.674418605
REACTOME_UNBLOCKING_OF_NMDA_RECEPTOR_GLUTAMATE_BINDING_AND_ACTIVATION,0.045143639,0.032831737
REACTOME_METABOLISM_OF_MRNA,0.678522572,0.58002736
REACTOME_MRNA_DECAY_BY_3_TO_5_EXORIBONUCLEASE,0.398084815,0.039671683
REACTOME_BILE_SALT_AND_ORGANIC_ANION_SLC_TRANSPORTERS,1,1
REACTOME_DEADENYLATION_DEPENDENT_MRNA_DECAY,0.658002736,0.045827633
REACTOME_CREB_PHOSPHORYLATION_THROUGH_THE_ACTIVATION_OF_CAMKII,0.325581395,0.707250342
REACTOME_THROMBOXANE_SIGNALLING_THROUGH_TP_RECEPTOR,0.727086183,0.728454172
REACTOME_CELL_EXTRACELLULAR_MATRIX_INTERACTIONS,0.196990424,0.074555404
REACTOME_ADP_SIGNALLING_THROUGH_P2RY12,0.781805746,0.607387141
REACTOME_CELL_JUNCTION_ORGANIZATION,0.710670315,0.076607387
REACTOME_AMINE_COMPOUND_SLC_TRANSPORTERS,0.038987688,0.073187415
REACTOME_PYRUVATE_METABOLISM,0.82626539,0.662790698
REACTOME_PURINE_CATABOLISM,0.062243502,0.023939808
REACTOME_GLUCOSE_TRANSPORT,0.12380301,0.029411765
REACTOME_FRS2_MEDIATED_CASCADE,0.486320109,0.266073871
REACTOME_METABOLISM_OF_RNA,0.683994528,0.584815321
REACTOME_MITOTIC_G1_G1_S_PHASES,0.028043776,0.09370725
REACTOME_PI_3K_CASCADE,0.705882353,0.585499316
REACTOME_DOWNSTREAM_SIGNALING_OF_ACTIVATED_FGFR,0.820793434,0.688098495
REACTOME_REGULATION_OF_MITOTIC_CELL_CYCLE,0.028043776,0.02872777
REACTOME_TAK1_ACTIVATES_NFKB_BY_PHOSPHORYLATION_AND_ACTIVATION_OF_IKKS_COMPLEX,0.690150479,0.115595075
REACTOME_REGULATION_OF_AMPK_ACTIVITY_VIA_LKB1,0.050615595,0.261969904
REACTOME_MITOTIC_M_M_G1_PHASES,0.218194254,0.272913817
REACTOME_MYOGENESIS,0.38372093,0.190834473
REACTOME_MAP_KINASE_ACTIVATION_IN_TLR_CASCADE,0.033515732,0.760601915
REACTOME_PHOSPHOLIPASE_C_MEDIATED_CASCADE,0.824213406,0.751709986
REACTOME_ACTIVATION_OF_KAINATE_RECEPTORS_UPON_GLUTAMATE_BINDING,0.829685363,0.803009576
REACTOME_IONOTROPIC_ACTIVITY_OF_KAINATE_RECEPTORS,0.519835841,0.669630643
REACTOME_ACTIVATION_OF_THE_AP1_FAMILY_OF_TRANSCRIPTION_FACTORS,0.077975376,0.182626539
REACTOME_MAPK_TARGETS_NUCLEAR_EVENTS_MEDIATED_BY_MAP_KINASES,0.037619699,0.831053352
REACTOME_SYNTHESIS_AND_INTERCONVERSION_OF_NUCLEOTIDE_DI_AND_TRIPHOSPHATES,0.772913817,0.731874145
REACTOME_GPCR_LIGAND_BINDING,0.734610123,0.814637483
REACTOME_RNA_POL_I_RNA_POL_III_AND_MITOCHONDRIAL_TRANSCRIPTION,0.628590971,0.367989056
REACTOME_JNK_C_JUN_KINASES_PHOSPHORYLATION_AND_ACTIVATION_MEDIATED_BY_ACTIVATED_HUMAN_TAK1,0.017783858,0.047195622
REACTOME_SHC_MEDIATED_CASCADE,0.17373461,0.23255814
REACTOME_THROMBIN_SIGNALLING_THROUGH_PROTEINASE_ACTIVATED_RECEPTORS_PARS,0.809165527,0.30369357
REACTOME_ENERGY_DEPENDENT_REGULATION_OF_MTOR_BY_LKB1_AMPK,0.055403557,0.060191518
REACTOME_MITOTIC_G2_G2_M_PHASES,0.576607387,0.272913817
REACTOME_REGULATION_OF_RHEB_GTPASE_ACTIVITY_BY_AMPK,0.062927497,0.056771546
REACTOME_ACTIVATED_TAK1_MEDIATES_P38_MAPK_ACTIVATION,0.080711354,0.186730506
REACTOME_DNA_REPAIR,0.387140903,0.26880985
REACTOME_EFFECTS_OF_PIP2_HYDROLYSIS,0.161422709,0.019151847
REACTOME_RNA_POL_II_PRE_TRANSCRIPTION_EVENTS,0.437072503,0.832421341
REACTOME_ROLE_OF_DCC_IN_REGULATING_APOPTOSIS,0.036935705,0.051983584
REACTOME_POST_TRANSLATIONAL_PROTEIN_MODIFICATION,0.510259918,0.023939808
REACTOME_CHROMOSOME_MAINTENANCE,0.845417237,0.840629275
REACTOME_DEPOSITION_OF_NEW_CENPA_CONTAINING_NUCLEOSOMES_AT_THE_CENTROMERE,0.555403557,0.781121751
REACTOME_L1CAM_INTERACTIONS,0.216826265,0.79753762
REACTOME_ROLE_OF_SECOND_MESSENGERS_IN_NETRIN1_SIGNALING,1,1
REACTOME_SIGNALING_BY_ILS,0.158686731,0.44254446
REACTOME_NETRIN1_SIGNALING,0.149110807,0.302325581
REACTOME_METABOLISM_OF_LIPIDS_AND_LIPOPROTEINS,0.441176471,0.082079343
REACTOME_INTERACTION_BETWEEN_L1_AND_ANKYRINS,0.041723666,0.102599179
REACTOME_SIGNAL_TRANSDUCTION_BY_L1,0.18125855,0.837893297
REACTOME_FATTY_ACID_TRIACYLGLYCEROL_AND_KETONE_BODY_METABOLISM,0.251025992,0.006155951
REACTOME_TRANSPORT_OF_VITAMINS_NUCLEOSIDES_AND_RELATED_MOLECULES,0.097127223,0.172366621
REACTOME_HIGHLY_CALCIUM_PERMEABLE_POSTSYNAPTIC_NICOTINIC_ACETYLCHOLINE_RECEPTORS,1,1
REACTOME_RNA_POL_I_PROMOTER_OPENING,0.266757866,0.794117647
REACTOME_PRESYNAPTIC_NICOTINIC_ACETYLCHOLINE_RECEPTORS,1,1
REACTOME_ORGANIC_CATION_ANION_ZWITTERION_TRANSPORT,1,1
REACTOME_DCC_MEDIATED_ATTRACTIVE_SIGNALING,0.063611491,0.40629275
REACTOME_RECYCLING_PATHWAY_OF_L1,0.518467852,0.314637483
REACTOME_SYNTHESIS_OF_SUBSTRATES_IN_N_GLYCAN_BIOSYTHESIS,0.216142271,0.063611491
REACTOME_RESPIRATORY_ELECTRON_TRANSPORT,0.038987688,0.027359781
REACTOME_ASPARAGINE_N_LINKED_GLYCOSYLATION,0.78248974,0.014363885
REACTOME_ASSEMBLY_OF_THE_PRE_REPLICATIVE_COMPLEX,0.043091655,0.028043776
REACTOME_BIOSYNTHESIS_OF_THE_N_GLYCAN_PRECURSOR_DOLICHOL_LIPID_LINKED_OLIGOSACCHARIDE_LLO_AND_TRANSFER_TO_A_NASCENT_PROTEIN,0.277701778,0.15253078
REACTOME_IL1_SIGNALING,0.495212038,0.256497948
REACTOME_GLOBAL_GENOMIC_NER_GG_NER,0.336525308,0.654582763
REACTOME_CGMP_EFFECTS,0.047879617,0.067031464
REACTOME_REGULATION_OF_SIGNALING_BY_CBL,0.330369357,0.50752394
REACTOME_AMINO_ACID_SYNTHESIS_AND_INTERCONVERSION_TRANSAMINATION,0.2749658,0.181942544
REACTOME_CALNEXIN_CALRETICULIN_CYCLE,0.482900137,0.069767442
REACTOME_SYNTHESIS_SECRETION_AND_INACTIVATION_OF_GIP,0.538303694,0.021887825
REACTOME_PASSIVE_TRANSPORT_BY_AQUAPORINS,1,1
REACTOME_NEPHRIN_INTERACTIONS,0.546511628,0.623119015
REACTOME_IL_3_5_AND_GM_CSF_SIGNALING,0.781805746,0.796853625
REACTOME_NITRIC_OXIDE_STIMULATES_GUANYLATE_CYCLASE,0.062927497,0.135430917
REACTOME_PLATELET_HOMEOSTASIS,0.143638851,0.792065663
REACTOME_N_GLYCAN_TRIMMING_IN_THE_ER_AND_CALNEXIN_CALRETICULIN_CYCLE,0.508207934,0.088235294
REACTOME_PLATELET_SENSITIZATION_BY_LDL,0.136114911,0.599179207
REACTOME_AQUAPORIN_MEDIATED_TRANSPORT,0.375512996,0.79753762
REACTOME_IL_RECEPTOR_SHC_SIGNALING,0.402872777,0.034883721
REACTOME_RAP1_SIGNALLING,0.670314637,0.378932969
REACTOME_PLATELET_CALCIUM_HOMEOSTASIS,0.046511628,0.005471956
REACTOME_SIGNAL_REGULATORY_PROTEIN_SIRP_FAMILY_INTERACTIONS,0.497948016,0.293433653
REACTOME_PROSTACYCLIN_SIGNALLING_THROUGH_PROSTACYCLIN_RECEPTOR,0.346785226,0.304377565
REACTOME_GABA_SYNTHESIS_RELEASE_REUPTAKE_AND_DEGRADATION,0.009575923,0.069767442
REACTOME_INCRETIN_SYNTHESIS_SECRETION_AND_INACTIVATION,0.260601915,0.021887825
REACTOME_TRANSPORT_OF_ORGANIC_ANIONS,1,1
REACTOME_SYNTHESIS_SECRETION_AND_INACTIVATION_OF_GLP1,0.298221614,0.022571819
REACTOME_REGULATION_OF_WATER_BALANCE_BY_RENAL_AQUAPORINS,0.377564979,0.809165527
REACTOME_DESTABILIZATION_OF_MRNA_BY_BRF1,0.149794802,0.313269494
REACTOME_IRAK1_RECRUITS_IKK_COMPLEX,0.018467852,0.010259918
REACTOME_TRAF6_MEDIATED_IRF7_ACTIVATION,0.07250342,0.018467852
REACTOME_CIRCADIAN_CLOCK,0.846101231,0.751025992
REACTOME_TRAF6_MEDIATED_NFKB_ACTIVATION,0.275649795,0.47127223
REACTOME_FACTORS_INVOLVED_IN_MEGAKARYOCYTE_DEVELOPMENT_AND_PLATELET_PRODUCTION,0.835841313,0.71751026
REACTOME_REGULATION_OF_IFNG_SIGNALING,0.241450068,0.39124487
REACTOME_GABA_A_RECEPTOR_ACTIVATION,1,1
REACTOME_REGULATION_OF_MRNA_STABILITY_BY_PROTEINS_THAT_BIND_AU_RICH_ELEMENTS,0.128590971,0.116963064
REACTOME_INHIBITION_OF_VOLTAGE_GATED_CA2_CHANNELS_VIA_GBETA_GAMMA_SUBUNITS,0.237346101,0.636798906
REACTOME_IRAK2_MEDIATED_ACTIVATION_OF_TAK1_COMPLEX_UPON_TLR7_8_OR_9_STIMULATION,0.272913817,0.650478796
REACTOME_TRAF6_MEDIATED_INDUCTION_OF_NFKB_AND_MAP_KINASES_UPON_TLR7_8_OR_9_ACTIVATION,0.000683995,0.677154583
REACTOME_TRAF3_DEPENDENT_IRF_ACTIVATION_PATHWAY,0.08002736,0.197674419
REACTOME_GABA_B_RECEPTOR_ACTIVATION,0.766073871,0.762653899
REACTOME_NFKB_ACTIVATION_THROUGH_FADD_RIP1_PATHWAY_MEDIATED_BY_CASPASE_8_AND10,0.033515732,0.121067031
REACTOME_DESTABILIZATION_OF_MRNA_BY_KSRP,0.239398085,0.239398085
REACTOME_TRANSPORT_TO_THE_GOLGI_AND_SUBSEQUENT_MODIFICATION,0.379616963,0.125854993
REACTOME_IRON_UPTAKE_AND_TRANSPORT,0.189466484,0.316689466
REACTOME_DESTABILIZATION_OF_MRNA_BY_TRISTETRAPROLIN_TTP,0.518467852,0.551983584
REACTOME_INTERFERON_GAMMA_SIGNALING,0.753077975,0.229138167
REACTOME_N_GLYCAN_ANTENNAE_ELONGATION,0.205882353,0.048563611
REACTOME_TRAF6_MEDIATED_IRF7_ACTIVATION_IN_TLR7_8_OR_9_SIGNALING,1,1
REACTOME_ACTIVATION_OF_IRF3_IRF7_MEDIATED_BY_TBK1_IKK_EPSILON,0.437756498,0.340629275
REACTOME_ION_TRANSPORT_BY_P_TYPE_ATPASES,0.66621067,0.242134063
REACTOME_INTERFERON_ALPHA_BETA_SIGNALING,0.487004104,0.422024624
REACTOME_ADVANCED_GLYCOSYLATION_ENDPRODUCT_RECEPTOR_SIGNALING,0.592339261,0.330369357
REACTOME_GABA_RECEPTOR_ACTIVATION,0.754445964,0.621067031
REACTOME_KINESINS,0.200410397,0.307797538
REACTOME_N_GLYCAN_ANTENNAE_ELONGATION_IN_THE_MEDIAL_TRANS_GOLGI,0.16621067,0.103283174
REACTOME_REGULATION_OF_IFNA_SIGNALING,0.377564979,0.247606019
REACTOME_INTERFERON_SIGNALING,0.360465116,0.573187415
REACTOME_NEGATIVE_REGULATORS_OF_RIG_I_MDA5_SIGNALING,0.832421341,0.778385773
REACTOME_NFKB_AND_MAP_KINASES_ACTIVATION_MEDIATED_BY_TLR4_SIGNALING_REPERTOIRE,0.006839945,0.66005472
REACTOME_TRANSFERRIN_ENDOCYTOSIS_AND_RECYCLING,0.055403557,0.064295486
REACTOME_DSCAM_INTERACTIONS,1,1
REACTOME_ION_CHANNEL_TRANSPORT,0.622435021,0.309849521
REACTOME_DESTABILIZATION_OF_MRNA_BY_AUF1_HNRNP_D0,0.110123119,0.091655267
REACTOME_TRAF6_MEDIATED_INDUCTION_OF_TAK1_COMPLEX,0.311901505,0.316689466
REACTOME_RIG_I_MDA5_MEDIATED_INDUCTION_OF_IFN_ALPHA_BETA_PATHWAYS,0.829685363,0.58002736
REACTOME_IKK_COMPLEX_RECRUITMENT_MEDIATED_BY_RIP1,1,1
REACTOME_LIGAND_GATED_ION_CHANNEL_TRANSPORT,1,1
REACTOME_FORMATION_OF_INCISION_COMPLEX_IN_GG_NER,0.342681259,0.698358413
REACTOME_TRANSCRIPTIONAL_REGULATION_OF_WHITE_ADIPOCYTE_DIFFERENTIATION,0.848837209,0.363201094
REACTOME_ENDOSOMAL_SORTING_COMPLEX_REQUIRED_FOR_TRANSPORT_ESCRT,0.789329685,0.55745554
REACTOME_MEIOTIC_RECOMBINATION,0.352257182,0.781121751
REACTOME_IL_2_SIGNALING,0.781121751,0.769493844
REACTOME_IL_6_SIGNALING,0.308481532,0.338577291
REACTOME_PLATELET_AGGREGATION_PLUG_FORMATION,0.64500684,0.402188782
REACTOME_SIGNALING_BY_NOTCH,0.723666211,0.159370725
REACTOME_LAGGING_STRAND_SYNTHESIS,0.562243502,0.070451436
REACTOME_INTRINSIC_PATHWAY,0.206566347,0.09370725
REACTOME_INHIBITION_OF_REPLICATION_INITIATION_OF_DAMAGED_DNA_BY_RB1_E2F1,0.064295486,0.18878249
REACTOME_ETHANOL_OXIDATION,1,1
REACTOME_SYNTHESIS_OF_VERY_LONG_CHAIN_FATTY_ACYL_COAS,0.150478796,0.110123119
REACTOME_DNA_REPLICATION,0.168946648,0.255129959
REACTOME_CLEAVAGE_OF_GROWING_TRANSCRIPT_IN_THE_TERMINATION_REGION_,0.600547196,0.765389877
REACTOME_PKB_MEDIATED_EVENTS,0.255129959,0.357045144
REACTOME_E2F_MEDIATED_REGULATION_OF_DNA_REPLICATION,0.156634747,0.341313269
REACTOME_METABOLISM_OF_CARBOHYDRATES,0.010943912,0.011627907
REACTOME_HORMONE_SENSITIVE_LIPASE_HSL_MEDIATED_TRIACYLGLYCEROL_HYDROLYSIS,0.415868673,0.203146375
REACTOME_SIGNALING_BY_INSULIN_RECEPTOR,0.006839945,0.008207934
REACTOME_SIGNAL_ATTENUATION,0.374145007,0.143638851
REACTOME_PURINE_METABOLISM,0.157318741,0.32626539
REACTOME_SOS_MEDIATED_SIGNALLING,0.710670315,0.300273598
REACTOME_RNA_POL_III_TRANSCRIPTION_INITIATION_FROM_TYPE_3_PROMOTER,0.278385773,0.71751026
REACTOME_APOPTOSIS,0.069083447,0.019835841
REACTOME_LIPID_DIGESTION_MOBILIZATION_AND_TRANSPORT,0.6374829,0.082079343
REACTOME_HEMOSTASIS,0.399452804,0.287277702
REACTOME_INFLUENZA_LIFE_CYCLE,0.65253078,0.497264022
REACTOME_INFLUENZA_VIRAL_RNA_TRANSCRIPTION_AND_REPLICATION,0.617647059,0.430916553
REACTOME_NEP_NS2_INTERACTS_WITH_THE_CELLULAR_EXPORT_MACHINERY,0.324897401,0.296169631
REACTOME_HIV_INFECTION,0.264705882,0.220930233
REACTOME_TRANSPORT_OF_RIBONUCLEOPROTEINS_INTO_THE_HOST_NUCLEUS,0.154582763,0.472640219
REACTOME_HIV_LIFE_CYCLE,0.249658003,0.546511628
REACTOME_ABORTIVE_ELONGATION_OF_HIV1_TRANSCRIPT_IN_THE_ABSENCE_OF_TAT,0.554035568,0.54377565
REACTOME_EARLY_PHASE_OF_HIV_LIFE_CYCLE,0.58002736,0.649110807
REACTOME_HOST_INTERACTIONS_OF_HIV_FACTORS,0.434336525,0.755129959
REACTOME_RNA_POL_III_TRANSCRIPTION_TERMINATION,0.484268126,0.487688098
REACTOME_RESPIRATORY_ELECTRON_TRANSPORT_ATP_SYNTHESIS_BY_CHEMIOSMOTIC_COUPLING_AND_HEAT_PRODUCTION_BY_UNCOUPLING_PROTEINS_,0.234610123,0.12380301
REACTOME_FORMATION_OF_THE_HIV1_EARLY_ELONGATION_COMPLEX,0.758549932,0.35499316
REACTOME_RAF_MAP_KINASE_CASCADE,0.32626539,0.173050616
REACTOME_VIRAL_MESSENGER_RNA_SYNTHESIS,0.405608755,0.517099863
REACTOME_LATE_PHASE_OF_HIV_LIFE_CYCLE,0.055403557,0.771545828
REACTOME_SHC_MEDIATED_SIGNALLING,0.690150479,0.545827633
REACTOME_INTERACTIONS_OF_VPR_WITH_HOST_CELLULAR_PROTEINS,0.270861833,0.802325581
REACTOME_FORMATION_OF_ATP_BY_CHEMIOSMOTIC_COUPLING,0.003419973,0.81121751
REACTOME_APC_C_CDH1_MEDIATED_DEGRADATION_OF_CDC20_AND_OTHER_APC_C_CDH1_TARGETED_PROTEINS_IN_LATE_MITOSIS_EARLY_G1,0.020519836,0.013679891
REACTOME_ACTIVATION_OF_ATR_IN_RESPONSE_TO_REPLICATION_STRESS,0.545143639,0.099863201
REACTOME_UNWINDING_OF_DNA,1,1
REACTOME_APC_C_CDC20_MEDIATED_DEGRADATION_OF_MITOTIC_PROTEINS,0.026675787,0.026675787
REACTOME_GLUCURONIDATION,1,1
REACTOME_AUTODEGRADATION_OF_CDH1_BY_CDH1_APC_C,0.027359781,0.020519836
REACTOME_MYD88_MAL_CASCADE_INITIATED_ON_PLASMA_MEMBRANE,0.006155951,0.677154583
REACTOME_INNATE_IMMUNE_SYSTEM,0.041723666,0.237346101
REACTOME_REGULATION_OF_GLUCOKINASE_BY_GLUCOKINASE_REGULATORY_PROTEIN,0.344733242,0.277701778
REACTOME_MITOTIC_PROMETAPHASE,0.776333789,0.705198358
REACTOME_APC_C_CDC20_MEDIATED_DEGRADATION_OF_CYCLIN_B,0.770177839,0.829685363
REACTOME_SCF_BETA_TRCP_MEDIATED_DEGRADATION_OF_EMI1,0.027359781,0.032831737
REACTOME_LIPOPROTEIN_METABOLISM,0.20998632,0.159370725
REACTOME_G1_S_SPECIFIC_TRANSCRIPTION,0.327633379,0.409712722
REACTOME_THE_ROLE_OF_NEF_IN_HIV1_REPLICATION_AND_DISEASE_PATHOGENESIS,0.576607387,0.365253078
REACTOME_CHYLOMICRON_MEDIATED_LIPID_TRANSPORT,1,1
REACTOME_SIGNALING_BY_TGF_BETA_RECEPTOR_COMPLEX,0.303009576,0.770177839
REACTOME_CONVERSION_FROM_APC_C_CDC20_TO_APC_C_CDH1_IN_LATE_ANAPHASE,0.12380301,0.164158687
REACTOME_ACTIVATED_TLR4_SIGNALLING,0.002735978,0.765389877
REACTOME_IMMUNE_SYSTEM,0.216826265,0.041723666
REACTOME_BINDING_AND_ENTRY_OF_HIV_VIRION,1,1
REACTOME_PHOSPHORYLATION_OF_THE_APC_C,0.097127223,0.105335157
REACTOME_CYTOSOLIC_SULFONATION_OF_SMALL_MOLECULES,1,1
REACTOME_INTEGRATION_OF_PROVIRUS,0.647058824,0.662106703
REACTOME_GLUTATHIONE_CONJUGATION,0.215458276,0.819425445
REACTOME_COMPLEMENT_CASCADE,0.274281806,0.233926129
REACTOME_PHASE_II_CONJUGATION,0.642954856,0.54377565
REACTOME_MTORC1_MEDIATED_SIGNALLING,0.318057456,0.215458276
REACTOME_TOLL_RECEPTOR_CASCADES,0.001367989,0.673050616
REACTOME_ACTIVATION_OF_BH3_ONLY_PROTEINS,0.26880985,0.62995896
REACTOME_GLUCOSE_METABOLISM,0.039671683,0.047195622
REACTOME_RNA_POL_III_CHAIN_ELONGATION,0.4124487,0.575239398
REACTOME_VOLTAGE_GATED_POTASSIUM_CHANNELS,0.02120383,0.02120383
REACTOME_ADAPTIVE_IMMUNE_SYSTEM,0.247606019,0.104651163
REACTOME_NOD1_2_SIGNALING_PATHWAY,0.113543092,0.716826265
REACTOME_CYTOKINE_SIGNALING_IN_IMMUNE_SYSTEM,0.025307798,0.038303694
REACTOME_MEIOTIC_SYNAPSIS,0.816689466,0.758549932
REACTOME_ANTIGEN_PRESENTATION_FOLDING_ASSEMBLY_AND_PEPTIDE_LOADING_OF_CLASS_I_MHC,0.759233926,0.327633379
REACTOME_THE_NLRP3_INFLAMMASOME,1,1
REACTOME_CLASS_I_MHC_MEDIATED_ANTIGEN_PROCESSING_PRESENTATION,0.11627907,0.043091655
REACTOME_NONSENSE_MEDIATED_DECAY_ENHANCED_BY_THE_EXON_JUNCTION_COMPLEX,0.630642955,0.352941176
REACTOME_PIP3_ACTIVATES_AKT_SIGNALING,0.305745554,0.300957592
REACTOME_ANTIGEN_PROCESSING_UBIQUITINATION_PROTEASOME_DEGRADATION,0.043091655,0.024623803
REACTOME_TANDEM_PORE_DOMAIN_POTASSIUM_CHANNELS,1,1
REACTOME_INFLAMMASOMES,0.356361149,0.257181943
REACTOME_POTASSIUM_CHANNELS,0.493160055,0.317373461
REACTOME_NUCLEOTIDE_BINDING_DOMAIN_LEUCINE_RICH_REPEAT_CONTAINING_RECEPTOR_NLR_SIGNALING_PATHWAYS,0.73255814,0.638850889
REACTOME_INWARDLY_RECTIFYING_K_CHANNELS,0.635430917,0.183994528
REACTOME_AMYLOIDS,1,1
REACTOME_PACKAGING_OF_TELOMERE_ENDS,0.112175103,0.70246238
REACTOME_TELOMERE_MAINTENANCE,0.09370725,0.670998632
REACTOME_PLATELET_ACTIVATION_SIGNALING_AND_AGGREGATION,0.834473324,0.390560876
REACTOME_REMOVAL_OF_THE_FLAP_INTERMEDIATE_FROM_THE_C_STRAND,0.46374829,0.081395349
REACTOME_CREATION_OF_C4_AND_C2_ACTIVATORS,1,1
REACTOME_APC_CDC20_MEDIATED_DEGRADATION_OF_NEK2A,0.751709986,0.827633379
REACTOME_INITIAL_TRIGGERING_OF_COMPLEMENT,1,1
REACTOME_EXTENSION_OF_TELOMERES,0.233926129,0.582763338
REACTOME_G2_M_CHECKPOINTS,0.458276334,0.23119015
REACTOME_G2_M_DNA_DAMAGE_CHECKPOINT,0.056087551,0.10875513
REACTOME_S_PHASE,0.069767442,0.239398085
REACTOME_SCFSKP2_MEDIATED_DEGRADATION_OF_P27_P21,0.023939808,0.012995896
REACTOME_TRYPTOPHAN_CATABOLISM,1,1
REACTOME_DNA_STRAND_ELONGATION,0.590971272,0.182626539
REACTOME_RESOLUTION_OF_AP_SITES_VIA_THE_SINGLE_NUCLEOTIDE_REPLACEMENT_PATHWAY,0.287277702,0.018467852
REACTOME_FGFR_LIGAND_BINDING_AND_ACTIVATION,1,1
REACTOME_CHOLESTEROL_BIOSYNTHESIS,0.272229822,0.539671683
REACTOME_APOBEC3G_MEDIATED_RESISTANCE_TO_HIV1_INFECTION,1,1
REACTOME_GAP_JUNCTION_TRAFFICKING,0.294801642,0.189466484
REACTOME_FGFR2C_LIGAND_BINDING_AND_ACTIVATION,1,1
REACTOME_METABOLISM_OF_PORPHYRINS,0.391928865,0.109439124
REACTOME_FGFR4_LIGAND_BINDING_AND_ACTIVATION,1,1
REACTOME_VIF_MEDIATED_DEGRADATION_OF_APOBEC3G,0.019835841,0.026675787
REACTOME_SIGNALING_BY_FGFR,0.24623803,0.816005472
REACTOME_DIGESTION_OF_DIETARY_CARBOHYDRATE,1,1
REACTOME_FGFR1_LIGAND_BINDING_AND_ACTIVATION,1,1
REACTOME_GAP_JUNCTION_ASSEMBLY,1,1
REACTOME_SYNTHESIS_OF_GLYCOSYLPHOSPHATIDYLINOSITOL_GPI,0.151846785,0.025991792
REACTOME_RNA_POL_I_TRANSCRIPTION_INITIATION,0.060191518,0.70246238
REACTOME_PYRIMIDINE_METABOLISM,0.352257182,0.125170999
REACTOME_INTRINSIC_PATHWAY_FOR_APOPTOSIS,0.690834473,0.695622435
REACTOME_PI3K_CASCADE,0.023255814,0.011627907
REACTOME_APOPTOTIC_EXECUTION_PHASE,0.573187415,0.783857729
REACTOME_SHC_RELATED_EVENTS,0.027359781,0.016415869
NABA_COLLAGENS,1,1
NABA_ECM_GLYCOPROTEINS,0.233242134,0.183310534
NABA_ECM_REGULATORS,0.459644323,0.227770178
NABA_ECM_AFFILIATED,0.313953488,0.549247606
NABA_PROTEOGLYCANS,1,1
NABA_SECRETED_FACTORS,0.001367989,0.001367989
NABA_CORE_MATRISOME,0.238030096,0.129274966
NABA_MATRISOME_ASSOCIATED,0.018467852,0.014363885
NABA_BASEMENT_MEMBRANES,0.033515732,0.575239398
NABA_MATRISOME,0.011627907,0.019835841
